Ano;Unidade Orçamentária;Nome da UO;Sigla UO;Classificação da Receita;Descrição da Receita;Categoria;Origem;Espécie;Rubrica;Alínea;Subalínea;Tipo de Receita;Item;Subitem;Fonte;Valor LDO;Valor LOA;Metodologia de cálculo e premissas utilizadas
2027;1011;ASSEMBLEIA LEGISLATIVA DO ESTADO DE MINAS GERAIS;ALMG;1.3.2.1.01.0.1.01.000;REMUNERAÇÃO DEPÓSITOS BANCÁRIOS - PRINC.;1;3;2;1;1;0;1;1;0;60;23500000;23500000;Considerando previsoes de queda da SELIC e possivel utilizacao do principal
2027;1011;ASSEMBLEIA LEGISLATIVA DO ESTADO DE MINAS GERAIS;ALMG;1.3.6.1.01.1.1.01.000;CESSÃO DIR. OPERAC. PAG. - PODERES EXECUTIVO LEGISLATIVO - PRINC. - FOLHA DE PESSOAL;1;3;6;1;1;1;1;1;0;60;140000;140000;Foi adotada uma estimativa conservadora com base exclusivamente nos valores atualmente contratados com a instituicao financeira responsavel pela folha de pagamento
2027;1011;ASSEMBLEIA LEGISLATIVA DO ESTADO DE MINAS GERAIS;ALMG;1.9.2.2.99.0.1.99.000;OUTRAS RESTITUIÇÕES - PRINC. - DEMAIS;1;9;2;2;99;0;1;99;0;60;760000;760000;Foi feita uma estimativa baseada em valores arrecadados em anos anteriores
2027;1011;ASSEMBLEIA LEGISLATIVA DO ESTADO DE MINAS GERAIS;ALMG;1.9.9.9.99.2.1.99.000;OUTRAS REC. - PRIMÁRIAS - PRINC. - DEMAIS;1;9;9;9;99;2;1;99;0;60;600000;600000;Foi feita uma estimativa baseada em valores arrecadados em anos anteriores
2027;1021;TRIBUNAL DE CONTAS DO ESTADO DE MINAS GERAIS;TCEMG;1.3.2.1.01.0.1.01.000;REMUNERAÇÃO DEPÓSITOS BANCÁRIOS - PRINC.;1;3;2;1;1;0;1;1;0;60;40981479;40981479;Remuneração depósitos bancários 2026  corrigido em 93,4% da Taxa Selic prevista para 2027 10,5% - B Focus 27/03/2026 - Demais vr. projetado 2026 corrigido pelo IPCA 2027 -3,84%
2027;1021;TRIBUNAL DE CONTAS DO ESTADO DE MINAS GERAIS;TCEMG;1.3.6.1.01.1.1.01.000;CESSÃO DIR. OPERAC. PAG. - PODERES EXECUTIVO LEGISLATIVO - PRINC. - FOLHA DE PESSOAL;1;3;6;1;1;1;1;1;0;60;17000000;17000000;Base da última cessão do direito de operacionalização de pagamentos + correção IPCA.
2027;1021;TRIBUNAL DE CONTAS DO ESTADO DE MINAS GERAIS;TCEMG;1.9.2.1.99.0.1.99.000;OUTRAS INDENIZAÇÕES - PRINC. - DEMAIS;1;9;2;1;99;0;1;99;0;60;1000;1000;Necessário abrir registro de receita em caso de necessidade de lançamento. 
2027;1021;TRIBUNAL DE CONTAS DO ESTADO DE MINAS GERAIS;TCEMG;1.9.2.2.06.3.1.99.000;RESTITUIÇÃO DESPESAS PRIMÁRIAS EXERCÍCIOS ANTERIORES - PRINC. - DEMAIS;1;9;2;2;6;3;1;99;0;60;797594;797594;Média últimos 3 anos  Rem. Dep. Bancário corrigido em 93,4%  da Taxa Selic prevista 2027 de 10,5% - B Focus 27/03/26 - Demais vr. projetado 2026 corrigido pelo IPCA 2027 -3,84%
2027;1021;TRIBUNAL DE CONTAS DO ESTADO DE MINAS GERAIS;TCEMG;1.9.2.2.99.0.1.99.000;OUTRAS RESTITUIÇÕES - PRINC. - DEMAIS;1;9;2;2;99;0;1;99;0;60;500;500;Necessário abrir registro de receita em caso de necessidade de lançamento. 
2027;1021;TRIBUNAL DE CONTAS DO ESTADO DE MINAS GERAIS;TCEMG;1.9.9.9.99.2.2.99.000;OUTRAS REC. - PRIMÁRIAS - MJM - DEMAIS;1;9;9;9;99;2;2;99;0;60;500;500;Necessário abrir registro de receita em caso de necessidade de lançamento. 
2027;1031;TRIBUNAL DE JUSTIÇA DO ESTADO DE MINAS GERAIS;TJMG;1.3.2.1.01.0.1.01.000;REMUNERAÇÃO DEPÓSITOS BANCÁRIOS - PRINC.;1;3;2;1;1;0;1;1;0;60;103981504;398319929;Após previsto o saldo para  final de dezembro/26 no Fluxo de Caixa, foi confeccionada a planilha de previsão dos saldos mensais ao longo do ano de 2027 seguindo a tendência de evolução,conforme as projeções de entradas e saídas de recursos. Sobre esses saldos foram aplicadas as rentabilidades previstas para os fundos de acordo com a evolução da taxa Selic/CDI previstas para 2027 ( Projeções obtidas por pesquisa  ao mercado financeiro, relatório Focus e as Assets do Itaú, BB e CEF).
2027;1031;TRIBUNAL DE JUSTIÇA DO ESTADO DE MINAS GERAIS;TJMG;1.9.2.2.99.0.1.99.000;OUTRAS RESTITUIÇÕES - PRINC. - DEMAIS;1;9;2;2;99;0;1;99;0;60;567806;616221;Valor estimado a partir da média da receita realizada nos últimos três anos (2023, 2024 e 2025), com projeção para os anos de 2026 e 2027 pelo PIB somado ao IPCA previstos para os respectivos anos, conforme Boletim Focus de 10/04/2026. Receita com arrecadação irregular ao longo dos anos.
2027;1031;TRIBUNAL DE JUSTIÇA DO ESTADO DE MINAS GERAIS;TJMG;1.9.9.9.99.2.1.99.000;OUTRAS REC. - PRIMÁRIAS - PRINC. - DEMAIS;1;9;9;9;99;2;1;99;0;60;100617;102362;Valor estimado a partir da média da receita realizada nos últimos três anos (2023, 2024 e 2025), com projeção para os anos de 2026 e 2027 pelo PIB somado ao IPCA previstos para os respectivos anos, conforme Boletim Focus de 10/04/2026. Receita com arrecadação irregular ao longo dos anos.
2027;1051;TRIBUNAL DE JUSTIÇA MILITAR DO ESTADO DE MINAS GERAIS;TJMMG;1.3.2.1.01.0.1.01.000;REMUNERAÇÃO DEPÓSITOS BANCÁRIOS - PRINC.;1;3;2;1;1;0;1;1;0;60;3846000;3846000;Valor projetado com base na média do primeiro trimestre do ano corrente corrigida pela tx. Selic projetada de acordo com relatório FOCUS - BACEN de 10/04/2026
2027;1051;TRIBUNAL DE JUSTIÇA MILITAR DO ESTADO DE MINAS GERAIS;TJMMG;1.3.6.1.01.2.1.01.000;CESSÃO DIR. OPERAC. PAG. - PODER JUDICIÁRIO - PRINC. - FOLHA DE PESSOAL;1;3;6;1;1;2;1;1;0;60;158000;158000;Valor da parcela anual estimada com base na tx. Selic projetada de acordo com o último relatório FOCUS - BACEN
2027;1051;TRIBUNAL DE JUSTIÇA MILITAR DO ESTADO DE MINAS GERAIS;TJMMG;1.6.1.1.01.0.1.13.000;SERVIÇOS ADM. COMERC. GER. - PRINC. - FOTOCÓPIAS E CÓPIAS HELIOGRÁFICAS;1;6;1;1;1;0;1;13;0;60;50;50;Valor projetado considerando a expectativa de arrecadação com o serviço de fotocópias
2027;1051;TRIBUNAL DE JUSTIÇA MILITAR DO ESTADO DE MINAS GERAIS;TJMMG;1.6.1.1.01.0.1.99.001;SERVIÇOS ADM. COMERC. GER. - PRINC. - DEMAIS - SERVIÇOS ADMINISTRATIVOS;1;6;1;1;1;0;1;99;1;60;265;265;Valor projetado com base na arrecadação no exercício anterior
2027;1051;TRIBUNAL DE JUSTIÇA MILITAR DO ESTADO DE MINAS GERAIS;TJMMG;1.6.1.1.03.0.1.04.000;SERVIÇOS REG. CERTIF. FISCALIZ. - PRINC. - EXPEDIÇÃO DE CERTIFICADOS;1;6;1;1;3;0;1;4;0;60;40;40;Valor projetado com base na arrecadação no exercício anterior
2027;1051;TRIBUNAL DE JUSTIÇA MILITAR DO ESTADO DE MINAS GERAIS;TJMMG;1.9.2.2.99.0.1.99.000;OUTRAS RESTITUIÇÕES - PRINC. - DEMAIS;1;9;2;2;99;0;1;99;0;60;5645;5645;Valor projetado com base na arrecadação no exercício anterior
2027;1071;GABINETE MILITAR DO GOVERNADOR DO ESTADO DE MINAS GERAIS;GABINETE MILITAR;1.3.2.1.01.0.1.01.000;REMUNERAÇÃO DEPÓSITOS BANCÁRIOS - PRINC.;1;3;2;1;1;0;1;1;0;57;1000;1000;VALOR ESTIMADO COM BASE NOS INSTRUMENTOS JURÍDICOS VIGENTES, NAS RESPECTIVAS PREVISÕES DE INGRESSO DE RECURSOS E, QUANDO APLICÁVEL, EM PROPOSTAS DE NOVOS INSTRUMENTOS EM ANÁLISE OU EM FASE DE FORMALIZAÇÃO JUNTO AOS CONCEDENTES.
2027;1071;GABINETE MILITAR DO GOVERNADOR DO ESTADO DE MINAS GERAIS;GABINETE MILITAR;1.3.2.1.01.0.1.01.000;REMUNERAÇÃO DEPÓSITOS BANCÁRIOS - PRINC.;1;3;2;1;1;0;1;1;0;98;1000;1000;VALOR ESTIMADO COM BASE NOS INSTRUMENTOS JURÍDICOS VIGENTES, NAS RESPECTIVAS PREVISÕES DE INGRESSO DE RECURSOS E, QUANDO APLICÁVEL, EM PROPOSTAS DE NOVOS INSTRUMENTOS EM ANÁLISE OU EM FASE DE FORMALIZAÇÃO JUNTO AOS CONCEDENTES.
2027;1071;GABINETE MILITAR DO GOVERNADOR DO ESTADO DE MINAS GERAIS;GABINETE MILITAR;1.7.1.9.55.0.1.01.000;SEGURANÇA PÚBLICA - MINISTÉRIO DO DESENVOLVIMENTO REGIONAL;1;7;1;9;55;0;1;1;0;57;3000000;3000000;VALOR ESTIMADO COM BASE NOS INSTRUMENTOS JURÍDICOS VIGENTES, NAS RESPECTIVAS PREVISÕES DE INGRESSO DE RECURSOS E, QUANDO APLICÁVEL, EM PROPOSTAS DE NOVOS INSTRUMENTOS EM ANÁLISE OU EM FASE DE FORMALIZAÇÃO JUNTO AOS CONCEDENTES.
2027;1071;GABINETE MILITAR DO GOVERNADOR DO ESTADO DE MINAS GERAIS;GABINETE MILITAR;1.9.2.2.99.0.1.99.000;OUTRAS RESTITUIÇÕES - PRINC. - DEMAIS;1;9;2;2;99;0;1;99;0;57;1000;1000;VALOR ESTIMADO COM BASE NOS INSTRUMENTOS JURÍDICOS VIGENTES, NAS RESPECTIVAS PREVISÕES DE INGRESSO DE RECURSOS E, QUANDO APLICÁVEL, EM PROPOSTAS DE NOVOS INSTRUMENTOS EM ANÁLISE OU EM FASE DE FORMALIZAÇÃO JUNTO AOS CONCEDENTES.
2027;1071;GABINETE MILITAR DO GOVERNADOR DO ESTADO DE MINAS GERAIS;GABINETE MILITAR;1.9.2.2.99.0.1.99.000;OUTRAS RESTITUIÇÕES - PRINC. - DEMAIS;1;9;2;2;99;0;1;99;0;98;1000;1000;VALOR ESTIMADO COM BASE NOS INSTRUMENTOS JURÍDICOS VIGENTES, NAS RESPECTIVAS PREVISÕES DE INGRESSO DE RECURSOS E, QUANDO APLICÁVEL, EM PROPOSTAS DE NOVOS INSTRUMENTOS EM ANÁLISE OU EM FASE DE FORMALIZAÇÃO JUNTO AOS CONCEDENTES.
2027;1071;GABINETE MILITAR DO GOVERNADOR DO ESTADO DE MINAS GERAIS;GABINETE MILITAR;2.4.1.9.51.0.1.01.000;TRANSF. ESPECIAL UNIÃO - PRINC. - EMENDAS PARLAMENTARES INDIVIDUAIS;2;4;1;9;51;0;1;1;0;98;1000;1000;VALOR ESTIMADO COM BASE NOS INSTRUMENTOS JURÍDICOS VIGENTES, NAS RESPECTIVAS PREVISÕES DE INGRESSO DE RECURSOS E, QUANDO APLICÁVEL, EM PROPOSTAS DE NOVOS INSTRUMENTOS EM ANÁLISE OU EM FASE DE FORMALIZAÇÃO JUNTO AOS CONCEDENTES.
2027;1081;ADVOCACIA GERAL DO ESTADO;AGE;1.3.2.1.01.0.1.01.000;REMUNERAÇÃO DEPÓSITOS BANCÁRIOS - PRINC.;1;3;2;1;1;0;1;1;0;9;101000;101000;VALOR ESTIMADO COM BASE NOS INSTRUMENTOS JURÍDICOS VIGENTES, NAS RESPECTIVAS PREVISÕES DE INGRESSO DE RECURSOS E, QUANDO APLICÁVEL, EM PROPOSTAS DE NOVOS INSTRUMENTOS EM ANÁLISE OU EM FASE DE FORMALIZAÇÃO JUNTO AOS CONCEDENTES.
2027;1081;ADVOCACIA GERAL DO ESTADO;AGE;1.3.2.1.01.0.1.01.000;REMUNERAÇÃO DEPÓSITOS BANCÁRIOS - PRINC.;1;3;2;1;1;0;1;1;0;57;51000;51000;VALOR ESTIMADO COM BASE NOS INSTRUMENTOS JURÍDICOS VIGENTES, NAS RESPECTIVAS PREVISÕES DE INGRESSO DE RECURSOS E, QUANDO APLICÁVEL, EM PROPOSTAS DE NOVOS INSTRUMENTOS EM ANÁLISE OU EM FASE DE FORMALIZAÇÃO JUNTO AOS CONCEDENTES.
2027;1081;ADVOCACIA GERAL DO ESTADO;AGE;1.7.4.1.99.0.1.34.999;ADM. ATIV. FISCAL - OUTROS;1;7;4;1;99;0;1;34;999;9;0;3282735;VALOR ESTIMADO COM BASE NOS INSTRUMENTOS JURÍDICOS VIGENTES, NAS RESPECTIVAS PREVISÕES DE INGRESSO DE RECURSOS E, QUANDO APLICÁVEL, EM PROPOSTAS DE NOVOS INSTRUMENTOS EM ANÁLISE OU EM FASE DE FORMALIZAÇÃO JUNTO AOS CONCEDENTES.
2027;1081;ADVOCACIA GERAL DO ESTADO;AGE;1.9.2.2.99.0.1.99.000;OUTRAS RESTITUIÇÕES - PRINC. - DEMAIS;1;9;2;2;99;0;1;99;0;9;1000;1000;VALOR ESTIMADO COM BASE NOS INSTRUMENTOS JURÍDICOS VIGENTES, NAS RESPECTIVAS PREVISÕES DE INGRESSO DE RECURSOS E, QUANDO APLICÁVEL, EM PROPOSTAS DE NOVOS INSTRUMENTOS EM ANÁLISE OU EM FASE DE FORMALIZAÇÃO JUNTO AOS CONCEDENTES.
2027;1081;ADVOCACIA GERAL DO ESTADO;AGE;1.9.2.2.99.0.1.99.000;OUTRAS RESTITUIÇÕES - PRINC. - DEMAIS;1;9;2;2;99;0;1;99;0;57;1000;1000;VALOR ESTIMADO COM BASE NOS INSTRUMENTOS JURÍDICOS VIGENTES, NAS RESPECTIVAS PREVISÕES DE INGRESSO DE RECURSOS E, QUANDO APLICÁVEL, EM PROPOSTAS DE NOVOS INSTRUMENTOS EM ANÁLISE OU EM FASE DE FORMALIZAÇÃO JUNTO AOS CONCEDENTES.
2027;1081;ADVOCACIA GERAL DO ESTADO;AGE;2.4.1.9.99.0.1.06.001;AÇÕES ESSENCIAIS JUSTIÇA - TRIBUNAL REGIONAL DO TRABALHO DA 3 REGIÃO - TRT3;2;4;1;9;99;0;1;6;1;57;1550000;1550000;VALOR ESTIMADO COM BASE NOS INSTRUMENTOS JURÍDICOS VIGENTES, NAS RESPECTIVAS PREVISÕES DE INGRESSO DE RECURSOS E, QUANDO APLICÁVEL, EM PROPOSTAS DE NOVOS INSTRUMENTOS EM ANÁLISE OU EM FASE DE FORMALIZAÇÃO JUNTO AOS CONCEDENTES.
2027;1081;ADVOCACIA GERAL DO ESTADO;AGE;2.4.4.1.99.0.1.33.999;AÇÕES ESSENCIAIS JUSTIÇA - OUTROS;2;4;4;1;99;0;1;33;999;9;1000000;1000000;VALOR ESTIMADO COM BASE NOS INSTRUMENTOS JURÍDICOS VIGENTES, NAS RESPECTIVAS PREVISÕES DE INGRESSO DE RECURSOS E, QUANDO APLICÁVEL, EM PROPOSTAS DE NOVOS INSTRUMENTOS EM ANÁLISE OU EM FASE DE FORMALIZAÇÃO JUNTO AOS CONCEDENTES.
2027;1081;ADVOCACIA GERAL DO ESTADO;AGE;2.4.4.1.99.0.1.34.999;ADM. ATIV. FISCAL - OUTROS;2;4;4;1;99;0;1;34;999;9;0;112719;VALOR ESTIMADO COM BASE NOS INSTRUMENTOS JURÍDICOS VIGENTES, NAS RESPECTIVAS PREVISÕES DE INGRESSO DE RECURSOS E, QUANDO APLICÁVEL, EM PROPOSTAS DE NOVOS INSTRUMENTOS EM ANÁLISE OU EM FASE DE FORMALIZAÇÃO JUNTO AOS CONCEDENTES.
2027;1091;PROCURADORIA GERAL DE JUSTIÇA;PGJ;1.3.1.1.01.1.1.01.000;ALUGUÉIS ARRENDAMENTOS - PRINC. - ALUGUÉIS;1;3;1;1;1;1;1;1;0;60;26000;26000;A projeção foi baseada na série histórica de arrecadação das receitas no exercício de 2025
2027;1091;PROCURADORIA GERAL DE JUSTIÇA;PGJ;1.3.2.1.01.0.1.01.000;REMUNERAÇÃO DEPÓSITOS BANCÁRIOS - PRINC.;1;3;2;1;1;0;1;1;0;47;645000;645000;A projeção foi baseada na série histórica de arrecadação das receitas no exercício de 2025
2027;1091;PROCURADORIA GERAL DE JUSTIÇA;PGJ;1.3.2.1.01.0.1.01.000;REMUNERAÇÃO DEPÓSITOS BANCÁRIOS - PRINC.;1;3;2;1;1;0;1;1;0;60;63500000;63500000;A projeção foi baseada na série histórica de arrecadação das receitas no exercício de 2025
2027;1091;PROCURADORIA GERAL DE JUSTIÇA;PGJ;1.7.1.9.99.0.1.99.999;OUTRAS TRANSF. UNIÃO ENTIDADES - PRINC. - DEMAIS - OUTROS;1;7;1;9;99;0;1;99;999;24;1915000;1915000;Convênio celebrado com o FUNPEN, visando expandir e qualificar o atendimento às vítimas de crimes em Minas Gerais, garantindo acesso à informação, apoio psicossocial e jurídico, bem como articulação com a rede de proteção, com apoio do Programa Recomeçar. 
2027;1091;PROCURADORIA GERAL DE JUSTIÇA;PGJ;1.9.1.1.09.0.1.99.000;MULTAS JUROS PREVISTOS CONTRATOS - PRINC. - DEMAIS;1;9;1;1;9;0;1;99;0;60;3708000;3708000;Processos administrativos de responsabilização de fornecedores em tramite que poderão resultar em receitas para esta Instituição.
2027;1091;PROCURADORIA GERAL DE JUSTIÇA;PGJ;1.9.2.1.03.0.1.01.000;INDENIZAÇÃO SINISTRO - PRINC.;1;9;2;1;3;0;1;1;0;60;446000;446000;A projeção foi baseada na série histórica de arrecadação das receitas no exercício de 2025
2027;1091;PROCURADORIA GERAL DE JUSTIÇA;PGJ;1.9.2.2.99.0.1.99.000;OUTRAS RESTITUIÇÕES - PRINC. - DEMAIS;1;9;2;2;99;0;1;99;0;60;233000;233000;A projeção foi baseada na série histórica de arrecadação das receitas no exercício de 2025
2027;1091;PROCURADORIA GERAL DE JUSTIÇA;PGJ;2.4.3.2.99.0.1.05.001;AÇÕES ESSENCIAIS JUSTIÇA - DIVERSOS MUNICÍPIOS;2;4;3;2;99;0;1;5;1;70;6500000;6500000;Convênios com municípios diversos visando a construção de Sede Propria de Promotoria de Justiça na cidade. 
2027;1191;SECRETARIA DE ESTADO DE FAZENDA;SEF;1.3.2.1.01.0.1.01.000;REMUNERAÇÃO DEPÓSITOS BANCÁRIOS - PRINC.;1;3;2;1;1;0;1;1;0;9;1000;1000;VALOR ESTIMADO COM BASE NOS INSTRUMENTOS JURÍDICOS VIGENTES, NAS RESPECTIVAS PREVISÕES DE INGRESSO DE RECURSOS E, QUANDO APLICÁVEL, EM PROPOSTAS DE NOVOS INSTRUMENTOS EM ANÁLISE OU EM FASE DE FORMALIZAÇÃO JUNTO AOS CONCEDENTES.
2027;1191;SECRETARIA DE ESTADO DE FAZENDA;SEF;1.3.2.1.01.0.1.01.000;REMUNERAÇÃO DEPÓSITOS BANCÁRIOS - PRINC.;1;3;2;1;1;0;1;1;0;74;1000;1000;VALOR ESTIMADO COM BASE NOS INSTRUMENTOS JURÍDICOS VIGENTES, NAS RESPECTIVAS PREVISÕES DE INGRESSO DE RECURSOS E, QUANDO APLICÁVEL, EM PROPOSTAS DE NOVOS INSTRUMENTOS EM ANÁLISE OU EM FASE DE FORMALIZAÇÃO JUNTO AOS CONCEDENTES.
2027;1191;SECRETARIA DE ESTADO DE FAZENDA;SEF;1.7.4.1.99.0.1.34.999;ADM. ATIV. FISCAL - OUTROS;1;7;4;1;99;0;1;34;999;9;1000;1000;VALOR ESTIMADO COM BASE NOS INSTRUMENTOS JURÍDICOS VIGENTES, NAS RESPECTIVAS PREVISÕES DE INGRESSO DE RECURSOS E, QUANDO APLICÁVEL, EM PROPOSTAS DE NOVOS INSTRUMENTOS EM ANÁLISE OU EM FASE DE FORMALIZAÇÃO JUNTO AOS CONCEDENTES.
2027;1191;SECRETARIA DE ESTADO DE FAZENDA;SEF;1.9.2.2.99.0.1.99.000;OUTRAS RESTITUIÇÕES - PRINC. - DEMAIS;1;9;2;2;99;0;1;99;0;9;1000;1000;VALOR ESTIMADO COM BASE NOS INSTRUMENTOS JURÍDICOS VIGENTES, NAS RESPECTIVAS PREVISÕES DE INGRESSO DE RECURSOS E, QUANDO APLICÁVEL, EM PROPOSTAS DE NOVOS INSTRUMENTOS EM ANÁLISE OU EM FASE DE FORMALIZAÇÃO JUNTO AOS CONCEDENTES.
2027;1191;SECRETARIA DE ESTADO DE FAZENDA;SEF;1.9.2.2.99.0.1.99.000;OUTRAS RESTITUIÇÕES - PRINC. - DEMAIS;1;9;2;2;99;0;1;99;0;74;1000;1000;VALOR ESTIMADO COM BASE NOS INSTRUMENTOS JURÍDICOS VIGENTES, NAS RESPECTIVAS PREVISÕES DE INGRESSO DE RECURSOS E, QUANDO APLICÁVEL, EM PROPOSTAS DE NOVOS INSTRUMENTOS EM ANÁLISE OU EM FASE DE FORMALIZAÇÃO JUNTO AOS CONCEDENTES.
2027;1191;SECRETARIA DE ESTADO DE FAZENDA;SEF;2.4.4.1.99.0.1.07.001;ADM. ATIV. FISCAL - EMPRESAS DO SETOR SUCROENERGÉTICO;2;4;4;1;99;0;1;7;1;74;17900000;17900000;VALOR ESTIMADO COM BASE NOS INSTRUMENTOS JURÍDICOS VIGENTES, NAS RESPECTIVAS PREVISÕES DE INGRESSO DE RECURSOS E, QUANDO APLICÁVEL, EM PROPOSTAS DE NOVOS INSTRUMENTOS EM ANÁLISE OU EM FASE DE FORMALIZAÇÃO JUNTO AOS CONCEDENTES.
2027;1191;SECRETARIA DE ESTADO DE FAZENDA;SEF;2.4.4.1.99.0.1.34.999;ADM. ATIV. FISCAL - OUTROS;2;4;4;1;99;0;1;34;999;9;1000;1000;VALOR ESTIMADO COM BASE NOS INSTRUMENTOS JURÍDICOS VIGENTES, NAS RESPECTIVAS PREVISÕES DE INGRESSO DE RECURSOS E, QUANDO APLICÁVEL, EM PROPOSTAS DE NOVOS INSTRUMENTOS EM ANÁLISE OU EM FASE DE FORMALIZAÇÃO JUNTO AOS CONCEDENTES.
2027;1221;SECRETARIA DE ESTADO DE DESENVOLVIMENTO ECONÔMICO;SEDE;1.3.2.1.01.0.1.01.000;REMUNERAÇÃO DEPÓSITOS BANCÁRIOS - PRINC.;1;3;2;1;1;0;1;1;0;24;221610;221610;VALOR ESTIMADO COM BASE NOS INSTRUMENTOS JURÍDICOS VIGENTES, NAS RESPECTIVAS PREVISÕES DE INGRESSO DE RECURSOS E, QUANDO APLICÁVEL, EM PROPOSTAS DE NOVOS INSTRUMENTOS EM ANÁLISE OU EM FASE DE FORMALIZAÇÃO JUNTO AOS CONCEDENTES.
2027;1221;SECRETARIA DE ESTADO DE DESENVOLVIMENTO ECONÔMICO;SEDE;1.3.2.1.01.0.1.01.000;REMUNERAÇÃO DEPÓSITOS BANCÁRIOS - PRINC.;1;3;2;1;1;0;1;1;0;98;21376;21376;VALOR ESTIMADO COM BASE NOS INSTRUMENTOS JURÍDICOS VIGENTES, NAS RESPECTIVAS PREVISÕES DE INGRESSO DE RECURSOS E, QUANDO APLICÁVEL, EM PROPOSTAS DE NOVOS INSTRUMENTOS EM ANÁLISE OU EM FASE DE FORMALIZAÇÃO JUNTO AOS CONCEDENTES.
2027;1221;SECRETARIA DE ESTADO DE DESENVOLVIMENTO ECONÔMICO;SEDE;1.7.1.7.99.0.1.06.004;CIÊNCIA TECNOLOGIA - MINISTÉRIO DO DESENVOLVIMENTO REGIONAL;1;7;1;7;99;0;1;6;4;24;17597821;23973821;VALOR ESTIMADO COM BASE NOS INSTRUMENTOS JURÍDICOS VIGENTES, NAS RESPECTIVAS PREVISÕES DE INGRESSO DE RECURSOS E, QUANDO APLICÁVEL, EM PROPOSTAS DE NOVOS INSTRUMENTOS EM ANÁLISE OU EM FASE DE FORMALIZAÇÃO JUNTO AOS CONCEDENTES.
2027;1221;SECRETARIA DE ESTADO DE DESENVOLVIMENTO ECONÔMICO;SEDE;1.7.1.9.57.0.1.01.000;TRANSF. ESPECIAL UNIÃO - PRINC. - EMENDAS PARLAMENTARES INDIVIDUAIS;1;7;1;9;57;0;1;1;0;98;308000;308000;VALOR ESTIMADO COM BASE NOS INSTRUMENTOS JURÍDICOS VIGENTES, NAS RESPECTIVAS PREVISÕES DE INGRESSO DE RECURSOS E, QUANDO APLICÁVEL, EM PROPOSTAS DE NOVOS INSTRUMENTOS EM ANÁLISE OU EM FASE DE FORMALIZAÇÃO JUNTO AOS CONCEDENTES.
2027;1221;SECRETARIA DE ESTADO DE DESENVOLVIMENTO ECONÔMICO;SEDE;1.9.2.2.99.0.1.99.000;OUTRAS RESTITUIÇÕES - PRINC. - DEMAIS;1;9;2;2;99;0;1;99;0;24;1000;1000;VALOR ESTIMADO COM BASE NOS INSTRUMENTOS JURÍDICOS VIGENTES, NAS RESPECTIVAS PREVISÕES DE INGRESSO DE RECURSOS E, QUANDO APLICÁVEL, EM PROPOSTAS DE NOVOS INSTRUMENTOS EM ANÁLISE OU EM FASE DE FORMALIZAÇÃO JUNTO AOS CONCEDENTES.
2027;1221;SECRETARIA DE ESTADO DE DESENVOLVIMENTO ECONÔMICO;SEDE;1.9.2.2.99.0.1.99.000;OUTRAS RESTITUIÇÕES - PRINC. - DEMAIS;1;9;2;2;99;0;1;99;0;98;1000;1000;VALOR ESTIMADO COM BASE NOS INSTRUMENTOS JURÍDICOS VIGENTES, NAS RESPECTIVAS PREVISÕES DE INGRESSO DE RECURSOS E, QUANDO APLICÁVEL, EM PROPOSTAS DE NOVOS INSTRUMENTOS EM ANÁLISE OU EM FASE DE FORMALIZAÇÃO JUNTO AOS CONCEDENTES.
2027;1221;SECRETARIA DE ESTADO DE DESENVOLVIMENTO ECONÔMICO;SEDE;2.4.1.4.53.0.1.04.000;MEIO AMBIENTE - MINISTÉRIO DA INTEGRAÇÃO E DO DESENVOLVIMENTO REGIONAL;2;4;1;4;53;0;1;4;0;24;3005521;3005521;VALOR ESTIMADO COM BASE NOS INSTRUMENTOS JURÍDICOS VIGENTES, NAS RESPECTIVAS PREVISÕES DE INGRESSO DE RECURSOS E, QUANDO APLICÁVEL, EM PROPOSTAS DE NOVOS INSTRUMENTOS EM ANÁLISE OU EM FASE DE FORMALIZAÇÃO JUNTO AOS CONCEDENTES.
2027;1231;SECRETARIA DE ESTADO DE AGRICULTURA, PECUÁRIA E ABASTECIMENTO;SEAPA;1.3.2.1.01.0.1.01.000;REMUNERAÇÃO DEPÓSITOS BANCÁRIOS - PRINC.;1;3;2;1;1;0;1;1;0;1;1000;1000;VALOR ESTIMADO COM BASE NOS INSTRUMENTOS JURÍDICOS VIGENTES, NAS RESPECTIVAS PREVISÕES DE INGRESSO DE RECURSOS E, QUANDO APLICÁVEL, EM PROPOSTAS DE NOVOS INSTRUMENTOS EM ANÁLISE OU EM FASE DE FORMALIZAÇÃO JUNTO AOS CONCEDENTES.
2027;1231;SECRETARIA DE ESTADO DE AGRICULTURA, PECUÁRIA E ABASTECIMENTO;SEAPA;1.3.2.1.01.0.1.01.000;REMUNERAÇÃO DEPÓSITOS BANCÁRIOS - PRINC.;1;3;2;1;1;0;1;1;0;24;1000;1000;VALOR ESTIMADO COM BASE NOS INSTRUMENTOS JURÍDICOS VIGENTES, NAS RESPECTIVAS PREVISÕES DE INGRESSO DE RECURSOS E, QUANDO APLICÁVEL, EM PROPOSTAS DE NOVOS INSTRUMENTOS EM ANÁLISE OU EM FASE DE FORMALIZAÇÃO JUNTO AOS CONCEDENTES.
2027;1231;SECRETARIA DE ESTADO DE AGRICULTURA, PECUÁRIA E ABASTECIMENTO;SEAPA;1.3.2.1.01.0.1.01.000;REMUNERAÇÃO DEPÓSITOS BANCÁRIOS - PRINC.;1;3;2;1;1;0;1;1;0;69;1000;1000;VALOR ESTIMADO COM BASE NOS INSTRUMENTOS JURÍDICOS VIGENTES, NAS RESPECTIVAS PREVISÕES DE INGRESSO DE RECURSOS E, QUANDO APLICÁVEL, EM PROPOSTAS DE NOVOS INSTRUMENTOS EM ANÁLISE OU EM FASE DE FORMALIZAÇÃO JUNTO AOS CONCEDENTES.
2027;1231;SECRETARIA DE ESTADO DE AGRICULTURA, PECUÁRIA E ABASTECIMENTO;SEAPA;1.3.2.1.01.0.1.01.000;REMUNERAÇÃO DEPÓSITOS BANCÁRIOS - PRINC.;1;3;2;1;1;0;1;1;0;98;1000;1000;VALOR ESTIMADO COM BASE NOS INSTRUMENTOS JURÍDICOS VIGENTES, NAS RESPECTIVAS PREVISÕES DE INGRESSO DE RECURSOS E, QUANDO APLICÁVEL, EM PROPOSTAS DE NOVOS INSTRUMENTOS EM ANÁLISE OU EM FASE DE FORMALIZAÇÃO JUNTO AOS CONCEDENTES.
2027;1231;SECRETARIA DE ESTADO DE AGRICULTURA, PECUÁRIA E ABASTECIMENTO;SEAPA;1.3.4.9.01.0.1.03.000;COMPENSAÇÕES AMBIENTAIS - PRINC. - SUPRESSÃO DO PEQUI;1;3;4;9;1;0;1;3;0;59;5000000;5000000;as arrecadacoes dos tres ultimos anos referente a supressao do pequi como nao tem uma constancia em de arrecadacoes anuais a media exata das arrecadacoes dos ultimos tres anos ou seja 2023 2024 e 2025 foi de R597318164 por ano. Tendo em vista que a receita varia o valor estimado foi de R$ 5.000.000,00
2027;1231;SECRETARIA DE ESTADO DE AGRICULTURA, PECUÁRIA E ABASTECIMENTO;SEAPA;1.7.1.7.99.0.1.05.002;AGROPECUÁRIA - MINISTÉRIO DA AGRICULTURA, PECUÁRIA E ABASTECIMENTO;1;7;1;7;99;0;1;5;2;1;1337000;1337000;VALOR ESTIMADO COM BASE NOS INSTRUMENTOS JURÍDICOS VIGENTES, NAS RESPECTIVAS PREVISÕES DE INGRESSO DE RECURSOS E, QUANDO APLICÁVEL, EM PROPOSTAS DE NOVOS INSTRUMENTOS EM ANÁLISE OU EM FASE DE FORMALIZAÇÃO JUNTO AOS CONCEDENTES.
2027;1231;SECRETARIA DE ESTADO DE AGRICULTURA, PECUÁRIA E ABASTECIMENTO;SEAPA;1.7.1.9.57.0.1.01.000;TRANSF. ESPECIAL UNIÃO - PRINC. - EMENDAS PARLAMENTARES INDIVIDUAIS;1;7;1;9;57;0;1;1;0;98;1000;1000;VALOR ESTIMADO COM BASE NOS INSTRUMENTOS JURÍDICOS VIGENTES, NAS RESPECTIVAS PREVISÕES DE INGRESSO DE RECURSOS E, QUANDO APLICÁVEL, EM PROPOSTAS DE NOVOS INSTRUMENTOS EM ANÁLISE OU EM FASE DE FORMALIZAÇÃO JUNTO AOS CONCEDENTES.
2027;1231;SECRETARIA DE ESTADO DE AGRICULTURA, PECUÁRIA E ABASTECIMENTO;SEAPA;1.7.2.4.99.0.1.08.001;AGROPECUÁRIA -  COMPANHIA DE DESENVOLVIMENTO DE MINAS GERAIS - CODEMGE;1;7;2;4;99;0;1;8;1;69;2512437;2512437;VALOR ESTIMADO COM BASE NOS INSTRUMENTOS JURÍDICOS VIGENTES, NAS RESPECTIVAS PREVISÕES DE INGRESSO DE RECURSOS E, QUANDO APLICÁVEL, EM PROPOSTAS DE NOVOS INSTRUMENTOS EM ANÁLISE OU EM FASE DE FORMALIZAÇÃO JUNTO AOS CONCEDENTES.
2027;1231;SECRETARIA DE ESTADO DE AGRICULTURA, PECUÁRIA E ABASTECIMENTO;SEAPA;1.9.2.2.99.0.1.99.000;OUTRAS RESTITUIÇÕES - PRINC. - DEMAIS;1;9;2;2;99;0;1;99;0;1;1000;1000;VALOR ESTIMADO COM BASE NOS INSTRUMENTOS JURÍDICOS VIGENTES, NAS RESPECTIVAS PREVISÕES DE INGRESSO DE RECURSOS E, QUANDO APLICÁVEL, EM PROPOSTAS DE NOVOS INSTRUMENTOS EM ANÁLISE OU EM FASE DE FORMALIZAÇÃO JUNTO AOS CONCEDENTES.
2027;1231;SECRETARIA DE ESTADO DE AGRICULTURA, PECUÁRIA E ABASTECIMENTO;SEAPA;1.9.2.2.99.0.1.99.000;OUTRAS RESTITUIÇÕES - PRINC. - DEMAIS;1;9;2;2;99;0;1;99;0;24;1000;1000;VALOR ESTIMADO COM BASE NOS INSTRUMENTOS JURÍDICOS VIGENTES, NAS RESPECTIVAS PREVISÕES DE INGRESSO DE RECURSOS E, QUANDO APLICÁVEL, EM PROPOSTAS DE NOVOS INSTRUMENTOS EM ANÁLISE OU EM FASE DE FORMALIZAÇÃO JUNTO AOS CONCEDENTES.
2027;1231;SECRETARIA DE ESTADO DE AGRICULTURA, PECUÁRIA E ABASTECIMENTO;SEAPA;1.9.2.2.99.0.1.99.000;OUTRAS RESTITUIÇÕES - PRINC. - DEMAIS;1;9;2;2;99;0;1;99;0;69;1000;1000;VALOR ESTIMADO COM BASE NOS INSTRUMENTOS JURÍDICOS VIGENTES, NAS RESPECTIVAS PREVISÕES DE INGRESSO DE RECURSOS E, QUANDO APLICÁVEL, EM PROPOSTAS DE NOVOS INSTRUMENTOS EM ANÁLISE OU EM FASE DE FORMALIZAÇÃO JUNTO AOS CONCEDENTES.
2027;1231;SECRETARIA DE ESTADO DE AGRICULTURA, PECUÁRIA E ABASTECIMENTO;SEAPA;1.9.2.2.99.0.1.99.000;OUTRAS RESTITUIÇÕES - PRINC. - DEMAIS;1;9;2;2;99;0;1;99;0;98;1000;1000;VALOR ESTIMADO COM BASE NOS INSTRUMENTOS JURÍDICOS VIGENTES, NAS RESPECTIVAS PREVISÕES DE INGRESSO DE RECURSOS E, QUANDO APLICÁVEL, EM PROPOSTAS DE NOVOS INSTRUMENTOS EM ANÁLISE OU EM FASE DE FORMALIZAÇÃO JUNTO AOS CONCEDENTES.
2027;1231;SECRETARIA DE ESTADO DE AGRICULTURA, PECUÁRIA E ABASTECIMENTO;SEAPA;2.4.1.9.51.0.1.01.000;TRANSF. ESPECIAL UNIÃO - PRINC. - EMENDAS PARLAMENTARES INDIVIDUAIS;2;4;1;9;51;0;1;1;0;98;1000;1000;VALOR ESTIMADO COM BASE NOS INSTRUMENTOS JURÍDICOS VIGENTES, NAS RESPECTIVAS PREVISÕES DE INGRESSO DE RECURSOS E, QUANDO APLICÁVEL, EM PROPOSTAS DE NOVOS INSTRUMENTOS EM ANÁLISE OU EM FASE DE FORMALIZAÇÃO JUNTO AOS CONCEDENTES.
2027;1251;POLÍCIA MILITAR DO ESTADO DE MINAS GERAIS;PMMG;1.3.1.1.01.2.1.01.000;FOROS LAUDÊMIOS TARIFAS OCUPAÇÃO - PRINC. - TARIFA DE OCUPAÇÃO DE IMÓVEIS;1;3;1;1;1;2;1;1;0;60;273109;273109; VALOR ARRECADADO EM 2025 ACRESCIDO DE 417 DE PROJECAO IPCA 2026 Bacen  Relatorio de Mercado Focus 20 marco de 2026 
2027;1251;POLÍCIA MILITAR DO ESTADO DE MINAS GERAIS;PMMG;1.3.1.1.02.0.1.01.000;CONC. PERM. AUTOR. CESSÃO DIR. USO BENS IMÓV. PÚB. - PRINC. - CONCESSÃO DE DIREITO REAL DE USO DE ÁREA PÚBLICA;1;3;1;1;2;0;1;1;0;60;1770744;1770744;VALOR ARRECADADO EM 2025 ACRESCIDO DE 417 DE PROJECAO IPCA 2026 Bacen  Relatorio de Mercado Focus 20 marco de 2026
2027;1251;POLÍCIA MILITAR DO ESTADO DE MINAS GERAIS;PMMG;1.3.2.1.01.0.1.01.000;REMUNERAÇÃO DEPÓSITOS BANCÁRIOS - PRINC.;1;3;2;1;1;0;1;1;0;1;1300000;1300000;VALOR ESTIMADO COM BASE NOS INSTRUMENTOS JURÍDICOS VIGENTES, NAS RESPECTIVAS PREVISÕES DE INGRESSO DE RECURSOS E, QUANDO APLICÁVEL, EM PROPOSTAS DE NOVOS INSTRUMENTOS EM ANÁLISE OU EM FASE DE FORMALIZAÇÃO JUNTO AOS CONCEDENTES.
2027;1251;POLÍCIA MILITAR DO ESTADO DE MINAS GERAIS;PMMG;1.3.2.1.01.0.1.01.000;REMUNERAÇÃO DEPÓSITOS BANCÁRIOS - PRINC.;1;3;2;1;1;0;1;1;0;2;18000000;18000000;VALOR ESTIMADO COM BASE NOS INSTRUMENTOS JURÍDICOS VIGENTES, NAS RESPECTIVAS PREVISÕES DE INGRESSO DE RECURSOS E, QUANDO APLICÁVEL, EM PROPOSTAS DE NOVOS INSTRUMENTOS EM ANÁLISE OU EM FASE DE FORMALIZAÇÃO JUNTO AOS CONCEDENTES.
2027;1251;POLÍCIA MILITAR DO ESTADO DE MINAS GERAIS;PMMG;1.3.2.1.01.0.1.01.000;REMUNERAÇÃO DEPÓSITOS BANCÁRIOS - PRINC.;1;3;2;1;1;0;1;1;0;9;0;1000;VALOR ESTIMADO COM BASE NOS INSTRUMENTOS JURÍDICOS VIGENTES, NAS RESPECTIVAS PREVISÕES DE INGRESSO DE RECURSOS E, QUANDO APLICÁVEL, EM PROPOSTAS DE NOVOS INSTRUMENTOS EM ANÁLISE OU EM FASE DE FORMALIZAÇÃO JUNTO AOS CONCEDENTES.
2027;1251;POLÍCIA MILITAR DO ESTADO DE MINAS GERAIS;PMMG;1.3.2.1.01.0.1.01.000;REMUNERAÇÃO DEPÓSITOS BANCÁRIOS - PRINC.;1;3;2;1;1;0;1;1;0;24;440000;440000;VALOR ESTIMADO COM BASE NOS INSTRUMENTOS JURÍDICOS VIGENTES, NAS RESPECTIVAS PREVISÕES DE INGRESSO DE RECURSOS E, QUANDO APLICÁVEL, EM PROPOSTAS DE NOVOS INSTRUMENTOS EM ANÁLISE OU EM FASE DE FORMALIZAÇÃO JUNTO AOS CONCEDENTES.
2027;1251;POLÍCIA MILITAR DO ESTADO DE MINAS GERAIS;PMMG;1.3.2.1.01.0.1.01.000;REMUNERAÇÃO DEPÓSITOS BANCÁRIOS - PRINC.;1;3;2;1;1;0;1;1;0;45;33380;33380;MEDIA DAS ARRECADACOES DE 2023 A 2025 SEM CORRECAO INFLACIONARIA
2027;1251;POLÍCIA MILITAR DO ESTADO DE MINAS GERAIS;PMMG;1.3.2.1.01.0.1.01.000;REMUNERAÇÃO DEPÓSITOS BANCÁRIOS - PRINC.;1;3;2;1;1;0;1;1;0;60;500;500;RECEITA NAO LINEAR  PREVISAO BASEADA NO VALOR MINIMO DE ARRECADACAO
2027;1251;POLÍCIA MILITAR DO ESTADO DE MINAS GERAIS;PMMG;1.3.2.1.01.0.1.01.000;REMUNERAÇÃO DEPÓSITOS BANCÁRIOS - PRINC.;1;3;2;1;1;0;1;1;0;68;38000;38000;VALOR ESTIMADO COM BASE NOS INSTRUMENTOS JURÍDICOS VIGENTES, NAS RESPECTIVAS PREVISÕES DE INGRESSO DE RECURSOS E, QUANDO APLICÁVEL, EM PROPOSTAS DE NOVOS INSTRUMENTOS EM ANÁLISE OU EM FASE DE FORMALIZAÇÃO JUNTO AOS CONCEDENTES.
2027;1251;POLÍCIA MILITAR DO ESTADO DE MINAS GERAIS;PMMG;1.3.2.1.01.0.1.01.000;REMUNERAÇÃO DEPÓSITOS BANCÁRIOS - PRINC.;1;3;2;1;1;0;1;1;0;69;500000;500000;VALOR ESTIMADO COM BASE NOS INSTRUMENTOS JURÍDICOS VIGENTES, NAS RESPECTIVAS PREVISÕES DE INGRESSO DE RECURSOS E, QUANDO APLICÁVEL, EM PROPOSTAS DE NOVOS INSTRUMENTOS EM ANÁLISE OU EM FASE DE FORMALIZAÇÃO JUNTO AOS CONCEDENTES.
2027;1251;POLÍCIA MILITAR DO ESTADO DE MINAS GERAIS;PMMG;1.3.2.1.01.0.1.01.000;REMUNERAÇÃO DEPÓSITOS BANCÁRIOS - PRINC.;1;3;2;1;1;0;1;1;0;70;1300000;1300000;VALOR ESTIMADO COM BASE NOS INSTRUMENTOS JURÍDICOS VIGENTES, NAS RESPECTIVAS PREVISÕES DE INGRESSO DE RECURSOS E, QUANDO APLICÁVEL, EM PROPOSTAS DE NOVOS INSTRUMENTOS EM ANÁLISE OU EM FASE DE FORMALIZAÇÃO JUNTO AOS CONCEDENTES.
2027;1251;POLÍCIA MILITAR DO ESTADO DE MINAS GERAIS;PMMG;1.3.2.1.01.0.1.01.000;REMUNERAÇÃO DEPÓSITOS BANCÁRIOS - PRINC.;1;3;2;1;1;0;1;1;0;73;1000000;1000000;VALOR ESTIMADO COM BASE NOS INSTRUMENTOS JURÍDICOS VIGENTES, NAS RESPECTIVAS PREVISÕES DE INGRESSO DE RECURSOS E, QUANDO APLICÁVEL, EM PROPOSTAS DE NOVOS INSTRUMENTOS EM ANÁLISE OU EM FASE DE FORMALIZAÇÃO JUNTO AOS CONCEDENTES.
2027;1251;POLÍCIA MILITAR DO ESTADO DE MINAS GERAIS;PMMG;1.3.2.1.01.0.1.01.000;REMUNERAÇÃO DEPÓSITOS BANCÁRIOS - PRINC.;1;3;2;1;1;0;1;1;0;98;1000000;1000000;VALOR ESTIMADO COM BASE NOS INSTRUMENTOS JURÍDICOS VIGENTES, NAS RESPECTIVAS PREVISÕES DE INGRESSO DE RECURSOS E, QUANDO APLICÁVEL, EM PROPOSTAS DE NOVOS INSTRUMENTOS EM ANÁLISE OU EM FASE DE FORMALIZAÇÃO JUNTO AOS CONCEDENTES.
2027;1251;POLÍCIA MILITAR DO ESTADO DE MINAS GERAIS;PMMG;1.6.1.1.01.0.1.03.000;SERVIÇOS ADM. COMERC. GER. - PRINC. - COMERCIALIZAÇÃO DE LIVROS, PERIÓDICOS, MATERIAIS ESCOLARES E PUBLICIDADE;1;6;1;1;1;0;1;3;0;60;500;500;RECEITA NAO LINEAR  PREVISAO BASEADA NO VALOR MINIMO DE ARRECADACAO
2027;1251;POLÍCIA MILITAR DO ESTADO DE MINAS GERAIS;PMMG;1.6.1.1.01.0.1.24.000;SERVIÇOS ADM. COMERC. GER. - PRINC. - EDUCACIONAIS E CAPACITAÇÃO;1;6;1;1;1;0;1;24;0;60;500;500;RECEITA NAO LINEAR  PREVISAO BASEADA NO VALOR MINIMO DE ARRECADACAO
2027;1251;POLÍCIA MILITAR DO ESTADO DE MINAS GERAIS;PMMG;1.6.1.1.01.0.1.99.001;SERVIÇOS ADM. COMERC. GER. - PRINC. - DEMAIS - SERVIÇOS ADMINISTRATIVOS;1;6;1;1;1;0;1;99;1;60;114336;114336;ESTIMATIVA DE VALORES BASEADO NA PREVISAO DE ARRECADACAO PARA 2027
2027;1251;POLÍCIA MILITAR DO ESTADO DE MINAS GERAIS;PMMG;1.6.1.1.02.0.1.01.000;INSCRIÇÃO CONCURSOS PROCESSOS SELETIVOS - PRINC.;1;6;1;1;2;0;1;1;0;60;1465076;1465076;VALORES BASEADOS NA ESTIMATIVA DE VAGAS EM CONCURSOS PARA 2027 E MEDIA DE CANDIDATOS INSCRITOS POR VAGA NOS ULTIMOS 3 CONCURSOS
2027;1251;POLÍCIA MILITAR DO ESTADO DE MINAS GERAIS;PMMG;1.7.1.7.99.0.1.20.002;SEGURANÇA PÚBLICA - CENTRAIS DE ABASTECIMENTO DE MINAS GERAIS - CEASAMINAS;1;7;1;7;99;0;1;20;2;24;2639061;2639061;VALOR ESTIMADO COM BASE NOS INSTRUMENTOS JURÍDICOS VIGENTES, NAS RESPECTIVAS PREVISÕES DE INGRESSO DE RECURSOS E, QUANDO APLICÁVEL, EM PROPOSTAS DE NOVOS INSTRUMENTOS EM ANÁLISE OU EM FASE DE FORMALIZAÇÃO JUNTO AOS CONCEDENTES.
2027;1251;POLÍCIA MILITAR DO ESTADO DE MINAS GERAIS;PMMG;1.7.1.7.99.0.1.20.003;SEGURANÇA PÚBLICA - DEPARTAMENTO DE POLÍCIA RODOVIÁRIA FEDERAL - PRF;1;7;1;7;99;0;1;20;3;73;40894333;40894333;VALOR ESTIMADO COM BASE NOS INSTRUMENTOS JURÍDICOS VIGENTES, NAS RESPECTIVAS PREVISÕES DE INGRESSO DE RECURSOS E, QUANDO APLICÁVEL, EM PROPOSTAS DE NOVOS INSTRUMENTOS EM ANÁLISE OU EM FASE DE FORMALIZAÇÃO JUNTO AOS CONCEDENTES.
2027;1251;POLÍCIA MILITAR DO ESTADO DE MINAS GERAIS;PMMG;1.7.1.7.99.0.1.20.004;SEGURANÇA PÚBLICA - TRIBUNAL REGIONAL ELEITORAL DE MINAS GERAIS - TREMG;1;7;1;7;99;0;1;20;4;24;4000000;4000000;VALOR ESTIMADO COM BASE NOS INSTRUMENTOS JURÍDICOS VIGENTES, NAS RESPECTIVAS PREVISÕES DE INGRESSO DE RECURSOS E, QUANDO APLICÁVEL, EM PROPOSTAS DE NOVOS INSTRUMENTOS EM ANÁLISE OU EM FASE DE FORMALIZAÇÃO JUNTO AOS CONCEDENTES.
2027;1251;POLÍCIA MILITAR DO ESTADO DE MINAS GERAIS;PMMG;1.7.1.7.99.0.1.20.006;SEGURANÇA PÚBLICA - BANCO CENTRAL DO BRASIL - BCB;1;7;1;7;99;0;1;20;6;24;297957;297957;VALOR ESTIMADO COM BASE NOS INSTRUMENTOS JURÍDICOS VIGENTES, NAS RESPECTIVAS PREVISÕES DE INGRESSO DE RECURSOS E, QUANDO APLICÁVEL, EM PROPOSTAS DE NOVOS INSTRUMENTOS EM ANÁLISE OU EM FASE DE FORMALIZAÇÃO JUNTO AOS CONCEDENTES.
2027;1251;POLÍCIA MILITAR DO ESTADO DE MINAS GERAIS;PMMG;1.7.1.7.99.0.1.20.014;SEGURANÇA PÚBLICA - INSTITUTO NACIONAL DE ESTUDOS E PESQUISAS EDUCACIONAIS ANÍSIO TEIXEIRA - INEP;1;7;1;7;99;0;1;20;14;24;3967101;3967101;VALOR ESTIMADO COM BASE NOS INSTRUMENTOS JURÍDICOS VIGENTES, NAS RESPECTIVAS PREVISÕES DE INGRESSO DE RECURSOS E, QUANDO APLICÁVEL, EM PROPOSTAS DE NOVOS INSTRUMENTOS EM ANÁLISE OU EM FASE DE FORMALIZAÇÃO JUNTO AOS CONCEDENTES.
2027;1251;POLÍCIA MILITAR DO ESTADO DE MINAS GERAIS;PMMG;1.7.1.7.99.0.1.20.016;SEGURANÇA PÚBLICA - PROCURADORIA REGIONAL DO TRABALHO DA 3 REGIÃO - PRT3;1;7;1;7;99;0;1;20;16;24;1828332;1828332;VALOR ESTIMADO COM BASE NOS INSTRUMENTOS JURÍDICOS VIGENTES, NAS RESPECTIVAS PREVISÕES DE INGRESSO DE RECURSOS E, QUANDO APLICÁVEL, EM PROPOSTAS DE NOVOS INSTRUMENTOS EM ANÁLISE OU EM FASE DE FORMALIZAÇÃO JUNTO AOS CONCEDENTES.
2027;1251;POLÍCIA MILITAR DO ESTADO DE MINAS GERAIS;PMMG;1.7.2.4.99.0.1.23.001;SEGURANÇA PÚBLICA - COMPANHIA DE SANEAMENTO DE MINAS GERAIS - COPASA;1;7;2;4;99;0;1;23;1;69;3670659;3670659;VALOR ESTIMADO COM BASE NOS INSTRUMENTOS JURÍDICOS VIGENTES, NAS RESPECTIVAS PREVISÕES DE INGRESSO DE RECURSOS E, QUANDO APLICÁVEL, EM PROPOSTAS DE NOVOS INSTRUMENTOS EM ANÁLISE OU EM FASE DE FORMALIZAÇÃO JUNTO AOS CONCEDENTES.
2027;1251;POLÍCIA MILITAR DO ESTADO DE MINAS GERAIS;PMMG;1.7.2.4.99.0.1.23.006;SEGURANÇA PÚBLICA - COMPANHIA ENERGÉTICA DE MINAS GERAIS - CEMIG;1;7;2;4;99;0;1;23;6;69;2777509;2777509;VALOR ESTIMADO COM BASE NOS INSTRUMENTOS JURÍDICOS VIGENTES, NAS RESPECTIVAS PREVISÕES DE INGRESSO DE RECURSOS E, QUANDO APLICÁVEL, EM PROPOSTAS DE NOVOS INSTRUMENTOS EM ANÁLISE OU EM FASE DE FORMALIZAÇÃO JUNTO AOS CONCEDENTES.
2027;1251;POLÍCIA MILITAR DO ESTADO DE MINAS GERAIS;PMMG;1.7.3.2.99.0.1.23.001;SEGURANÇA PÚBLICA - DIVERSOS MUNICÍPIOS;1;7;3;2;99;0;1;23;1;70;30030471;29983392;VALOR ESTIMADO COM BASE NOS INSTRUMENTOS JURÍDICOS VIGENTES, NAS RESPECTIVAS PREVISÕES DE INGRESSO DE RECURSOS E, QUANDO APLICÁVEL, EM PROPOSTAS DE NOVOS INSTRUMENTOS EM ANÁLISE OU EM FASE DE FORMALIZAÇÃO JUNTO AOS CONCEDENTES.
2027;1251;POLÍCIA MILITAR DO ESTADO DE MINAS GERAIS;PMMG;1.7.4.1.99.0.1.23.999;SEGURANÇA PÚBLICA - OUTROS;1;7;4;1;99;0;1;23;999;68;15173;15173;VALOR ESTIMADO COM BASE NOS INSTRUMENTOS JURÍDICOS VIGENTES, NAS RESPECTIVAS PREVISÕES DE INGRESSO DE RECURSOS E, QUANDO APLICÁVEL, EM PROPOSTAS DE NOVOS INSTRUMENTOS EM ANÁLISE OU EM FASE DE FORMALIZAÇÃO JUNTO AOS CONCEDENTES.
2027;1251;POLÍCIA MILITAR DO ESTADO DE MINAS GERAIS;PMMG;1.7.4.1.99.0.1.50.999;SEGURANÇA PÚBLICA - OUTROS;1;7;4;1;99;0;1;50;999;9;0;3000000;VALOR ESTIMADO COM BASE NOS INSTRUMENTOS JURÍDICOS VIGENTES, NAS RESPECTIVAS PREVISÕES DE INGRESSO DE RECURSOS E, QUANDO APLICÁVEL, EM PROPOSTAS DE NOVOS INSTRUMENTOS EM ANÁLISE OU EM FASE DE FORMALIZAÇÃO JUNTO AOS CONCEDENTES.
2027;1251;POLÍCIA MILITAR DO ESTADO DE MINAS GERAIS;PMMG;1.7.4.1.99.0.1.50.999;SEGURANÇA PÚBLICA - OUTROS;1;7;4;1;99;0;1;50;999;45;68663;68663;MEDIA DAS ARRECADACOES DE 2023 A 2025 SEM CORRECAO INFLACIONARIA
2027;1251;POLÍCIA MILITAR DO ESTADO DE MINAS GERAIS;PMMG;1.7.9.1.99.0.1.23.000;OUTRAS TRANSF. PESSOAS FÍSICAS - PRINC. - SEGURANÇA PÚBLICA;1;7;9;1;99;0;1;23;0;45;500;500;VALOR MINIMO DE ARRECADACAO CONSIDERANDO QUE A MEDIA ARRECADACOES DE 2023 A 2025 FICA MENOR QUE 50000
2027;1251;POLÍCIA MILITAR DO ESTADO DE MINAS GERAIS;PMMG;1.9.1.1.09.0.1.99.000;MULTAS JUROS PREVISTOS CONTRATOS - PRINC. - DEMAIS;1;9;1;1;9;0;1;99;0;60;36588;36588;MEDIA DAS ARRECADACOES DE 2023 A 2025 SEM CORRECAO INFLACIONARIA
2027;1251;POLÍCIA MILITAR DO ESTADO DE MINAS GERAIS;PMMG;1.9.2.2.99.0.1.99.000;OUTRAS RESTITUIÇÕES - PRINC. - DEMAIS;1;9;2;2;99;0;1;99;0;1;1000;1000;VALOR ESTIMADO COM BASE NOS INSTRUMENTOS JURÍDICOS VIGENTES, NAS RESPECTIVAS PREVISÕES DE INGRESSO DE RECURSOS E, QUANDO APLICÁVEL, EM PROPOSTAS DE NOVOS INSTRUMENTOS EM ANÁLISE OU EM FASE DE FORMALIZAÇÃO JUNTO AOS CONCEDENTES.
2027;1251;POLÍCIA MILITAR DO ESTADO DE MINAS GERAIS;PMMG;1.9.2.2.99.0.1.99.000;OUTRAS RESTITUIÇÕES - PRINC. - DEMAIS;1;9;2;2;99;0;1;99;0;2;1000;1000;VALOR ESTIMADO COM BASE NOS INSTRUMENTOS JURÍDICOS VIGENTES, NAS RESPECTIVAS PREVISÕES DE INGRESSO DE RECURSOS E, QUANDO APLICÁVEL, EM PROPOSTAS DE NOVOS INSTRUMENTOS EM ANÁLISE OU EM FASE DE FORMALIZAÇÃO JUNTO AOS CONCEDENTES.
2027;1251;POLÍCIA MILITAR DO ESTADO DE MINAS GERAIS;PMMG;1.9.2.2.99.0.1.99.000;OUTRAS RESTITUIÇÕES - PRINC. - DEMAIS;1;9;2;2;99;0;1;99;0;9;0;1000;VALOR ESTIMADO COM BASE NOS INSTRUMENTOS JURÍDICOS VIGENTES, NAS RESPECTIVAS PREVISÕES DE INGRESSO DE RECURSOS E, QUANDO APLICÁVEL, EM PROPOSTAS DE NOVOS INSTRUMENTOS EM ANÁLISE OU EM FASE DE FORMALIZAÇÃO JUNTO AOS CONCEDENTES.
2027;1251;POLÍCIA MILITAR DO ESTADO DE MINAS GERAIS;PMMG;1.9.2.2.99.0.1.99.000;OUTRAS RESTITUIÇÕES - PRINC. - DEMAIS;1;9;2;2;99;0;1;99;0;24;8000;8000;VALOR ESTIMADO COM BASE NOS INSTRUMENTOS JURÍDICOS VIGENTES, NAS RESPECTIVAS PREVISÕES DE INGRESSO DE RECURSOS E, QUANDO APLICÁVEL, EM PROPOSTAS DE NOVOS INSTRUMENTOS EM ANÁLISE OU EM FASE DE FORMALIZAÇÃO JUNTO AOS CONCEDENTES.
2027;1251;POLÍCIA MILITAR DO ESTADO DE MINAS GERAIS;PMMG;1.9.2.2.99.0.1.99.000;OUTRAS RESTITUIÇÕES - PRINC. - DEMAIS;1;9;2;2;99;0;1;99;0;60;20267;20267;MEDIA DAS ARRECADACOES DE 2023 A 2025 SEM CORRECAO INFLACIONARIA
2027;1251;POLÍCIA MILITAR DO ESTADO DE MINAS GERAIS;PMMG;1.9.2.2.99.0.1.99.000;OUTRAS RESTITUIÇÕES - PRINC. - DEMAIS;1;9;2;2;99;0;1;99;0;68;1000;1000;VALOR ESTIMADO COM BASE NOS INSTRUMENTOS JURÍDICOS VIGENTES, NAS RESPECTIVAS PREVISÕES DE INGRESSO DE RECURSOS E, QUANDO APLICÁVEL, EM PROPOSTAS DE NOVOS INSTRUMENTOS EM ANÁLISE OU EM FASE DE FORMALIZAÇÃO JUNTO AOS CONCEDENTES.
2027;1251;POLÍCIA MILITAR DO ESTADO DE MINAS GERAIS;PMMG;1.9.2.2.99.0.1.99.000;OUTRAS RESTITUIÇÕES - PRINC. - DEMAIS;1;9;2;2;99;0;1;99;0;69;1000;1000;VALOR ESTIMADO COM BASE NOS INSTRUMENTOS JURÍDICOS VIGENTES, NAS RESPECTIVAS PREVISÕES DE INGRESSO DE RECURSOS E, QUANDO APLICÁVEL, EM PROPOSTAS DE NOVOS INSTRUMENTOS EM ANÁLISE OU EM FASE DE FORMALIZAÇÃO JUNTO AOS CONCEDENTES.
2027;1251;POLÍCIA MILITAR DO ESTADO DE MINAS GERAIS;PMMG;1.9.2.2.99.0.1.99.000;OUTRAS RESTITUIÇÕES - PRINC. - DEMAIS;1;9;2;2;99;0;1;99;0;70;15000;15000;VALOR ESTIMADO COM BASE NOS INSTRUMENTOS JURÍDICOS VIGENTES, NAS RESPECTIVAS PREVISÕES DE INGRESSO DE RECURSOS E, QUANDO APLICÁVEL, EM PROPOSTAS DE NOVOS INSTRUMENTOS EM ANÁLISE OU EM FASE DE FORMALIZAÇÃO JUNTO AOS CONCEDENTES.
2027;1251;POLÍCIA MILITAR DO ESTADO DE MINAS GERAIS;PMMG;1.9.2.2.99.0.1.99.000;OUTRAS RESTITUIÇÕES - PRINC. - DEMAIS;1;9;2;2;99;0;1;99;0;73;1000;1000;VALOR ESTIMADO COM BASE NOS INSTRUMENTOS JURÍDICOS VIGENTES, NAS RESPECTIVAS PREVISÕES DE INGRESSO DE RECURSOS E, QUANDO APLICÁVEL, EM PROPOSTAS DE NOVOS INSTRUMENTOS EM ANÁLISE OU EM FASE DE FORMALIZAÇÃO JUNTO AOS CONCEDENTES.
2027;1251;POLÍCIA MILITAR DO ESTADO DE MINAS GERAIS;PMMG;1.9.2.2.99.0.1.99.000;OUTRAS RESTITUIÇÕES - PRINC. - DEMAIS;1;9;2;2;99;0;1;99;0;98;1000;1000;VALOR ESTIMADO COM BASE NOS INSTRUMENTOS JURÍDICOS VIGENTES, NAS RESPECTIVAS PREVISÕES DE INGRESSO DE RECURSOS E, QUANDO APLICÁVEL, EM PROPOSTAS DE NOVOS INSTRUMENTOS EM ANÁLISE OU EM FASE DE FORMALIZAÇÃO JUNTO AOS CONCEDENTES.
2027;1251;POLÍCIA MILITAR DO ESTADO DE MINAS GERAIS;PMMG;1.9.9.9.99.2.1.99.000;OUTRAS REC. - PRIMÁRIAS - PRINC. - DEMAIS;1;9;9;9;99;2;1;99;0;60;99524;99524;ESTIMATIVA DE VALORES COM BASE NA MEDIA DE ARRECADACAO DE 2023 A 2025 ACRESCIDO DE CORRECAO PREVISTA DE 417 DE PROJECAO IPCA 2026 Bacen  Relatorio de Mercado Focus 20 marco de 2026
2027;1251;POLÍCIA MILITAR DO ESTADO DE MINAS GERAIS;PMMG;2.4.1.4.99.0.1.20.001;SEGURANÇA PÚBLICA - CENTRAIS DE ABASTECIMENTO DE MINAS GERAIS - CEASAMINAS;2;4;1;4;99;0;1;20;1;24;953407;953407;VALOR ESTIMADO COM BASE NOS INSTRUMENTOS JURÍDICOS VIGENTES, NAS RESPECTIVAS PREVISÕES DE INGRESSO DE RECURSOS E, QUANDO APLICÁVEL, EM PROPOSTAS DE NOVOS INSTRUMENTOS EM ANÁLISE OU EM FASE DE FORMALIZAÇÃO JUNTO AOS CONCEDENTES.
2027;1251;POLÍCIA MILITAR DO ESTADO DE MINAS GERAIS;PMMG;2.4.1.4.99.0.1.20.002;SEGURANÇA PÚBLICA - DEPARTAMENTO DE POLÍCIA RODOVIÁRIA FEDERAL - PRF;2;4;1;4;99;0;1;20;2;73;102325355;102325355;VALOR ESTIMADO COM BASE NOS INSTRUMENTOS JURÍDICOS VIGENTES, NAS RESPECTIVAS PREVISÕES DE INGRESSO DE RECURSOS E, QUANDO APLICÁVEL, EM PROPOSTAS DE NOVOS INSTRUMENTOS EM ANÁLISE OU EM FASE DE FORMALIZAÇÃO JUNTO AOS CONCEDENTES.
2027;1251;POLÍCIA MILITAR DO ESTADO DE MINAS GERAIS;PMMG;2.4.1.4.99.0.1.20.004;SEGURANÇA PÚBLICA - MINISTÉRIO DA JUSTIÇA E SEGURANÇA PÚBLICA;2;4;1;4;99;0;1;20;4;1;2787581;931252;VALOR ESTIMADO COM BASE NOS INSTRUMENTOS JURÍDICOS VIGENTES, NAS RESPECTIVAS PREVISÕES DE INGRESSO DE RECURSOS E, QUANDO APLICÁVEL, EM PROPOSTAS DE NOVOS INSTRUMENTOS EM ANÁLISE OU EM FASE DE FORMALIZAÇÃO JUNTO AOS CONCEDENTES.
2027;1251;POLÍCIA MILITAR DO ESTADO DE MINAS GERAIS;PMMG;2.4.1.4.99.0.1.20.004;SEGURANÇA PÚBLICA - MINISTÉRIO DA JUSTIÇA E SEGURANÇA PÚBLICA;2;4;1;4;99;0;1;20;4;2;72692;72692;VALOR ESTIMADO COM BASE NOS INSTRUMENTOS JURÍDICOS VIGENTES, NAS RESPECTIVAS PREVISÕES DE INGRESSO DE RECURSOS E, QUANDO APLICÁVEL, EM PROPOSTAS DE NOVOS INSTRUMENTOS EM ANÁLISE OU EM FASE DE FORMALIZAÇÃO JUNTO AOS CONCEDENTES.
2027;1251;POLÍCIA MILITAR DO ESTADO DE MINAS GERAIS;PMMG;2.4.1.4.99.0.1.20.004;SEGURANÇA PÚBLICA - MINISTÉRIO DA JUSTIÇA E SEGURANÇA PÚBLICA;2;4;1;4;99;0;1;20;4;24;3062180;3062180;VALOR ESTIMADO COM BASE NOS INSTRUMENTOS JURÍDICOS VIGENTES, NAS RESPECTIVAS PREVISÕES DE INGRESSO DE RECURSOS E, QUANDO APLICÁVEL, EM PROPOSTAS DE NOVOS INSTRUMENTOS EM ANÁLISE OU EM FASE DE FORMALIZAÇÃO JUNTO AOS CONCEDENTES.
2027;1251;POLÍCIA MILITAR DO ESTADO DE MINAS GERAIS;PMMG;2.4.1.4.99.0.1.20.005;SEGURANÇA PÚBLICA - BANCO CENTRAL DO BRASIL - BCB;2;4;1;4;99;0;1;20;5;24;704782;704782;VALOR ESTIMADO COM BASE NOS INSTRUMENTOS JURÍDICOS VIGENTES, NAS RESPECTIVAS PREVISÕES DE INGRESSO DE RECURSOS E, QUANDO APLICÁVEL, EM PROPOSTAS DE NOVOS INSTRUMENTOS EM ANÁLISE OU EM FASE DE FORMALIZAÇÃO JUNTO AOS CONCEDENTES.
2027;1251;POLÍCIA MILITAR DO ESTADO DE MINAS GERAIS;PMMG;2.4.1.4.99.0.1.20.013;SEGURANÇA PÚBLICA - INSTITUTO NACIONAL DE ESTUDOS E PESQUISAS NACIONAIS ANÍSIO TEIXEIRA - INEP;2;4;1;4;99;0;1;20;13;24;9107872;9107872;VALOR ESTIMADO COM BASE NOS INSTRUMENTOS JURÍDICOS VIGENTES, NAS RESPECTIVAS PREVISÕES DE INGRESSO DE RECURSOS E, QUANDO APLICÁVEL, EM PROPOSTAS DE NOVOS INSTRUMENTOS EM ANÁLISE OU EM FASE DE FORMALIZAÇÃO JUNTO AOS CONCEDENTES.
2027;1251;POLÍCIA MILITAR DO ESTADO DE MINAS GERAIS;PMMG;2.4.1.4.99.0.1.20.018;SEGURANÇA PÚBLICA - PROCURADORIA REGIONAL DO TRABALHO DA 3 REGIÃO - PRT3;2;4;1;4;99;0;1;20;18;24;3728504;3728504;VALOR ESTIMADO COM BASE NOS INSTRUMENTOS JURÍDICOS VIGENTES, NAS RESPECTIVAS PREVISÕES DE INGRESSO DE RECURSOS E, QUANDO APLICÁVEL, EM PROPOSTAS DE NOVOS INSTRUMENTOS EM ANÁLISE OU EM FASE DE FORMALIZAÇÃO JUNTO AOS CONCEDENTES.
2027;1251;POLÍCIA MILITAR DO ESTADO DE MINAS GERAIS;PMMG;2.4.1.9.51.0.1.01.000;TRANSF. ESPECIAL UNIÃO - PRINC. - EMENDAS PARLAMENTARES INDIVIDUAIS;2;4;1;9;51;0;1;1;0;98;11000000;11000000;VALOR ESTIMADO COM BASE NOS INSTRUMENTOS JURÍDICOS VIGENTES, NAS RESPECTIVAS PREVISÕES DE INGRESSO DE RECURSOS E, QUANDO APLICÁVEL, EM PROPOSTAS DE NOVOS INSTRUMENTOS EM ANÁLISE OU EM FASE DE FORMALIZAÇÃO JUNTO AOS CONCEDENTES.
2027;1251;POLÍCIA MILITAR DO ESTADO DE MINAS GERAIS;PMMG;2.4.2.2.99.0.1.20.002;SEGURANÇA PÚBLICA - COMPANHIA DE SANEAMENTO DE MINAS GERAIS - COPASA;2;4;2;2;99;0;1;20;2;69;2032619;2032619;VALOR ESTIMADO COM BASE NOS INSTRUMENTOS JURÍDICOS VIGENTES, NAS RESPECTIVAS PREVISÕES DE INGRESSO DE RECURSOS E, QUANDO APLICÁVEL, EM PROPOSTAS DE NOVOS INSTRUMENTOS EM ANÁLISE OU EM FASE DE FORMALIZAÇÃO JUNTO AOS CONCEDENTES.
2027;1251;POLÍCIA MILITAR DO ESTADO DE MINAS GERAIS;PMMG;2.4.3.2.99.0.1.22.001;SEGURANÇA PÚBLICA - DIVERSOS MUNICÍPIOS;2;4;3;2;99;0;1;22;1;70;27833825;27755046;VALOR ESTIMADO COM BASE NOS INSTRUMENTOS JURÍDICOS VIGENTES, NAS RESPECTIVAS PREVISÕES DE INGRESSO DE RECURSOS E, QUANDO APLICÁVEL, EM PROPOSTAS DE NOVOS INSTRUMENTOS EM ANÁLISE OU EM FASE DE FORMALIZAÇÃO JUNTO AOS CONCEDENTES.
2027;1251;POLÍCIA MILITAR DO ESTADO DE MINAS GERAIS;PMMG;2.4.4.1.99.0.1.23.999;SEGURANÇA PÚBLICA - OUTROS;2;4;4;1;99;0;1;23;999;45;500;500;RECEITA NAO LINEAR  PREVISAO BASEADA NO VALOR MINIMO DE ARRECADACAO
2027;1251;POLÍCIA MILITAR DO ESTADO DE MINAS GERAIS;PMMG;2.4.4.1.99.0.1.23.999;SEGURANÇA PÚBLICA - OUTROS;2;4;4;1;99;0;1;23;999;68;21808;21808;VALOR ESTIMADO COM BASE NOS INSTRUMENTOS JURÍDICOS VIGENTES, NAS RESPECTIVAS PREVISÕES DE INGRESSO DE RECURSOS E, QUANDO APLICÁVEL, EM PROPOSTAS DE NOVOS INSTRUMENTOS EM ANÁLISE OU EM FASE DE FORMALIZAÇÃO JUNTO AOS CONCEDENTES.
2027;1251;POLÍCIA MILITAR DO ESTADO DE MINAS GERAIS;PMMG;2.4.4.1.99.0.1.50.999;SEGURANÇA PÚBLICA - OUTROS;2;4;4;1;99;0;1;50;999;9;0;7000000;VALOR ESTIMADO COM BASE NOS INSTRUMENTOS JURÍDICOS VIGENTES, NAS RESPECTIVAS PREVISÕES DE INGRESSO DE RECURSOS E, QUANDO APLICÁVEL, EM PROPOSTAS DE NOVOS INSTRUMENTOS EM ANÁLISE OU EM FASE DE FORMALIZAÇÃO JUNTO AOS CONCEDENTES.
2027;1251;POLÍCIA MILITAR DO ESTADO DE MINAS GERAIS;PMMG;2.4.4.1.99.0.1.50.999;SEGURANÇA PÚBLICA - OUTROS;2;4;4;1;99;0;1;50;999;45;171813;171813;MEDIA DAS ARRECADACOES DE 2023 A 2025 SEM CORRECAO INFLACIONARIA
2027;1251;POLÍCIA MILITAR DO ESTADO DE MINAS GERAIS;PMMG;2.4.9.1.99.0.1.23.000;OUTRAS TRANSF. PESSOAS FÍSICAS - PRINC. - SEGURANÇA PÚBLICA;2;4;9;1;99;0;1;23;0;45;4577;4577;ESTIMATIVA DE VALORES COM BASE NA MEDIA DE ARRECADACAO DE 2023 A 2025 ACRESCIDO DE CORRECAO PREVISTA DE 417 DE PROJECAO IPCA 2026 Bacen  Relatorio de Mercado Focus 20 marco de 2026
2027;1261;SECRETARIA DE ESTADO DE EDUCAÇÃO;SEE;1.3.2.1.01.0.1.01.000;REMUNERAÇÃO DEPÓSITOS BANCÁRIOS - PRINC.;1;3;2;1;1;0;1;1;0;3;250000;250000;VALOR ESTIMADO COM BASE NOS INSTRUMENTOS JURÍDICOS VIGENTES, NAS RESPECTIVAS PREVISÕES DE INGRESSO DE RECURSOS E, QUANDO APLICÁVEL, EM PROPOSTAS DE NOVOS INSTRUMENTOS EM ANÁLISE OU EM FASE DE FORMALIZAÇÃO JUNTO AOS CONCEDENTES.
2027;1261;SECRETARIA DE ESTADO DE EDUCAÇÃO;SEE;1.3.2.1.01.0.1.01.000;REMUNERAÇÃO DEPÓSITOS BANCÁRIOS - PRINC.;1;3;2;1;1;0;1;1;0;4;0;1000;VALOR ESTIMADO COM BASE NOS INSTRUMENTOS JURÍDICOS VIGENTES, NAS RESPECTIVAS PREVISÕES DE INGRESSO DE RECURSOS E, QUANDO APLICÁVEL, EM PROPOSTAS DE NOVOS INSTRUMENTOS EM ANÁLISE OU EM FASE DE FORMALIZAÇÃO JUNTO AOS CONCEDENTES.
2027;1261;SECRETARIA DE ESTADO DE EDUCAÇÃO;SEE;1.3.2.1.01.0.1.01.000;REMUNERAÇÃO DEPÓSITOS BANCÁRIOS - PRINC.;1;3;2;1;1;0;1;1;0;21;71490596;71490596;Valor estimado para o exercício de 2027 com base no montante arrecadado em 2025 versus o IPCA projetado pelo Banco Central do Brasil para o ano de 2026. (Relatório Focus - 4,7%)
2027;1261;SECRETARIA DE ESTADO DE EDUCAÇÃO;SEE;1.3.2.1.01.0.1.01.000;REMUNERAÇÃO DEPÓSITOS BANCÁRIOS - PRINC.;1;3;2;1;1;0;1;1;0;23;186957216;186957216;Valor estimado para o exercício de 2027 com base no montante arrecadado em 2025 versus o IPCA projetado pelo Banco Central do Brasil para o ano de 2026. (Relatório Focus - 4,7%)
2027;1261;SECRETARIA DE ESTADO DE EDUCAÇÃO;SEE;1.3.2.1.01.0.1.01.000;REMUNERAÇÃO DEPÓSITOS BANCÁRIOS - PRINC.;1;3;2;1;1;0;1;1;0;24;116522;116522;VALOR ESTIMADO COM BASE NOS INSTRUMENTOS JURÍDICOS VIGENTES, NAS RESPECTIVAS PREVISÕES DE INGRESSO DE RECURSOS E, QUANDO APLICÁVEL, EM PROPOSTAS DE NOVOS INSTRUMENTOS EM ANÁLISE OU EM FASE DE FORMALIZAÇÃO JUNTO AOS CONCEDENTES.
2027;1261;SECRETARIA DE ESTADO DE EDUCAÇÃO;SEE;1.3.2.1.01.0.1.01.000;REMUNERAÇÃO DEPÓSITOS BANCÁRIOS - PRINC.;1;3;2;1;1;0;1;1;0;36;5000786;5000786;VALOR ESTIMADO COM BASE NOS INSTRUMENTOS JURÍDICOS VIGENTES, NAS RESPECTIVAS PREVISÕES DE INGRESSO DE RECURSOS E, QUANDO APLICÁVEL, EM PROPOSTAS DE NOVOS INSTRUMENTOS EM ANÁLISE OU EM FASE DE FORMALIZAÇÃO JUNTO AOS CONCEDENTES.
2027;1261;SECRETARIA DE ESTADO DE EDUCAÇÃO;SEE;1.3.2.1.01.0.1.01.000;REMUNERAÇÃO DEPÓSITOS BANCÁRIOS - PRINC.;1;3;2;1;1;0;1;1;0;98;200000;200000;VALOR ESTIMADO COM BASE NOS INSTRUMENTOS JURÍDICOS VIGENTES, NAS RESPECTIVAS PREVISÕES DE INGRESSO DE RECURSOS E, QUANDO APLICÁVEL, EM PROPOSTAS DE NOVOS INSTRUMENTOS EM ANÁLISE OU EM FASE DE FORMALIZAÇÃO JUNTO AOS CONCEDENTES.
2027;1261;SECRETARIA DE ESTADO DE EDUCAÇÃO;SEE;1.7.1.4.50.0.1.01.000;TRANSFERÊNCIAS DO SALÁRIO-EDUCAÇÃO - PRINC.;1;7;1;4;50;0;1;1;0;21;961700244;961700244;Valor estimado para o exercício de 2027 com base no montante arrecadado em 2025 versus o IPCA projetado pelo Banco Central do Brasil para o ano de 2026. (Relatório Focus - 4,7%)
2027;1261;SECRETARIA DE ESTADO DE EDUCAÇÃO;SEE;1.7.1.4.52.0.1.01.000;TRANSF. REF. PNAE - PRINC.;1;7;1;4;52;0;1;1;0;36;0;275000000;Previsão atualizada pela Casa Civil referente a IJ com da Educação. 
2027;1261;SECRETARIA DE ESTADO DE EDUCAÇÃO;SEE;1.7.1.4.99.0.1.99.000;OUTRAS TRANSF. DIRETAS FNDE - PRINC. - DEMAIS;1;7;1;4;99;0;1;99;0;3;5913678;5913678;VALOR ESTIMADO COM BASE NOS INSTRUMENTOS JURÍDICOS VIGENTES, NAS RESPECTIVAS PREVISÕES DE INGRESSO DE RECURSOS E, QUANDO APLICÁVEL, EM PROPOSTAS DE NOVOS INSTRUMENTOS EM ANÁLISE OU EM FASE DE FORMALIZAÇÃO JUNTO AOS CONCEDENTES.
2027;1261;SECRETARIA DE ESTADO DE EDUCAÇÃO;SEE;1.7.1.4.99.0.1.99.000;OUTRAS TRANSF. DIRETAS FNDE - PRINC. - DEMAIS;1;7;1;4;99;0;1;99;0;36;55814564;55814564;VALOR ESTIMADO COM BASE NOS INSTRUMENTOS JURÍDICOS VIGENTES, NAS RESPECTIVAS PREVISÕES DE INGRESSO DE RECURSOS E, QUANDO APLICÁVEL, EM PROPOSTAS DE NOVOS INSTRUMENTOS EM ANÁLISE OU EM FASE DE FORMALIZAÇÃO JUNTO AOS CONCEDENTES.
2027;1261;SECRETARIA DE ESTADO DE EDUCAÇÃO;SEE;1.7.1.5.53.0.1.01.000;TRANSF. FUNDEB MATRÍCULAS ETI - PRINC.;1;7;1;5;53;0;1;1;0;23;4761368;4761368;" Valor estimado para o exercício de 2027 com base no montante arrecadado em 2025 versus o IPCA projetado pelo Banco Central do Brasil para o ano de 2026. (Relatório Focus - 4,7%) 
"
2027;1261;SECRETARIA DE ESTADO DE EDUCAÇÃO;SEE;1.7.1.7.51.0.1.02.000;EDUCAÇÃO - INSTITUTO NACIONAL DE ESTUDOS E PESQUISAS EDUCACIONAIS ANÍSIO TEIXEIRA - INEP;1;7;1;7;51;0;1;2;0;24;294865;294865;VALOR ESTIMADO COM BASE NOS INSTRUMENTOS JURÍDICOS VIGENTES, NAS RESPECTIVAS PREVISÕES DE INGRESSO DE RECURSOS E, QUANDO APLICÁVEL, EM PROPOSTAS DE NOVOS INSTRUMENTOS EM ANÁLISE OU EM FASE DE FORMALIZAÇÃO JUNTO AOS CONCEDENTES.
2027;1261;SECRETARIA DE ESTADO DE EDUCAÇÃO;SEE;1.7.5.1.50.0.1.01.000;TRANSF. RECURSOS FUNDEB - PRINC. - PARCELA FPM;1;7;5;1;50;0;1;1;0;23;2677490633;2676120990;" Valor estimado para o exercício de 2027 com base no montante arrecadado em 2025 versus o IPCA projetado pelo Banco Central do Brasil para o ano de 2026. (Relatório Focus - 4,7%) 
"
2027;1261;SECRETARIA DE ESTADO DE EDUCAÇÃO;SEE;1.7.5.1.50.0.1.03.001;TRANSF. RECURSOS FUNDEB - PRINC. - PARCELA ICMS - PRINC.;1;7;5;1;50;0;1;3;1;23;8269144956;8031822881;" Valor estimado para o exercício de 2027 com base no montante arrecadado em 2025 versus o IPCA projetado pelo Banco Central do Brasil para o ano de 2026. (Relatório Focus - 4,7%) 
"
2027;1261;SECRETARIA DE ESTADO DE EDUCAÇÃO;SEE;1.7.5.1.50.0.1.03.002;TRANSF. RECURSOS FUNDEB - PRINC. - PARCELA ICMS - MULTAS E JUROS;1;7;5;1;50;0;1;3;2;23;88825366;88779929;Valor estimado para o exercício de 2027 com base no montante arrecadado em 2025 versus o IPCA projetado pelo Banco Central do Brasil para o ano de 2026. (Relatório Focus - 4,7%)
2027;1261;SECRETARIA DE ESTADO DE EDUCAÇÃO;SEE;1.7.5.1.50.0.1.03.003;TRANSF. RECURSOS FUNDEB - PRINC. - PARCELA ICMS - DA;1;7;5;1;50;0;1;3;3;23;70198893;70162983;Valor estimado para o exercício de 2027 com base no montante arrecadado em 2025 versus o IPCA projetado pelo Banco Central do Brasil para o ano de 2026. (Relatório Focus - 4,7%)
2027;1261;SECRETARIA DE ESTADO DE EDUCAÇÃO;SEE;1.7.5.1.50.0.1.04.001;TRANSF. RECURSOS FUNDEB - PRINC. - PARCELA IPI - PRINC.;1;7;5;1;50;0;1;4;1;23;87054;114913180;Valor estimado para o exercício de 2027 com base no montante arrecadado em 2025 versus o IPCA projetado pelo Banco Central do Brasil para o ano de 2026. (Relatório Focus - 4,7%)
2027;1261;SECRETARIA DE ESTADO DE EDUCAÇÃO;SEE;1.7.5.1.50.0.1.05.001;TRANSF. RECURSOS FUNDEB - PRINC. - PARCELA FPE - PRINC.;1;7;5;1;50;0;1;5;1;23;913873697;913406214;Valor estimado para o exercício de 2027 com base no montante arrecadado em 2025 versus o IPCA projetado pelo Banco Central do Brasil para o ano de 2026. (Relatório Focus - 4,7%).
2027;1261;SECRETARIA DE ESTADO DE EDUCAÇÃO;SEE;1.7.5.1.50.0.1.06.001;TRANSF. RECURSOS FUNDEB - PRINC. - PARCELA ITR - PRINC.;1;7;5;1;50;0;1;6;1;23;10225096;10270643;Valor estimado para o exercício de 2027 com base no montante arrecadado em 2025 versus o IPCA projetado pelo Banco Central do Brasil para o ano de 2026. (Relatório Focus - 4,7%).
2027;1261;SECRETARIA DE ESTADO DE EDUCAÇÃO;SEE;1.7.5.1.50.0.1.07.001;TRANSF. RECURSOS FUNDEB - PRINC. - PARCELA IPVA - PRINC.;1;7;5;1;50;0;1;7;1;23;1171790809;1171191391;Valor estimado para o exercício de 2027 com base no montante arrecadado em 2025 versus o IPCA projetado pelo Banco Central do Brasil para o ano de 2026. (Relatório Focus - 4,7%).
2027;1261;SECRETARIA DE ESTADO DE EDUCAÇÃO;SEE;1.7.5.1.50.0.1.07.002;TRANSF. RECURSOS FUNDEB - PRINC. - PARCELA IPVA - MULTAS E JUROS;1;7;5;1;50;0;1;7;2;23;76673975;76634753;Valor estimado para o exercício de 2027 com base no montante arrecadado em 2025 versus o IPCA projetado pelo Banco Central do Brasil para o ano de 2026. (Relatório Focus - 4,7%)
2027;1261;SECRETARIA DE ESTADO DE EDUCAÇÃO;SEE;1.7.5.1.50.0.1.07.003;TRANSF. RECURSOS FUNDEB - PRINC. - PARCELA IPVA - DA;1;7;5;1;50;0;1;7;3;23;30715773;30700061;Valor estimado para o exercício de 2027 com base no montante arrecadado em 2025 versus o IPCA projetado pelo Banco Central do Brasil para o ano de 2026. (Relatório Focus - 4,7%)
2027;1261;SECRETARIA DE ESTADO DE EDUCAÇÃO;SEE;1.7.5.1.50.0.1.08.001;TRANSF. RECURSOS FUNDEB - PRINC. - PARCELA ITCD - PRINC.;1;7;5;1;50;0;1;8;1;23;204357433;204252896;"Valor estimado para o exercício de 2027 com base no montante arrecadado em 2025 versus o IPCA projetado pelo Banco Central do Brasil para o ano de 2026. (Relatório Focus - 4,7%).
"
2027;1261;SECRETARIA DE ESTADO DE EDUCAÇÃO;SEE;1.7.5.1.50.0.1.08.002;TRANSF. RECURSOS FUNDEB - PRINC. - PARCELA ITCD - MULTAS E JUROS;1;7;5;1;50;0;1;8;2;23;17222927;17214116;Valor estimado para o exercício de 2027 com base no montante arrecadado em 2025 versus o IPCA projetado pelo Banco Central do Brasil para o ano de 2026. (Relatório Focus - 4,7%)
2027;1261;SECRETARIA DE ESTADO DE EDUCAÇÃO;SEE;1.7.5.1.50.0.1.08.003;TRANSF. RECURSOS FUNDEB - PRINC. - PARCELA ITCD - DA;1;7;5;1;50;0;1;8;3;23;2764997;2763583;Valor estimado para o exercício de 2027 com base no montante arrecadado em 2025 versus o IPCA projetado pelo Banco Central do Brasil para o ano de 2026. (Relatório Focus - 4,7%)
2027;1261;SECRETARIA DE ESTADO DE EDUCAÇÃO;SEE;1.7.5.1.50.0.1.09.001;TRANSF. RECURSOS FUNDEB - PRINC. - PARCELA ADICIONAL ICMS - FEM - PRINC.;1;7;5;1;50;0;1;9;1;23;;97450415;Receitas SEF - Previsão de novas receitas na LOA 2027 em relação à LDO 2027
2027;1261;SECRETARIA DE ESTADO DE EDUCAÇÃO;SEE;1.7.5.1.50.0.1.09.005;TRANSF. RECURSOS FUNDEB - PRINC. - PARCELA ADICIONAL ICMS - FEM - EXERCÍCIOS ANTERIORES;1;7;5;1;50;0;1;9;5;23;53378492;162484816;"Valor estimado para o exercício de 2027 com base no montante arrecadado em 2025 versus o IPCA projetado pelo Banco Central do Brasil para o ano de 2026. (Relatório Focus - 4,7%).
"
2027;1261;SECRETARIA DE ESTADO DE EDUCAÇÃO;SEE;1.9.2.2.51.0.1.02.000;RESTITUIÇÕES RECURSOS FUNDEB - PRINC. - REMUNERAÇÃO FOLHA PAGAMENTO - PESSOAL ATIVO;1;9;2;2;51;0;1;2;0;23;15735007;15735007;Valor estimado para o exercício de 2027 com base no montante arrecadado em 2025 versus o IPCA projetado pelo Banco Central do Brasil para o ano de 2026. (Relatório Focus - 4,7%).
2027;1261;SECRETARIA DE ESTADO DE EDUCAÇÃO;SEE;1.9.2.2.51.0.1.99.000;RESTITUIÇÕES RECURSOS FUNDEB - PRINC. - DEMAIS;1;9;2;2;51;0;1;99;0;13;7188933;7188933;Base na média de restituições arrecadadas nos exercícios anteriores.
2027;1261;SECRETARIA DE ESTADO DE EDUCAÇÃO;SEE;1.9.2.2.51.0.1.99.000;RESTITUIÇÕES RECURSOS FUNDEB - PRINC. - DEMAIS;1;9;2;2;51;0;1;99;0;23;;110883108;Inclui as receitas de restituição para fontes já fechadas de pessoal
2027;1261;SECRETARIA DE ESTADO DE EDUCAÇÃO;SEE;1.9.2.2.99.0.1.99.000;OUTRAS RESTITUIÇÕES - PRINC. - DEMAIS;1;9;2;2;99;0;1;99;0;3;10000;10000;VALOR ESTIMADO COM BASE NOS INSTRUMENTOS JURÍDICOS VIGENTES, NAS RESPECTIVAS PREVISÕES DE INGRESSO DE RECURSOS E, QUANDO APLICÁVEL, EM PROPOSTAS DE NOVOS INSTRUMENTOS EM ANÁLISE OU EM FASE DE FORMALIZAÇÃO JUNTO AOS CONCEDENTES.
2027;1261;SECRETARIA DE ESTADO DE EDUCAÇÃO;SEE;1.9.2.2.99.0.1.99.000;OUTRAS RESTITUIÇÕES - PRINC. - DEMAIS;1;9;2;2;99;0;1;99;0;4;0;1000;VALOR ESTIMADO COM BASE NOS INSTRUMENTOS JURÍDICOS VIGENTES, NAS RESPECTIVAS PREVISÕES DE INGRESSO DE RECURSOS E, QUANDO APLICÁVEL, EM PROPOSTAS DE NOVOS INSTRUMENTOS EM ANÁLISE OU EM FASE DE FORMALIZAÇÃO JUNTO AOS CONCEDENTES.
2027;1261;SECRETARIA DE ESTADO DE EDUCAÇÃO;SEE;1.9.2.2.99.0.1.99.000;OUTRAS RESTITUIÇÕES - PRINC. - DEMAIS;1;9;2;2;99;0;1;99;0;24;10000;10000;VALOR ESTIMADO COM BASE NOS INSTRUMENTOS JURÍDICOS VIGENTES, NAS RESPECTIVAS PREVISÕES DE INGRESSO DE RECURSOS E, QUANDO APLICÁVEL, EM PROPOSTAS DE NOVOS INSTRUMENTOS EM ANÁLISE OU EM FASE DE FORMALIZAÇÃO JUNTO AOS CONCEDENTES.
2027;1261;SECRETARIA DE ESTADO DE EDUCAÇÃO;SEE;1.9.2.2.99.0.1.99.000;OUTRAS RESTITUIÇÕES - PRINC. - DEMAIS;1;9;2;2;99;0;1;99;0;36;100000;100000;VALOR ESTIMADO COM BASE NOS INSTRUMENTOS JURÍDICOS VIGENTES, NAS RESPECTIVAS PREVISÕES DE INGRESSO DE RECURSOS E, QUANDO APLICÁVEL, EM PROPOSTAS DE NOVOS INSTRUMENTOS EM ANÁLISE OU EM FASE DE FORMALIZAÇÃO JUNTO AOS CONCEDENTES.
2027;1261;SECRETARIA DE ESTADO DE EDUCAÇÃO;SEE;1.9.2.2.99.0.1.99.000;OUTRAS RESTITUIÇÕES - PRINC. - DEMAIS;1;9;2;2;99;0;1;99;0;98;10000;10000;VALOR ESTIMADO COM BASE NOS INSTRUMENTOS JURÍDICOS VIGENTES, NAS RESPECTIVAS PREVISÕES DE INGRESSO DE RECURSOS E, QUANDO APLICÁVEL, EM PROPOSTAS DE NOVOS INSTRUMENTOS EM ANÁLISE OU EM FASE DE FORMALIZAÇÃO JUNTO AOS CONCEDENTES.
2027;1261;SECRETARIA DE ESTADO DE EDUCAÇÃO;SEE;2.4.1.2.50.9.1.02.000;EDUCAÇÃO - FNDE - CONSTRUÇÃO DE QUADRAS POLIESPORTIVAS;2;4;1;2;50;9;1;2;0;36;80049589;80049589;VALOR ESTIMADO COM BASE NOS INSTRUMENTOS JURÍDICOS VIGENTES, NAS RESPECTIVAS PREVISÕES DE INGRESSO DE RECURSOS E, QUANDO APLICÁVEL, EM PROPOSTAS DE NOVOS INSTRUMENTOS EM ANÁLISE OU EM FASE DE FORMALIZAÇÃO JUNTO AOS CONCEDENTES.
2027;1261;SECRETARIA DE ESTADO DE EDUCAÇÃO;SEE;2.4.1.2.50.9.1.99.000;EDUCAÇÃO - FNDE - DEMAIS;2;4;1;2;50;9;1;99;0;3;1949749;1949749;VALOR ESTIMADO COM BASE NOS INSTRUMENTOS JURÍDICOS VIGENTES, NAS RESPECTIVAS PREVISÕES DE INGRESSO DE RECURSOS E, QUANDO APLICÁVEL, EM PROPOSTAS DE NOVOS INSTRUMENTOS EM ANÁLISE OU EM FASE DE FORMALIZAÇÃO JUNTO AOS CONCEDENTES.
2027;1261;SECRETARIA DE ESTADO DE EDUCAÇÃO;SEE;2.4.1.2.50.9.1.99.000;EDUCAÇÃO - FNDE - DEMAIS;2;4;1;2;50;9;1;99;0;4;0;74086748;VALOR ESTIMADO COM BASE NOS INSTRUMENTOS JURÍDICOS VIGENTES, NAS RESPECTIVAS PREVISÕES DE INGRESSO DE RECURSOS E, QUANDO APLICÁVEL, EM PROPOSTAS DE NOVOS INSTRUMENTOS EM ANÁLISE OU EM FASE DE FORMALIZAÇÃO JUNTO AOS CONCEDENTES.
2027;1261;SECRETARIA DE ESTADO DE EDUCAÇÃO;SEE;2.4.1.2.50.9.1.99.000;EDUCAÇÃO - FNDE - DEMAIS;2;4;1;2;50;9;1;99;0;36;467932;467932;VALOR ESTIMADO COM BASE NOS INSTRUMENTOS JURÍDICOS VIGENTES, NAS RESPECTIVAS PREVISÕES DE INGRESSO DE RECURSOS E, QUANDO APLICÁVEL, EM PROPOSTAS DE NOVOS INSTRUMENTOS EM ANÁLISE OU EM FASE DE FORMALIZAÇÃO JUNTO AOS CONCEDENTES.
2027;1261;SECRETARIA DE ESTADO DE EDUCAÇÃO;SEE;2.4.1.4.51.0.1.01.000;EDUCAÇÃO - INSTITUTO NACIONAL DE ESTUDOS E PESQUISAS EDUCACIONAIS ANÍSIO TEIXEIRA - INEP;2;4;1;4;51;0;1;1;0;24;268586;268586;VALOR ESTIMADO COM BASE NOS INSTRUMENTOS JURÍDICOS VIGENTES, NAS RESPECTIVAS PREVISÕES DE INGRESSO DE RECURSOS E, QUANDO APLICÁVEL, EM PROPOSTAS DE NOVOS INSTRUMENTOS EM ANÁLISE OU EM FASE DE FORMALIZAÇÃO JUNTO AOS CONCEDENTES.
2027;1261;SECRETARIA DE ESTADO DE EDUCAÇÃO;SEE;2.4.1.4.99.0.1.11.001;CULTURA - MINISTÉRIO DA CULTURA;2;4;1;4;99;0;1;11;1;24;1131345;1131345;VALOR ESTIMADO COM BASE NOS INSTRUMENTOS JURÍDICOS VIGENTES, NAS RESPECTIVAS PREVISÕES DE INGRESSO DE RECURSOS E, QUANDO APLICÁVEL, EM PROPOSTAS DE NOVOS INSTRUMENTOS EM ANÁLISE OU EM FASE DE FORMALIZAÇÃO JUNTO AOS CONCEDENTES.
2027;1261;SECRETARIA DE ESTADO DE EDUCAÇÃO;SEE;2.4.1.9.51.0.1.01.000;TRANSF. ESPECIAL UNIÃO - PRINC. - EMENDAS PARLAMENTARES INDIVIDUAIS;2;4;1;9;51;0;1;1;0;98;2500000;2500000;VALOR ESTIMADO COM BASE NOS INSTRUMENTOS JURÍDICOS VIGENTES, NAS RESPECTIVAS PREVISÕES DE INGRESSO DE RECURSOS E, QUANDO APLICÁVEL, EM PROPOSTAS DE NOVOS INSTRUMENTOS EM ANÁLISE OU EM FASE DE FORMALIZAÇÃO JUNTO AOS CONCEDENTES.
2027;1271;SECRETARIA DE ESTADO DE CULTURA E TURISMO;SECULT;1.3.2.1.01.0.1.01.000;REMUNERAÇÃO DEPÓSITOS BANCÁRIOS - PRINC.;1;3;2;1;1;0;1;1;0;16;1000;1000;VALOR ESTIMADO COM BASE NOS INSTRUMENTOS JURÍDICOS VIGENTES, NAS RESPECTIVAS PREVISÕES DE INGRESSO DE RECURSOS E, QUANDO APLICÁVEL, EM PROPOSTAS DE NOVOS INSTRUMENTOS EM ANÁLISE OU EM FASE DE FORMALIZAÇÃO JUNTO AOS CONCEDENTES.
2027;1271;SECRETARIA DE ESTADO DE CULTURA E TURISMO;SECULT;1.3.2.1.01.0.1.01.000;REMUNERAÇÃO DEPÓSITOS BANCÁRIOS - PRINC.;1;3;2;1;1;0;1;1;0;24;1000;1000;VALOR ESTIMADO COM BASE NOS INSTRUMENTOS JURÍDICOS VIGENTES, NAS RESPECTIVAS PREVISÕES DE INGRESSO DE RECURSOS E, QUANDO APLICÁVEL, EM PROPOSTAS DE NOVOS INSTRUMENTOS EM ANÁLISE OU EM FASE DE FORMALIZAÇÃO JUNTO AOS CONCEDENTES.
2027;1271;SECRETARIA DE ESTADO DE CULTURA E TURISMO;SECULT;1.3.2.1.01.0.1.01.000;REMUNERAÇÃO DEPÓSITOS BANCÁRIOS - PRINC.;1;3;2;1;1;0;1;1;0;69;1000;1000;VALOR ESTIMADO COM BASE NOS INSTRUMENTOS JURÍDICOS VIGENTES, NAS RESPECTIVAS PREVISÕES DE INGRESSO DE RECURSOS E, QUANDO APLICÁVEL, EM PROPOSTAS DE NOVOS INSTRUMENTOS EM ANÁLISE OU EM FASE DE FORMALIZAÇÃO JUNTO AOS CONCEDENTES.
2027;1271;SECRETARIA DE ESTADO DE CULTURA E TURISMO;SECULT;1.7.1.7.99.0.1.09.005;CULTURA - MINISTÉRIO DA CULTURA;1;7;1;7;99;0;1;9;5;24;420860;420860;VALOR ESTIMADO COM BASE NOS INSTRUMENTOS JURÍDICOS VIGENTES, NAS RESPECTIVAS PREVISÕES DE INGRESSO DE RECURSOS E, QUANDO APLICÁVEL, EM PROPOSTAS DE NOVOS INSTRUMENTOS EM ANÁLISE OU EM FASE DE FORMALIZAÇÃO JUNTO AOS CONCEDENTES.
2027;1271;SECRETARIA DE ESTADO DE CULTURA E TURISMO;SECULT;1.7.1.9.99.0.1.28.000;OUTRAS TRANSF. UNIÃO ENTIDADES - POLÍTICA NACIONAL ALDIR BLANC DE FOMENTO À CULTURA;1;7;1;9;99;0;1;28;0;16;1000;1000;VALOR ESTIMADO COM BASE NOS INSTRUMENTOS JURÍDICOS VIGENTES, NAS RESPECTIVAS PREVISÕES DE INGRESSO DE RECURSOS E, QUANDO APLICÁVEL, EM PROPOSTAS DE NOVOS INSTRUMENTOS EM ANÁLISE OU EM FASE DE FORMALIZAÇÃO JUNTO AOS CONCEDENTES.
2027;1271;SECRETARIA DE ESTADO DE CULTURA E TURISMO;SECULT;1.9.2.2.99.0.1.99.000;OUTRAS RESTITUIÇÕES - PRINC. - DEMAIS;1;9;2;2;99;0;1;99;0;16;1000;1000;VALOR ESTIMADO COM BASE NOS INSTRUMENTOS JURÍDICOS VIGENTES, NAS RESPECTIVAS PREVISÕES DE INGRESSO DE RECURSOS E, QUANDO APLICÁVEL, EM PROPOSTAS DE NOVOS INSTRUMENTOS EM ANÁLISE OU EM FASE DE FORMALIZAÇÃO JUNTO AOS CONCEDENTES.
2027;1271;SECRETARIA DE ESTADO DE CULTURA E TURISMO;SECULT;1.9.2.2.99.0.1.99.000;OUTRAS RESTITUIÇÕES - PRINC. - DEMAIS;1;9;2;2;99;0;1;99;0;24;1000;1000;VALOR ESTIMADO COM BASE NOS INSTRUMENTOS JURÍDICOS VIGENTES, NAS RESPECTIVAS PREVISÕES DE INGRESSO DE RECURSOS E, QUANDO APLICÁVEL, EM PROPOSTAS DE NOVOS INSTRUMENTOS EM ANÁLISE OU EM FASE DE FORMALIZAÇÃO JUNTO AOS CONCEDENTES.
2027;1271;SECRETARIA DE ESTADO DE CULTURA E TURISMO;SECULT;1.9.2.2.99.0.1.99.000;OUTRAS RESTITUIÇÕES - PRINC. - DEMAIS;1;9;2;2;99;0;1;99;0;69;1000;1000;VALOR ESTIMADO COM BASE NOS INSTRUMENTOS JURÍDICOS VIGENTES, NAS RESPECTIVAS PREVISÕES DE INGRESSO DE RECURSOS E, QUANDO APLICÁVEL, EM PROPOSTAS DE NOVOS INSTRUMENTOS EM ANÁLISE OU EM FASE DE FORMALIZAÇÃO JUNTO AOS CONCEDENTES.
2027;1271;SECRETARIA DE ESTADO DE CULTURA E TURISMO;SECULT;2.4.1.4.99.0.1.11.001;CULTURA - MINISTÉRIO DA CULTURA;2;4;1;4;99;0;1;11;1;24;41645721;41645721;VALOR ESTIMADO COM BASE NOS INSTRUMENTOS JURÍDICOS VIGENTES, NAS RESPECTIVAS PREVISÕES DE INGRESSO DE RECURSOS E, QUANDO APLICÁVEL, EM PROPOSTAS DE NOVOS INSTRUMENTOS EM ANÁLISE OU EM FASE DE FORMALIZAÇÃO JUNTO AOS CONCEDENTES.
2027;1271;SECRETARIA DE ESTADO DE CULTURA E TURISMO;SECULT;2.4.2.2.99.0.1.11.001;CULTURA - COMPANHIA DE DESENVOLVIMENTO ECONÔMICO DO ESTADO DE MINAS GERAIS - CODEMIG;2;4;2;2;99;0;1;11;1;69;743037;743037;VALOR ESTIMADO COM BASE NOS INSTRUMENTOS JURÍDICOS VIGENTES, NAS RESPECTIVAS PREVISÕES DE INGRESSO DE RECURSOS E, QUANDO APLICÁVEL, EM PROPOSTAS DE NOVOS INSTRUMENTOS EM ANÁLISE OU EM FASE DE FORMALIZAÇÃO JUNTO AOS CONCEDENTES.
2027;1301;SECRETARIA DE ESTADO DE INFRAESTRUTURA, MOBILIDADE E PARCERIAS;SEINFRA;1.3.2.1.01.0.1.01.000;REMUNERAÇÃO DEPÓSITOS BANCÁRIOS - PRINC.;1;3;2;1;1;0;1;1;0;24;2000;2000;VALOR ESTIMADO COM BASE NOS INSTRUMENTOS JURÍDICOS VIGENTES, NAS RESPECTIVAS PREVISÕES DE INGRESSO DE RECURSOS E, QUANDO APLICÁVEL, EM PROPOSTAS DE NOVOS INSTRUMENTOS EM ANÁLISE OU EM FASE DE FORMALIZAÇÃO JUNTO AOS CONCEDENTES.
2027;1301;SECRETARIA DE ESTADO DE INFRAESTRUTURA, MOBILIDADE E PARCERIAS;SEINFRA;1.3.2.1.01.0.1.01.000;REMUNERAÇÃO DEPÓSITOS BANCÁRIOS - PRINC.;1;3;2;1;1;0;1;1;0;70;1000;1000;VALOR ESTIMADO COM BASE NOS INSTRUMENTOS JURÍDICOS VIGENTES, NAS RESPECTIVAS PREVISÕES DE INGRESSO DE RECURSOS E, QUANDO APLICÁVEL, EM PROPOSTAS DE NOVOS INSTRUMENTOS EM ANÁLISE OU EM FASE DE FORMALIZAÇÃO JUNTO AOS CONCEDENTES.
2027;1301;SECRETARIA DE ESTADO DE INFRAESTRUTURA, MOBILIDADE E PARCERIAS;SEINFRA;1.3.2.1.01.0.1.01.000;REMUNERAÇÃO DEPÓSITOS BANCÁRIOS - PRINC.;1;3;2;1;1;0;1;1;0;98;1000;1000;VALOR ESTIMADO COM BASE NOS INSTRUMENTOS JURÍDICOS VIGENTES, NAS RESPECTIVAS PREVISÕES DE INGRESSO DE RECURSOS E, QUANDO APLICÁVEL, EM PROPOSTAS DE NOVOS INSTRUMENTOS EM ANÁLISE OU EM FASE DE FORMALIZAÇÃO JUNTO AOS CONCEDENTES.
2027;1301;SECRETARIA DE ESTADO DE INFRAESTRUTURA, MOBILIDADE E PARCERIAS;SEINFRA;1.9.2.2.99.0.1.99.000;OUTRAS RESTITUIÇÕES - PRINC. - DEMAIS;1;9;2;2;99;0;1;99;0;24;2000;2000;VALOR ESTIMADO COM BASE NOS INSTRUMENTOS JURÍDICOS VIGENTES, NAS RESPECTIVAS PREVISÕES DE INGRESSO DE RECURSOS E, QUANDO APLICÁVEL, EM PROPOSTAS DE NOVOS INSTRUMENTOS EM ANÁLISE OU EM FASE DE FORMALIZAÇÃO JUNTO AOS CONCEDENTES.
2027;1301;SECRETARIA DE ESTADO DE INFRAESTRUTURA, MOBILIDADE E PARCERIAS;SEINFRA;1.9.2.2.99.0.1.99.000;OUTRAS RESTITUIÇÕES - PRINC. - DEMAIS;1;9;2;2;99;0;1;99;0;70;1000;1000;VALOR ESTIMADO COM BASE NOS INSTRUMENTOS JURÍDICOS VIGENTES, NAS RESPECTIVAS PREVISÕES DE INGRESSO DE RECURSOS E, QUANDO APLICÁVEL, EM PROPOSTAS DE NOVOS INSTRUMENTOS EM ANÁLISE OU EM FASE DE FORMALIZAÇÃO JUNTO AOS CONCEDENTES.
2027;1301;SECRETARIA DE ESTADO DE INFRAESTRUTURA, MOBILIDADE E PARCERIAS;SEINFRA;1.9.2.2.99.0.1.99.000;OUTRAS RESTITUIÇÕES - PRINC. - DEMAIS;1;9;2;2;99;0;1;99;0;98;1000;1000;VALOR ESTIMADO COM BASE NOS INSTRUMENTOS JURÍDICOS VIGENTES, NAS RESPECTIVAS PREVISÕES DE INGRESSO DE RECURSOS E, QUANDO APLICÁVEL, EM PROPOSTAS DE NOVOS INSTRUMENTOS EM ANÁLISE OU EM FASE DE FORMALIZAÇÃO JUNTO AOS CONCEDENTES.
2027;1301;SECRETARIA DE ESTADO DE INFRAESTRUTURA, MOBILIDADE E PARCERIAS;SEINFRA;1.9.9.9.99.2.1.08.001;OUTRAS REC. - PRIMÁRIAS - PRINC. - RECEITAS ADICIONAIS À CONCESSÃO - PPP - AEROPORTUÁRIA;1;9;9;9;99;2;1;8;1;59;727000;727000;O valor estimado da receita de fonte 59 - Aeroporto da Pampulha para o ano de 2027, é de aproximadamente R$ 727.000,00 (1,56% de 46,6 milhões), com base nos estudos de viabilidade da referida concessão pública.
2027;1301;SECRETARIA DE ESTADO DE INFRAESTRUTURA, MOBILIDADE E PARCERIAS;SEINFRA;2.4.1.4.54.0.1.02.000;TRANSPORTE - MINISTÉRIO DAS CIDADES;2;4;1;4;54;0;1;2;0;24;221059316;210084236;VALOR ESTIMADO COM BASE NOS INSTRUMENTOS JURÍDICOS VIGENTES, NAS RESPECTIVAS PREVISÕES DE INGRESSO DE RECURSOS E, QUANDO APLICÁVEL, EM PROPOSTAS DE NOVOS INSTRUMENTOS EM ANÁLISE OU EM FASE DE FORMALIZAÇÃO JUNTO AOS CONCEDENTES.
2027;1301;SECRETARIA DE ESTADO DE INFRAESTRUTURA, MOBILIDADE E PARCERIAS;SEINFRA;2.4.1.4.54.0.1.03.000;TRANSPORTE - MINISTÉRIO DO DESENVOLVIMENTO REGIONAL;2;4;1;4;54;0;1;3;0;24;121299774;131302926;VALOR ESTIMADO COM BASE NOS INSTRUMENTOS JURÍDICOS VIGENTES, NAS RESPECTIVAS PREVISÕES DE INGRESSO DE RECURSOS E, QUANDO APLICÁVEL, EM PROPOSTAS DE NOVOS INSTRUMENTOS EM ANÁLISE OU EM FASE DE FORMALIZAÇÃO JUNTO AOS CONCEDENTES.
2027;1301;SECRETARIA DE ESTADO DE INFRAESTRUTURA, MOBILIDADE E PARCERIAS;SEINFRA;2.4.1.9.51.0.1.01.000;TRANSF. ESPECIAL UNIÃO - PRINC. - EMENDAS PARLAMENTARES INDIVIDUAIS;2;4;1;9;51;0;1;1;0;98;1000;1000;VALOR ESTIMADO COM BASE NOS INSTRUMENTOS JURÍDICOS VIGENTES, NAS RESPECTIVAS PREVISÕES DE INGRESSO DE RECURSOS E, QUANDO APLICÁVEL, EM PROPOSTAS DE NOVOS INSTRUMENTOS EM ANÁLISE OU EM FASE DE FORMALIZAÇÃO JUNTO AOS CONCEDENTES.
2027;1301;SECRETARIA DE ESTADO DE INFRAESTRUTURA, MOBILIDADE E PARCERIAS;SEINFRA;2.4.3.2.99.0.1.17.001;TRANSPORTE - DIVERSOS MUNICÍPIOS;2;4;3;2;99;0;1;17;1;70;12553549;12553549;VALOR ESTIMADO COM BASE NOS INSTRUMENTOS JURÍDICOS VIGENTES, NAS RESPECTIVAS PREVISÕES DE INGRESSO DE RECURSOS E, QUANDO APLICÁVEL, EM PROPOSTAS DE NOVOS INSTRUMENTOS EM ANÁLISE OU EM FASE DE FORMALIZAÇÃO JUNTO AOS CONCEDENTES.
2027;1301;SECRETARIA DE ESTADO DE INFRAESTRUTURA, MOBILIDADE E PARCERIAS;SEINFRA;2.4.4.1.99.0.1.18.004;INFRAESTRUTURA - EMPRESAS DO SETOR SUCROENERGÉTICO;2;4;4;1;99;0;1;18;4;74;1000000;1000000;Previsão baseado no histórico de valores recebidos pela Seinfra
2027;1371;SECRETARIA DE ESTADO DE MEIO AMBIENTE E DESENVOLVIMENTO SUSTENTÁVEL;SEMAD;1.3.2.1.01.0.1.01.000;REMUNERAÇÃO DEPÓSITOS BANCÁRIOS - PRINC.;1;3;2;1;1;0;1;1;0;9;1000;1000;VALOR ESTIMADO COM BASE NOS INSTRUMENTOS JURÍDICOS VIGENTES, NAS RESPECTIVAS PREVISÕES DE INGRESSO DE RECURSOS E, QUANDO APLICÁVEL, EM PROPOSTAS DE NOVOS INSTRUMENTOS EM ANÁLISE OU EM FASE DE FORMALIZAÇÃO JUNTO AOS CONCEDENTES.
2027;1371;SECRETARIA DE ESTADO DE MEIO AMBIENTE E DESENVOLVIMENTO SUSTENTÁVEL;SEMAD;1.3.2.1.01.0.1.01.000;REMUNERAÇÃO DEPÓSITOS BANCÁRIOS - PRINC.;1;3;2;1;1;0;1;1;0;24;1000;1000;VALOR ESTIMADO COM BASE NOS INSTRUMENTOS JURÍDICOS VIGENTES, NAS RESPECTIVAS PREVISÕES DE INGRESSO DE RECURSOS E, QUANDO APLICÁVEL, EM PROPOSTAS DE NOVOS INSTRUMENTOS EM ANÁLISE OU EM FASE DE FORMALIZAÇÃO JUNTO AOS CONCEDENTES.
2027;1371;SECRETARIA DE ESTADO DE MEIO AMBIENTE E DESENVOLVIMENTO SUSTENTÁVEL;SEMAD;1.3.2.1.01.0.1.01.000;REMUNERAÇÃO DEPÓSITOS BANCÁRIOS - PRINC.;1;3;2;1;1;0;1;1;0;98;1000;1000;VALOR ESTIMADO COM BASE NOS INSTRUMENTOS JURÍDICOS VIGENTES, NAS RESPECTIVAS PREVISÕES DE INGRESSO DE RECURSOS E, QUANDO APLICÁVEL, EM PROPOSTAS DE NOVOS INSTRUMENTOS EM ANÁLISE OU EM FASE DE FORMALIZAÇÃO JUNTO AOS CONCEDENTES.
2027;1371;SECRETARIA DE ESTADO DE MEIO AMBIENTE E DESENVOLVIMENTO SUSTENTÁVEL;SEMAD;1.7.1.7.54.0.1.02.000;SANEAMENTO - MINISTÉRIO DAS CIDADES;1;7;1;7;54;0;1;2;0;24;328986;328986;VALOR ESTIMADO COM BASE NOS INSTRUMENTOS JURÍDICOS VIGENTES, NAS RESPECTIVAS PREVISÕES DE INGRESSO DE RECURSOS E, QUANDO APLICÁVEL, EM PROPOSTAS DE NOVOS INSTRUMENTOS EM ANÁLISE OU EM FASE DE FORMALIZAÇÃO JUNTO AOS CONCEDENTES.
2027;1371;SECRETARIA DE ESTADO DE MEIO AMBIENTE E DESENVOLVIMENTO SUSTENTÁVEL;SEMAD;1.7.1.7.99.0.1.16.001;MEIO AMBIENTE - MINISTÉRIO DO MEIO AMBIENTE;1;7;1;7;99;0;1;16;1;24;1754750;1754750;VALOR ESTIMADO COM BASE NOS INSTRUMENTOS JURÍDICOS VIGENTES, NAS RESPECTIVAS PREVISÕES DE INGRESSO DE RECURSOS E, QUANDO APLICÁVEL, EM PROPOSTAS DE NOVOS INSTRUMENTOS EM ANÁLISE OU EM FASE DE FORMALIZAÇÃO JUNTO AOS CONCEDENTES.
2027;1371;SECRETARIA DE ESTADO DE MEIO AMBIENTE E DESENVOLVIMENTO SUSTENTÁVEL;SEMAD;1.7.1.7.99.0.1.16.003;MEIO AMBIENTE - MINISTÉRIO DO DESENVOLVIMENTO REGIONAL;1;7;1;7;99;0;1;16;3;24;645750;645750;VALOR ESTIMADO COM BASE NOS INSTRUMENTOS JURÍDICOS VIGENTES, NAS RESPECTIVAS PREVISÕES DE INGRESSO DE RECURSOS E, QUANDO APLICÁVEL, EM PROPOSTAS DE NOVOS INSTRUMENTOS EM ANÁLISE OU EM FASE DE FORMALIZAÇÃO JUNTO AOS CONCEDENTES.
2027;1371;SECRETARIA DE ESTADO DE MEIO AMBIENTE E DESENVOLVIMENTO SUSTENTÁVEL;SEMAD;1.9.1.1.06.1.1.01.000;MULTAS ADM. DANOS AMBIENTAIS - PRINC.;1;9;1;1;6;1;1;1;0;79;14685491;14685491;Corresponde à arrecadação média de 2025 e 2026, majorada pelo fator de crescimento esperado do PIB em 2026, 1,6% na estimativa do BACEN, disponível em https://agenciabrasil.ebc.com.br/economia/noticia/2026-03/banco-central-preve-crescimento-de-16-para-o-pib-em-2026
2027;1371;SECRETARIA DE ESTADO DE MEIO AMBIENTE E DESENVOLVIMENTO SUSTENTÁVEL;SEMAD;1.9.2.2.99.0.1.99.000;OUTRAS RESTITUIÇÕES - PRINC. - DEMAIS;1;9;2;2;99;0;1;99;0;9;1000;1000;VALOR ESTIMADO COM BASE NOS INSTRUMENTOS JURÍDICOS VIGENTES, NAS RESPECTIVAS PREVISÕES DE INGRESSO DE RECURSOS E, QUANDO APLICÁVEL, EM PROPOSTAS DE NOVOS INSTRUMENTOS EM ANÁLISE OU EM FASE DE FORMALIZAÇÃO JUNTO AOS CONCEDENTES.
2027;1371;SECRETARIA DE ESTADO DE MEIO AMBIENTE E DESENVOLVIMENTO SUSTENTÁVEL;SEMAD;1.9.2.2.99.0.1.99.000;OUTRAS RESTITUIÇÕES - PRINC. - DEMAIS;1;9;2;2;99;0;1;99;0;24;1000;1000;VALOR ESTIMADO COM BASE NOS INSTRUMENTOS JURÍDICOS VIGENTES, NAS RESPECTIVAS PREVISÕES DE INGRESSO DE RECURSOS E, QUANDO APLICÁVEL, EM PROPOSTAS DE NOVOS INSTRUMENTOS EM ANÁLISE OU EM FASE DE FORMALIZAÇÃO JUNTO AOS CONCEDENTES.
2027;1371;SECRETARIA DE ESTADO DE MEIO AMBIENTE E DESENVOLVIMENTO SUSTENTÁVEL;SEMAD;1.9.2.2.99.0.1.99.000;OUTRAS RESTITUIÇÕES - PRINC. - DEMAIS;1;9;2;2;99;0;1;99;0;98;1000;1000;VALOR ESTIMADO COM BASE NOS INSTRUMENTOS JURÍDICOS VIGENTES, NAS RESPECTIVAS PREVISÕES DE INGRESSO DE RECURSOS E, QUANDO APLICÁVEL, EM PROPOSTAS DE NOVOS INSTRUMENTOS EM ANÁLISE OU EM FASE DE FORMALIZAÇÃO JUNTO AOS CONCEDENTES.
2027;1371;SECRETARIA DE ESTADO DE MEIO AMBIENTE E DESENVOLVIMENTO SUSTENTÁVEL;SEMAD;2.4.1.4.52.0.1.02.000;SANEAMENTO - MINISTÉRIO DAS CIDADES;2;4;1;4;52;0;1;2;0;24;53830849;53830849;VALOR ESTIMADO COM BASE NOS INSTRUMENTOS JURÍDICOS VIGENTES, NAS RESPECTIVAS PREVISÕES DE INGRESSO DE RECURSOS E, QUANDO APLICÁVEL, EM PROPOSTAS DE NOVOS INSTRUMENTOS EM ANÁLISE OU EM FASE DE FORMALIZAÇÃO JUNTO AOS CONCEDENTES.
2027;1371;SECRETARIA DE ESTADO DE MEIO AMBIENTE E DESENVOLVIMENTO SUSTENTÁVEL;SEMAD;2.4.1.4.53.0.1.01.000;MEIO AMBIENTE - MINISTÉRIO DO MEIO AMBIENTE;2;4;1;4;53;0;1;1;0;24;529250;529250;VALOR ESTIMADO COM BASE NOS INSTRUMENTOS JURÍDICOS VIGENTES, NAS RESPECTIVAS PREVISÕES DE INGRESSO DE RECURSOS E, QUANDO APLICÁVEL, EM PROPOSTAS DE NOVOS INSTRUMENTOS EM ANÁLISE OU EM FASE DE FORMALIZAÇÃO JUNTO AOS CONCEDENTES.
2027;1371;SECRETARIA DE ESTADO DE MEIO AMBIENTE E DESENVOLVIMENTO SUSTENTÁVEL;SEMAD;2.4.1.4.53.0.1.04.000;MEIO AMBIENTE - MINISTÉRIO DA INTEGRAÇÃO E DO DESENVOLVIMENTO REGIONAL;2;4;1;4;53;0;1;4;0;24;9794000;9794000;VALOR ESTIMADO COM BASE NOS INSTRUMENTOS JURÍDICOS VIGENTES, NAS RESPECTIVAS PREVISÕES DE INGRESSO DE RECURSOS E, QUANDO APLICÁVEL, EM PROPOSTAS DE NOVOS INSTRUMENTOS EM ANÁLISE OU EM FASE DE FORMALIZAÇÃO JUNTO AOS CONCEDENTES.
2027;1371;SECRETARIA DE ESTADO DE MEIO AMBIENTE E DESENVOLVIMENTO SUSTENTÁVEL;SEMAD;2.4.1.9.51.0.1.01.000;TRANSF. ESPECIAL UNIÃO - PRINC. - EMENDAS PARLAMENTARES INDIVIDUAIS;2;4;1;9;51;0;1;1;0;98;1000;1000;VALOR ESTIMADO COM BASE NOS INSTRUMENTOS JURÍDICOS VIGENTES, NAS RESPECTIVAS PREVISÕES DE INGRESSO DE RECURSOS E, QUANDO APLICÁVEL, EM PROPOSTAS DE NOVOS INSTRUMENTOS EM ANÁLISE OU EM FASE DE FORMALIZAÇÃO JUNTO AOS CONCEDENTES.
2027;1371;SECRETARIA DE ESTADO DE MEIO AMBIENTE E DESENVOLVIMENTO SUSTENTÁVEL;SEMAD;2.4.4.1.99.0.1.46.999;MEIO AMBIENTE - OUTROS;2;4;4;1;99;0;1;46;999;9;8600000;8600000;VALOR ESTIMADO COM BASE NOS INSTRUMENTOS JURÍDICOS VIGENTES, NAS RESPECTIVAS PREVISÕES DE INGRESSO DE RECURSOS E, QUANDO APLICÁVEL, EM PROPOSTAS DE NOVOS INSTRUMENTOS EM ANÁLISE OU EM FASE DE FORMALIZAÇÃO JUNTO AOS CONCEDENTES.
2027;1401;CORPO DE BOMBEIROS MILITAR DO ESTADO DE MINAS GERAIS;CBMMG;1.3.1.1.01.1.1.02.000;ALUGUÉIS ARRENDAMENTOS - PRINC. - ARRENDAMENTOS;1;3;1;1;1;1;1;2;0;60;11932;11932;A ESTIMATIVA DE RECEITA CONSIDEROU A MEDIA DE ARRECADACAO TOMANDO POR BASE AS RECEITAS ARRECADADAS NOS ULTIMOS TRES EXERCICIOS 2023 2024 E 2025
2027;1401;CORPO DE BOMBEIROS MILITAR DO ESTADO DE MINAS GERAIS;CBMMG;1.3.1.1.01.1.2.02.000;ALUGUÉIS ARRENDAMENTOS - MJM - ARRENDAMENTOS;1;3;1;1;1;1;2;2;0;60;47;47;A ESTIMATIVA DE RECEITA CONSIDEROU A MEDIA DE ARRECADACAO TOMANDO POR BASE AS RECEITAS ARRECADADAS NOS ULTIMOS TRES EXERCICIOS 2023 2024 E 2025
2027;1401;CORPO DE BOMBEIROS MILITAR DO ESTADO DE MINAS GERAIS;CBMMG;1.3.2.1.01.0.1.01.000;REMUNERAÇÃO DEPÓSITOS BANCÁRIOS - PRINC.;1;3;2;1;1;0;1;1;0;2;702927;702927;VALOR ESTIMADO COM BASE NOS INSTRUMENTOS JURÍDICOS VIGENTES, NAS RESPECTIVAS PREVISÕES DE INGRESSO DE RECURSOS E, QUANDO APLICÁVEL, EM PROPOSTAS DE NOVOS INSTRUMENTOS EM ANÁLISE OU EM FASE DE FORMALIZAÇÃO JUNTO AOS CONCEDENTES.
2027;1401;CORPO DE BOMBEIROS MILITAR DO ESTADO DE MINAS GERAIS;CBMMG;1.3.2.1.01.0.1.01.000;REMUNERAÇÃO DEPÓSITOS BANCÁRIOS - PRINC.;1;3;2;1;1;0;1;1;0;24;98193;98193;VALOR ESTIMADO COM BASE NOS INSTRUMENTOS JURÍDICOS VIGENTES, NAS RESPECTIVAS PREVISÕES DE INGRESSO DE RECURSOS E, QUANDO APLICÁVEL, EM PROPOSTAS DE NOVOS INSTRUMENTOS EM ANÁLISE OU EM FASE DE FORMALIZAÇÃO JUNTO AOS CONCEDENTES.
2027;1401;CORPO DE BOMBEIROS MILITAR DO ESTADO DE MINAS GERAIS;CBMMG;1.3.2.1.01.0.1.01.000;REMUNERAÇÃO DEPÓSITOS BANCÁRIOS - PRINC.;1;3;2;1;1;0;1;1;0;66;38744;38744;VALOR ESTIMADO COM BASE NOS INSTRUMENTOS JURÍDICOS VIGENTES, NAS RESPECTIVAS PREVISÕES DE INGRESSO DE RECURSOS E, QUANDO APLICÁVEL, EM PROPOSTAS DE NOVOS INSTRUMENTOS EM ANÁLISE OU EM FASE DE FORMALIZAÇÃO JUNTO AOS CONCEDENTES.
2027;1401;CORPO DE BOMBEIROS MILITAR DO ESTADO DE MINAS GERAIS;CBMMG;1.3.2.1.01.0.1.01.000;REMUNERAÇÃO DEPÓSITOS BANCÁRIOS - PRINC.;1;3;2;1;1;0;1;1;0;70;209091;209091;VALOR ESTIMADO COM BASE NOS INSTRUMENTOS JURÍDICOS VIGENTES, NAS RESPECTIVAS PREVISÕES DE INGRESSO DE RECURSOS E, QUANDO APLICÁVEL, EM PROPOSTAS DE NOVOS INSTRUMENTOS EM ANÁLISE OU EM FASE DE FORMALIZAÇÃO JUNTO AOS CONCEDENTES.
2027;1401;CORPO DE BOMBEIROS MILITAR DO ESTADO DE MINAS GERAIS;CBMMG;1.3.2.1.01.0.1.01.000;REMUNERAÇÃO DEPÓSITOS BANCÁRIOS - PRINC.;1;3;2;1;1;0;1;1;0;98;772601;772601;VALOR ESTIMADO COM BASE NOS INSTRUMENTOS JURÍDICOS VIGENTES, NAS RESPECTIVAS PREVISÕES DE INGRESSO DE RECURSOS E, QUANDO APLICÁVEL, EM PROPOSTAS DE NOVOS INSTRUMENTOS EM ANÁLISE OU EM FASE DE FORMALIZAÇÃO JUNTO AOS CONCEDENTES.
2027;1401;CORPO DE BOMBEIROS MILITAR DO ESTADO DE MINAS GERAIS;CBMMG;1.6.1.1.01.0.1.11.000;SERVIÇOS ADM. COMERC. GER. - PRINC. - SEGURANÇA PÚBLICA;1;6;1;1;1;0;1;11;0;60;1821;1821;A ESTIMATIVA DE RECEITA CONSIDEROU A MEDIA DE ARRECADACAO TOMANDO POR BASE AS RECEITAS ARRECADADAS NOS ULTIMOS TRES EXERCICIOS 2023 2024 E 2025
2027;1401;CORPO DE BOMBEIROS MILITAR DO ESTADO DE MINAS GERAIS;CBMMG;1.6.1.1.01.0.1.27.000;SERVIÇOS ADM. COMERC. GER. - PRINC. - RECREATIVOS E CULTURAIS;1;6;1;1;1;0;1;27;0;60;167188;167188;A ESTIMATIVA DE RECEITA CONSIDEROU A MEDIA DE ARRECADACAO TOMANDO POR BASE AS RECEITAS ARRECADADAS NOS ULTIMOS TRES EXERCICIOS 2023 2024 E 2025
2027;1401;CORPO DE BOMBEIROS MILITAR DO ESTADO DE MINAS GERAIS;CBMMG;1.6.1.1.02.0.1.01.000;INSCRIÇÃO CONCURSOS PROCESSOS SELETIVOS - PRINC.;1;6;1;1;2;0;1;1;0;60;100;100;MANUTENCAO DO CODGO DE RECEITA AGUARDANDO AUTORIZACAO PARA  POSSIVEIS CONCURSOS PUBLICOS
2027;1401;CORPO DE BOMBEIROS MILITAR DO ESTADO DE MINAS GERAIS;CBMMG;1.7.1.7.99.0.1.20.002;SEGURANÇA PÚBLICA - CENTRAIS DE ABASTECIMENTO DE MINAS GERAIS - CEASAMINAS;1;7;1;7;99;0;1;20;2;24;1448829;1448829;VALOR ESTIMADO COM BASE NOS INSTRUMENTOS JURÍDICOS VIGENTES, NAS RESPECTIVAS PREVISÕES DE INGRESSO DE RECURSOS E, QUANDO APLICÁVEL, EM PROPOSTAS DE NOVOS INSTRUMENTOS EM ANÁLISE OU EM FASE DE FORMALIZAÇÃO JUNTO AOS CONCEDENTES.
2027;1401;CORPO DE BOMBEIROS MILITAR DO ESTADO DE MINAS GERAIS;CBMMG;1.7.3.2.99.0.1.23.001;SEGURANÇA PÚBLICA - DIVERSOS MUNICÍPIOS;1;7;3;2;99;0;1;23;1;70;1192000;1187000;VALOR ESTIMADO COM BASE NOS INSTRUMENTOS JURÍDICOS VIGENTES, NAS RESPECTIVAS PREVISÕES DE INGRESSO DE RECURSOS E, QUANDO APLICÁVEL, EM PROPOSTAS DE NOVOS INSTRUMENTOS EM ANÁLISE OU EM FASE DE FORMALIZAÇÃO JUNTO AOS CONCEDENTES.
2027;1401;CORPO DE BOMBEIROS MILITAR DO ESTADO DE MINAS GERAIS;CBMMG;1.9.1.1.01.0.1.06.000;MULTAS LEGISL. ESPECÍFICA - PRINC. - INFRAÇÃO À LEGISLAÇÃO DE PREVENÇÃO DE INCÊNDIO E PÂNICO;1;9;1;1;1;0;1;6;0;60;1472511;1472511;A ESTIMATIVA DE RECEITA CONSIDEROU A MEDIA DE ARRECADACAO TOMANDO POR BASE AS RECEITAS ARRECADADAS NOS ULTIMOS TRES EXERCICIOS 2023 2024 E 2025
2027;1401;CORPO DE BOMBEIROS MILITAR DO ESTADO DE MINAS GERAIS;CBMMG;1.9.1.1.01.0.1.11.000;MULTAS LEGISL. ESPECÍFICA - PRINC. - INFRAÇÃO À LEGISLAÇÃO SOBRE PRÁTICAS DE COMPETÊNCIA DO CBMMG POR INSTITUIÇÕES CIVIS;1;9;1;1;1;0;1;11;0;60;67253;67253;A ESTIMATIVA DE RECEITA CONSIDEROU A MEDIA DE ARRECADACAO TOMANDO POR BASE AS RECEITAS ARRECADADAS NOS ULTIMOS TRES EXERCICIOS 2023 2024 E 2025
2027;1401;CORPO DE BOMBEIROS MILITAR DO ESTADO DE MINAS GERAIS;CBMMG;1.9.2.1.99.0.1.99.000;OUTRAS INDENIZAÇÕES - PRINC. - DEMAIS;1;9;2;1;99;0;1;99;0;60;12209;12209;A ESTIMATIVA DE RECEITA CONSIDEROU A MEDIA DE ARRECADACAO TOMANDO POR BASE AS RECEITAS ARRECADADAS NOS ULTIMOS TRES EXERCICIOS 2023 2024 E 2025
2027;1401;CORPO DE BOMBEIROS MILITAR DO ESTADO DE MINAS GERAIS;CBMMG;1.9.2.2.06.3.1.99.000;RESTITUIÇÃO DESPESAS PRIMÁRIAS EXERCÍCIOS ANTERIORES - PRINC. - DEMAIS;1;9;2;2;6;3;1;99;0;60;100;100;MANUTENCAO DO CODGO DE RECEITA NAO HOUVE ARRECADACAO EM 2025 ENTRETANTO HOUVE NOS ANOS DE 2023 E 2024
2027;1401;CORPO DE BOMBEIROS MILITAR DO ESTADO DE MINAS GERAIS;CBMMG;1.9.2.2.99.0.1.99.000;OUTRAS RESTITUIÇÕES - PRINC. - DEMAIS;1;9;2;2;99;0;1;99;0;2;1000;1000;VALOR ESTIMADO COM BASE NOS INSTRUMENTOS JURÍDICOS VIGENTES, NAS RESPECTIVAS PREVISÕES DE INGRESSO DE RECURSOS E, QUANDO APLICÁVEL, EM PROPOSTAS DE NOVOS INSTRUMENTOS EM ANÁLISE OU EM FASE DE FORMALIZAÇÃO JUNTO AOS CONCEDENTES.
2027;1401;CORPO DE BOMBEIROS MILITAR DO ESTADO DE MINAS GERAIS;CBMMG;1.9.2.2.99.0.1.99.000;OUTRAS RESTITUIÇÕES - PRINC. - DEMAIS;1;9;2;2;99;0;1;99;0;24;736704;736704;VALOR ESTIMADO COM BASE NOS INSTRUMENTOS JURÍDICOS VIGENTES, NAS RESPECTIVAS PREVISÕES DE INGRESSO DE RECURSOS E, QUANDO APLICÁVEL, EM PROPOSTAS DE NOVOS INSTRUMENTOS EM ANÁLISE OU EM FASE DE FORMALIZAÇÃO JUNTO AOS CONCEDENTES.
2027;1401;CORPO DE BOMBEIROS MILITAR DO ESTADO DE MINAS GERAIS;CBMMG;1.9.2.2.99.0.1.99.000;OUTRAS RESTITUIÇÕES - PRINC. - DEMAIS;1;9;2;2;99;0;1;99;0;60;100;100;MANUTENCAO DO CODGO DE RECEITA NAO HOUVE ARRECADACAO EM 2025 ENTRETANTO HOUVE NOS ANOS DE 2023 E 2024
2027;1401;CORPO DE BOMBEIROS MILITAR DO ESTADO DE MINAS GERAIS;CBMMG;1.9.2.2.99.0.1.99.000;OUTRAS RESTITUIÇÕES - PRINC. - DEMAIS;1;9;2;2;99;0;1;99;0;66;1000;1000;VALOR ESTIMADO COM BASE NOS INSTRUMENTOS JURÍDICOS VIGENTES, NAS RESPECTIVAS PREVISÕES DE INGRESSO DE RECURSOS E, QUANDO APLICÁVEL, EM PROPOSTAS DE NOVOS INSTRUMENTOS EM ANÁLISE OU EM FASE DE FORMALIZAÇÃO JUNTO AOS CONCEDENTES.
2027;1401;CORPO DE BOMBEIROS MILITAR DO ESTADO DE MINAS GERAIS;CBMMG;1.9.2.2.99.0.1.99.000;OUTRAS RESTITUIÇÕES - PRINC. - DEMAIS;1;9;2;2;99;0;1;99;0;70;1000;1000;VALOR ESTIMADO COM BASE NOS INSTRUMENTOS JURÍDICOS VIGENTES, NAS RESPECTIVAS PREVISÕES DE INGRESSO DE RECURSOS E, QUANDO APLICÁVEL, EM PROPOSTAS DE NOVOS INSTRUMENTOS EM ANÁLISE OU EM FASE DE FORMALIZAÇÃO JUNTO AOS CONCEDENTES.
2027;1401;CORPO DE BOMBEIROS MILITAR DO ESTADO DE MINAS GERAIS;CBMMG;1.9.2.2.99.0.1.99.000;OUTRAS RESTITUIÇÕES - PRINC. - DEMAIS;1;9;2;2;99;0;1;99;0;98;1000;1000;VALOR ESTIMADO COM BASE NOS INSTRUMENTOS JURÍDICOS VIGENTES, NAS RESPECTIVAS PREVISÕES DE INGRESSO DE RECURSOS E, QUANDO APLICÁVEL, EM PROPOSTAS DE NOVOS INSTRUMENTOS EM ANÁLISE OU EM FASE DE FORMALIZAÇÃO JUNTO AOS CONCEDENTES.
2027;1401;CORPO DE BOMBEIROS MILITAR DO ESTADO DE MINAS GERAIS;CBMMG;2.4.1.4.99.0.1.20.001;SEGURANÇA PÚBLICA - CENTRAIS DE ABASTECIMENTO DE MINAS GERAIS - CEASAMINAS;2;4;1;4;99;0;1;20;1;24;900000;900000;VALOR ESTIMADO COM BASE NOS INSTRUMENTOS JURÍDICOS VIGENTES, NAS RESPECTIVAS PREVISÕES DE INGRESSO DE RECURSOS E, QUANDO APLICÁVEL, EM PROPOSTAS DE NOVOS INSTRUMENTOS EM ANÁLISE OU EM FASE DE FORMALIZAÇÃO JUNTO AOS CONCEDENTES.
2027;1401;CORPO DE BOMBEIROS MILITAR DO ESTADO DE MINAS GERAIS;CBMMG;2.4.1.4.99.0.1.20.004;SEGURANÇA PÚBLICA - MINISTÉRIO DA JUSTIÇA E SEGURANÇA PÚBLICA;2;4;1;4;99;0;1;20;4;2;3794319;3794319;VALOR ESTIMADO COM BASE NOS INSTRUMENTOS JURÍDICOS VIGENTES, NAS RESPECTIVAS PREVISÕES DE INGRESSO DE RECURSOS E, QUANDO APLICÁVEL, EM PROPOSTAS DE NOVOS INSTRUMENTOS EM ANÁLISE OU EM FASE DE FORMALIZAÇÃO JUNTO AOS CONCEDENTES.
2027;1401;CORPO DE BOMBEIROS MILITAR DO ESTADO DE MINAS GERAIS;CBMMG;2.4.1.9.51.0.1.01.000;TRANSF. ESPECIAL UNIÃO - PRINC. - EMENDAS PARLAMENTARES INDIVIDUAIS;2;4;1;9;51;0;1;1;0;98;6728419;6728419;VALOR ESTIMADO COM BASE NOS INSTRUMENTOS JURÍDICOS VIGENTES, NAS RESPECTIVAS PREVISÕES DE INGRESSO DE RECURSOS E, QUANDO APLICÁVEL, EM PROPOSTAS DE NOVOS INSTRUMENTOS EM ANÁLISE OU EM FASE DE FORMALIZAÇÃO JUNTO AOS CONCEDENTES.
2027;1401;CORPO DE BOMBEIROS MILITAR DO ESTADO DE MINAS GERAIS;CBMMG;2.4.3.2.99.0.1.22.001;SEGURANÇA PÚBLICA - DIVERSOS MUNICÍPIOS;2;4;3;2;99;0;1;22;1;70;2206000;2505000;VALOR ESTIMADO COM BASE NOS INSTRUMENTOS JURÍDICOS VIGENTES, NAS RESPECTIVAS PREVISÕES DE INGRESSO DE RECURSOS E, QUANDO APLICÁVEL, EM PROPOSTAS DE NOVOS INSTRUMENTOS EM ANÁLISE OU EM FASE DE FORMALIZAÇÃO JUNTO AOS CONCEDENTES.
2027;1401;CORPO DE BOMBEIROS MILITAR DO ESTADO DE MINAS GERAIS;CBMMG;7.7.2.9.99.0.1.25.000;REC. INTRA. - OUTRAS TRANSF. ESTADOS DF - PRINC. - REPASSE DO FUNDO ESTADUAL DE SAÚDE - FES - LC FEDERAL Nº 141/12;7;7;2;9;99;0;1;25;0;10;8591486;8591486;Receita calculada pela SEPLAG conforme despesas projetadas para o órgão
2027;1441;DEFENSORIA PUBLICA DO ESTADO DE MINAS GERAIS;DEF PUB;1.3.2.1.01.0.1.01.000;REMUNERAÇÃO DEPÓSITOS BANCÁRIOS - PRINC.;1;3;2;1;1;0;1;1;0;60;14526989;14526989;O cálculo utilizado foi a média tendo como base os valores arrecadados nos meses de janeiro, fevereiro e março de 2026.
2027;1441;DEFENSORIA PUBLICA DO ESTADO DE MINAS GERAIS;DEF PUB;1.9.2.2.99.0.1.99.000;OUTRAS RESTITUIÇÕES - PRINC. - DEMAIS;1;9;2;2;99;0;1;99;0;60;611101;611101;O cálculo utilizado foi a média tendo como base os valores arrecadados nos meses de janeiro, fevereiro e março de 2026.
2027;1451;SECRETARIA DE ESTADO DE JUSTIÇA E SEGURANÇA PÚBLICA;SEJUSP;1.3.2.1.01.0.1.01.000;REMUNERAÇÃO DEPÓSITOS BANCÁRIOS - PRINC.;1;3;2;1;1;0;1;1;0;1;1000;1000;VALOR ESTIMADO COM BASE NOS INSTRUMENTOS JURÍDICOS VIGENTES, NAS RESPECTIVAS PREVISÕES DE INGRESSO DE RECURSOS E, QUANDO APLICÁVEL, EM PROPOSTAS DE NOVOS INSTRUMENTOS EM ANÁLISE OU EM FASE DE FORMALIZAÇÃO JUNTO AOS CONCEDENTES.
2027;1451;SECRETARIA DE ESTADO DE JUSTIÇA E SEGURANÇA PÚBLICA;SEJUSP;1.3.2.1.01.0.1.01.000;REMUNERAÇÃO DEPÓSITOS BANCÁRIOS - PRINC.;1;3;2;1;1;0;1;1;0;2;1000;1000;VALOR ESTIMADO COM BASE NOS INSTRUMENTOS JURÍDICOS VIGENTES, NAS RESPECTIVAS PREVISÕES DE INGRESSO DE RECURSOS E, QUANDO APLICÁVEL, EM PROPOSTAS DE NOVOS INSTRUMENTOS EM ANÁLISE OU EM FASE DE FORMALIZAÇÃO JUNTO AOS CONCEDENTES.
2027;1451;SECRETARIA DE ESTADO DE JUSTIÇA E SEGURANÇA PÚBLICA;SEJUSP;1.3.2.1.01.0.1.01.000;REMUNERAÇÃO DEPÓSITOS BANCÁRIOS - PRINC.;1;3;2;1;1;0;1;1;0;9;1000;1000;VALOR ESTIMADO COM BASE NOS INSTRUMENTOS JURÍDICOS VIGENTES, NAS RESPECTIVAS PREVISÕES DE INGRESSO DE RECURSOS E, QUANDO APLICÁVEL, EM PROPOSTAS DE NOVOS INSTRUMENTOS EM ANÁLISE OU EM FASE DE FORMALIZAÇÃO JUNTO AOS CONCEDENTES.
2027;1451;SECRETARIA DE ESTADO DE JUSTIÇA E SEGURANÇA PÚBLICA;SEJUSP;1.3.2.1.01.0.1.01.000;REMUNERAÇÃO DEPÓSITOS BANCÁRIOS - PRINC.;1;3;2;1;1;0;1;1;0;24;1000;1000;VALOR ESTIMADO COM BASE NOS INSTRUMENTOS JURÍDICOS VIGENTES, NAS RESPECTIVAS PREVISÕES DE INGRESSO DE RECURSOS E, QUANDO APLICÁVEL, EM PROPOSTAS DE NOVOS INSTRUMENTOS EM ANÁLISE OU EM FASE DE FORMALIZAÇÃO JUNTO AOS CONCEDENTES.
2027;1451;SECRETARIA DE ESTADO DE JUSTIÇA E SEGURANÇA PÚBLICA;SEJUSP;1.3.2.1.01.0.1.01.000;REMUNERAÇÃO DEPÓSITOS BANCÁRIOS - PRINC.;1;3;2;1;1;0;1;1;0;70;1000;1000;VALOR ESTIMADO COM BASE NOS INSTRUMENTOS JURÍDICOS VIGENTES, NAS RESPECTIVAS PREVISÕES DE INGRESSO DE RECURSOS E, QUANDO APLICÁVEL, EM PROPOSTAS DE NOVOS INSTRUMENTOS EM ANÁLISE OU EM FASE DE FORMALIZAÇÃO JUNTO AOS CONCEDENTES.
2027;1451;SECRETARIA DE ESTADO DE JUSTIÇA E SEGURANÇA PÚBLICA;SEJUSP;1.3.2.1.01.0.1.01.000;REMUNERAÇÃO DEPÓSITOS BANCÁRIOS - PRINC.;1;3;2;1;1;0;1;1;0;98;1000;1000;VALOR ESTIMADO COM BASE NOS INSTRUMENTOS JURÍDICOS VIGENTES, NAS RESPECTIVAS PREVISÕES DE INGRESSO DE RECURSOS E, QUANDO APLICÁVEL, EM PROPOSTAS DE NOVOS INSTRUMENTOS EM ANÁLISE OU EM FASE DE FORMALIZAÇÃO JUNTO AOS CONCEDENTES.
2027;1451;SECRETARIA DE ESTADO DE JUSTIÇA E SEGURANÇA PÚBLICA;SEJUSP;1.4.1.1.01.0.1.02.001;REC. AGROPECUÁRIA - PRINC. - PRODUÇÃO ANIMAL DERIVADOS - UNIDADES PENAIS;1;4;1;1;1;0;1;2;1;61;1000;1000;O PARÁGRAFO ÚNICO, DO ART. 35, DA LEI FEDERAL N. 7.210/1984 (LEI DE DE EXECUÇÃO PENAL) DETERMINA QUE A ARRECADAÇÃO DAS VENDAS DOS BENS OU PRODUTOS DO TRABALHO DO PRISIONAL DEVEM SER REVERTIDOS EM FAVOR DOS ESTABELECIMENTOS PENAIS. VALOR REFERENTE A ABERTURA, DADO QUE NÃO HOUVE ARRECADAÇÃO NOS ÚLTIMOS EXERCÍCIOS.
2027;1451;SECRETARIA DE ESTADO DE JUSTIÇA E SEGURANÇA PÚBLICA;SEJUSP;1.5.1.1.01.0.1.01.999;REC. INDUSTRIAL - PRINC. - INDÚSTRIA TRANSFORMAÇÃO - OUTROS;1;5;1;1;1;0;1;1;999;61;60000;60000;Justificativa da Receita Industrial: O PARÁGRAFO ÚNICO, DO ART. 35 DA LEI FEDERAL N. 7.210/1984 (LEI DE DE EXECUÇÃO PENAL) DETERMINA QUE A ARRECADAÇÃO DAS VENDAS DOS BENS OU PRODUTOS DO TRABALHO DO PRISIONAL DEVEM SER REVERTIDOS EM FAVOR DOS ESTABELECIMENTOS PENAIS. VALOR PREVISTO EM LINHA COM ANOS ANTERIORES, COM VALOR PREVISTO CONSERVADORAMENTE DADO A OSCILAÇÃO DOS ÚLTIMOS EXERCÍCIOS.
2027;1451;SECRETARIA DE ESTADO DE JUSTIÇA E SEGURANÇA PÚBLICA;SEJUSP;1.7.1.7.99.0.1.20.005;SEGURANÇA PÚBLICA - MINISTÉRIO DA JUSTIÇA E SEGURANÇA PÚBLICA;1;7;1;7;99;0;1;20;5;24;4897153;2897153;VALOR ESTIMADO COM BASE NOS INSTRUMENTOS JURÍDICOS VIGENTES, NAS RESPECTIVAS PREVISÕES DE INGRESSO DE RECURSOS E, QUANDO APLICÁVEL, EM PROPOSTAS DE NOVOS INSTRUMENTOS EM ANÁLISE OU EM FASE DE FORMALIZAÇÃO JUNTO AOS CONCEDENTES.
2027;1451;SECRETARIA DE ESTADO DE JUSTIÇA E SEGURANÇA PÚBLICA;SEJUSP;1.9.2.2.52.0.1.01.000;RESTITUIÇÃO REMUNERAÇÃO FOLHA PAGAMENTO - PESSOAL ATIVO - PRINC.;1;9;2;2;52;0;1;1;0;57;;1000;Inclui as receitas de restituição que não possuem fontes já fechadas de pessoal
2027;1451;SECRETARIA DE ESTADO DE JUSTIÇA E SEGURANÇA PÚBLICA;SEJUSP;1.9.2.2.99.0.1.99.000;OUTRAS RESTITUIÇÕES - PRINC. - DEMAIS;1;9;2;2;99;0;1;99;0;1;1000;1000;VALOR ESTIMADO COM BASE NOS INSTRUMENTOS JURÍDICOS VIGENTES, NAS RESPECTIVAS PREVISÕES DE INGRESSO DE RECURSOS E, QUANDO APLICÁVEL, EM PROPOSTAS DE NOVOS INSTRUMENTOS EM ANÁLISE OU EM FASE DE FORMALIZAÇÃO JUNTO AOS CONCEDENTES.
2027;1451;SECRETARIA DE ESTADO DE JUSTIÇA E SEGURANÇA PÚBLICA;SEJUSP;1.9.2.2.99.0.1.99.000;OUTRAS RESTITUIÇÕES - PRINC. - DEMAIS;1;9;2;2;99;0;1;99;0;2;1000;1000;VALOR ESTIMADO COM BASE NOS INSTRUMENTOS JURÍDICOS VIGENTES, NAS RESPECTIVAS PREVISÕES DE INGRESSO DE RECURSOS E, QUANDO APLICÁVEL, EM PROPOSTAS DE NOVOS INSTRUMENTOS EM ANÁLISE OU EM FASE DE FORMALIZAÇÃO JUNTO AOS CONCEDENTES.
2027;1451;SECRETARIA DE ESTADO DE JUSTIÇA E SEGURANÇA PÚBLICA;SEJUSP;1.9.2.2.99.0.1.99.000;OUTRAS RESTITUIÇÕES - PRINC. - DEMAIS;1;9;2;2;99;0;1;99;0;9;1000;1000;VALOR ESTIMADO COM BASE NOS INSTRUMENTOS JURÍDICOS VIGENTES, NAS RESPECTIVAS PREVISÕES DE INGRESSO DE RECURSOS E, QUANDO APLICÁVEL, EM PROPOSTAS DE NOVOS INSTRUMENTOS EM ANÁLISE OU EM FASE DE FORMALIZAÇÃO JUNTO AOS CONCEDENTES.
2027;1451;SECRETARIA DE ESTADO DE JUSTIÇA E SEGURANÇA PÚBLICA;SEJUSP;1.9.2.2.99.0.1.99.000;OUTRAS RESTITUIÇÕES - PRINC. - DEMAIS;1;9;2;2;99;0;1;99;0;24;1000;1000;VALOR ESTIMADO COM BASE NOS INSTRUMENTOS JURÍDICOS VIGENTES, NAS RESPECTIVAS PREVISÕES DE INGRESSO DE RECURSOS E, QUANDO APLICÁVEL, EM PROPOSTAS DE NOVOS INSTRUMENTOS EM ANÁLISE OU EM FASE DE FORMALIZAÇÃO JUNTO AOS CONCEDENTES.
2027;1451;SECRETARIA DE ESTADO DE JUSTIÇA E SEGURANÇA PÚBLICA;SEJUSP;1.9.2.2.99.0.1.99.000;OUTRAS RESTITUIÇÕES - PRINC. - DEMAIS;1;9;2;2;99;0;1;99;0;57;;1000;Inclui as receitas de restituição que não possuem fontes já fechadas de pessoal
2027;1451;SECRETARIA DE ESTADO DE JUSTIÇA E SEGURANÇA PÚBLICA;SEJUSP;1.9.2.2.99.0.1.99.000;OUTRAS RESTITUIÇÕES - PRINC. - DEMAIS;1;9;2;2;99;0;1;99;0;70;1000;1000;VALOR ESTIMADO COM BASE NOS INSTRUMENTOS JURÍDICOS VIGENTES, NAS RESPECTIVAS PREVISÕES DE INGRESSO DE RECURSOS E, QUANDO APLICÁVEL, EM PROPOSTAS DE NOVOS INSTRUMENTOS EM ANÁLISE OU EM FASE DE FORMALIZAÇÃO JUNTO AOS CONCEDENTES.
2027;1451;SECRETARIA DE ESTADO DE JUSTIÇA E SEGURANÇA PÚBLICA;SEJUSP;1.9.2.2.99.0.1.99.000;OUTRAS RESTITUIÇÕES - PRINC. - DEMAIS;1;9;2;2;99;0;1;99;0;98;1000;1000;VALOR ESTIMADO COM BASE NOS INSTRUMENTOS JURÍDICOS VIGENTES, NAS RESPECTIVAS PREVISÕES DE INGRESSO DE RECURSOS E, QUANDO APLICÁVEL, EM PROPOSTAS DE NOVOS INSTRUMENTOS EM ANÁLISE OU EM FASE DE FORMALIZAÇÃO JUNTO AOS CONCEDENTES.
2027;1451;SECRETARIA DE ESTADO DE JUSTIÇA E SEGURANÇA PÚBLICA;SEJUSP;1.9.2.3.99.0.1.01.000;OUTROS RESSARCIMENTOS - PRINC. - RETENÇÃO SOBRE PAGAMENTO FOLHA DE SENTENCIADO;1;9;2;3;99;0;1;1;0;60;9768850;9768850;Valores previstos com base na arrecadação de 2025 e na arrecadação parcial de 2026.
2027;1451;SECRETARIA DE ESTADO DE JUSTIÇA E SEGURANÇA PÚBLICA;SEJUSP;2.4.1.4.99.0.1.12.001;DESPORTO LAZER - MINISTÉRIO DO ESPORTE;2;4;1;4;99;0;1;12;1;24;0;1500000;Inclusão de nova receita de convênios conforme solicitação da SEC. CASA CIVIL. 
2027;1451;SECRETARIA DE ESTADO DE JUSTIÇA E SEGURANÇA PÚBLICA;SEJUSP;2.4.1.4.99.0.1.20.004;SEGURANÇA PÚBLICA - MINISTÉRIO DA JUSTIÇA E SEGURANÇA PÚBLICA;2;4;1;4;99;0;1;20;4;1;250000;250000;VALOR ESTIMADO COM BASE NOS INSTRUMENTOS JURÍDICOS VIGENTES, NAS RESPECTIVAS PREVISÕES DE INGRESSO DE RECURSOS E, QUANDO APLICÁVEL, EM PROPOSTAS DE NOVOS INSTRUMENTOS EM ANÁLISE OU EM FASE DE FORMALIZAÇÃO JUNTO AOS CONCEDENTES.
2027;1451;SECRETARIA DE ESTADO DE JUSTIÇA E SEGURANÇA PÚBLICA;SEJUSP;2.4.1.4.99.0.1.20.004;SEGURANÇA PÚBLICA - MINISTÉRIO DA JUSTIÇA E SEGURANÇA PÚBLICA;2;4;1;4;99;0;1;20;4;2;13594020;6900955;VALOR ESTIMADO COM BASE NOS INSTRUMENTOS JURÍDICOS VIGENTES, NAS RESPECTIVAS PREVISÕES DE INGRESSO DE RECURSOS E, QUANDO APLICÁVEL, EM PROPOSTAS DE NOVOS INSTRUMENTOS EM ANÁLISE OU EM FASE DE FORMALIZAÇÃO JUNTO AOS CONCEDENTES.
2027;1451;SECRETARIA DE ESTADO DE JUSTIÇA E SEGURANÇA PÚBLICA;SEJUSP;2.4.1.4.99.0.1.20.004;SEGURANÇA PÚBLICA - MINISTÉRIO DA JUSTIÇA E SEGURANÇA PÚBLICA;2;4;1;4;99;0;1;20;4;24;45212295;45212295;VALOR ESTIMADO COM BASE NOS INSTRUMENTOS JURÍDICOS VIGENTES, NAS RESPECTIVAS PREVISÕES DE INGRESSO DE RECURSOS E, QUANDO APLICÁVEL, EM PROPOSTAS DE NOVOS INSTRUMENTOS EM ANÁLISE OU EM FASE DE FORMALIZAÇÃO JUNTO AOS CONCEDENTES.
2027;1451;SECRETARIA DE ESTADO DE JUSTIÇA E SEGURANÇA PÚBLICA;SEJUSP;2.4.1.4.99.0.1.20.011;SEGURANÇA PÚBLICA - MINISTÉRIO DA MULHER, DA FAMÍLIA E DOS DIREITOS HUMANOS;2;4;1;4;99;0;1;20;11;24;29500001;29500001;VALOR ESTIMADO COM BASE NOS INSTRUMENTOS JURÍDICOS VIGENTES, NAS RESPECTIVAS PREVISÕES DE INGRESSO DE RECURSOS E, QUANDO APLICÁVEL, EM PROPOSTAS DE NOVOS INSTRUMENTOS EM ANÁLISE OU EM FASE DE FORMALIZAÇÃO JUNTO AOS CONCEDENTES.
2027;1451;SECRETARIA DE ESTADO DE JUSTIÇA E SEGURANÇA PÚBLICA;SEJUSP;2.4.1.9.51.0.1.01.000;TRANSF. ESPECIAL UNIÃO - PRINC. - EMENDAS PARLAMENTARES INDIVIDUAIS;2;4;1;9;51;0;1;1;0;98;1000;1000;VALOR ESTIMADO COM BASE NOS INSTRUMENTOS JURÍDICOS VIGENTES, NAS RESPECTIVAS PREVISÕES DE INGRESSO DE RECURSOS E, QUANDO APLICÁVEL, EM PROPOSTAS DE NOVOS INSTRUMENTOS EM ANÁLISE OU EM FASE DE FORMALIZAÇÃO JUNTO AOS CONCEDENTES.
2027;1451;SECRETARIA DE ESTADO DE JUSTIÇA E SEGURANÇA PÚBLICA;SEJUSP;2.4.3.2.99.0.1.22.001;SEGURANÇA PÚBLICA - DIVERSOS MUNICÍPIOS;2;4;3;2;99;0;1;22;1;70;1000;1000;VALOR ESTIMADO COM BASE NOS INSTRUMENTOS JURÍDICOS VIGENTES, NAS RESPECTIVAS PREVISÕES DE INGRESSO DE RECURSOS E, QUANDO APLICÁVEL, EM PROPOSTAS DE NOVOS INSTRUMENTOS EM ANÁLISE OU EM FASE DE FORMALIZAÇÃO JUNTO AOS CONCEDENTES.
2027;1451;SECRETARIA DE ESTADO DE JUSTIÇA E SEGURANÇA PÚBLICA;SEJUSP;2.4.4.1.99.0.1.50.999;SEGURANÇA PÚBLICA - OUTROS;2;4;4;1;99;0;1;50;999;9;400000;400000;VALOR ESTIMADO COM BASE NOS INSTRUMENTOS JURÍDICOS VIGENTES, NAS RESPECTIVAS PREVISÕES DE INGRESSO DE RECURSOS E, QUANDO APLICÁVEL, EM PROPOSTAS DE NOVOS INSTRUMENTOS EM ANÁLISE OU EM FASE DE FORMALIZAÇÃO JUNTO AOS CONCEDENTES.
2027;1451;SECRETARIA DE ESTADO DE JUSTIÇA E SEGURANÇA PÚBLICA;SEJUSP;7.7.2.9.99.0.1.25.000;REC. INTRA. - OUTRAS TRANSF. ESTADOS DF - PRINC. - REPASSE DO FUNDO ESTADUAL DE SAÚDE - FES - LC FEDERAL Nº 141/12;7;7;2;9;99;0;1;25;0;10;228137430;228137430;Receita calculada pela SEPLAG conforme despesas projetadas para o órgão
2027;1481;SECRETARIA DE ESTADO DE DESENVOLVIMENTO SOCIAL;SEDESE;1.3.2.1.01.0.1.01.000;REMUNERAÇÃO DEPÓSITOS BANCÁRIOS - PRINC.;1;3;2;1;1;0;1;1;0;1;1000;1000;VALOR ESTIMADO COM BASE NOS INSTRUMENTOS JURÍDICOS VIGENTES, NAS RESPECTIVAS PREVISÕES DE INGRESSO DE RECURSOS E, QUANDO APLICÁVEL, EM PROPOSTAS DE NOVOS INSTRUMENTOS EM ANÁLISE OU EM FASE DE FORMALIZAÇÃO JUNTO AOS CONCEDENTES.
2027;1481;SECRETARIA DE ESTADO DE DESENVOLVIMENTO SOCIAL;SEDESE;1.3.2.1.01.0.1.01.000;REMUNERAÇÃO DEPÓSITOS BANCÁRIOS - PRINC.;1;3;2;1;1;0;1;1;0;24;337540;337540;VALOR ESTIMADO COM BASE NOS INSTRUMENTOS JURÍDICOS VIGENTES, NAS RESPECTIVAS PREVISÕES DE INGRESSO DE RECURSOS E, QUANDO APLICÁVEL, EM PROPOSTAS DE NOVOS INSTRUMENTOS EM ANÁLISE OU EM FASE DE FORMALIZAÇÃO JUNTO AOS CONCEDENTES.
2027;1481;SECRETARIA DE ESTADO DE DESENVOLVIMENTO SOCIAL;SEDESE;1.3.2.1.01.0.1.01.000;REMUNERAÇÃO DEPÓSITOS BANCÁRIOS - PRINC.;1;3;2;1;1;0;1;1;0;98;110000;110000;VALOR ESTIMADO COM BASE NOS INSTRUMENTOS JURÍDICOS VIGENTES, NAS RESPECTIVAS PREVISÕES DE INGRESSO DE RECURSOS E, QUANDO APLICÁVEL, EM PROPOSTAS DE NOVOS INSTRUMENTOS EM ANÁLISE OU EM FASE DE FORMALIZAÇÃO JUNTO AOS CONCEDENTES.
2027;1481;SECRETARIA DE ESTADO DE DESENVOLVIMENTO SOCIAL;SEDESE;1.7.1.7.99.0.1.10.003;DESPORTO LAZER - MINISTÉRIO DO ESPORTE;1;7;1;7;99;0;1;10;3;1;0;595840;Instrumento encaminhado pela Casa Civil referente a Convênios
2027;1481;SECRETARIA DE ESTADO DE DESENVOLVIMENTO SOCIAL;SEDESE;1.7.1.7.99.0.1.10.003;DESPORTO LAZER - MINISTÉRIO DO ESPORTE;1;7;1;7;99;0;1;10;3;2;490000;490000;VALOR ESTIMADO COM BASE NOS INSTRUMENTOS JURÍDICOS VIGENTES, NAS RESPECTIVAS PREVISÕES DE INGRESSO DE RECURSOS E, QUANDO APLICÁVEL, EM PROPOSTAS DE NOVOS INSTRUMENTOS EM ANÁLISE OU EM FASE DE FORMALIZAÇÃO JUNTO AOS CONCEDENTES.
2027;1481;SECRETARIA DE ESTADO DE DESENVOLVIMENTO SOCIAL;SEDESE;1.7.1.7.99.0.1.11.003;DIR. HUMANOS CIDADANIA - MINISTÉRIO DOS DIREITOS HUMANOS E CIDADANIA;1;7;1;7;99;0;1;11;3;24;6750783;6750783;VALOR ESTIMADO COM BASE NOS INSTRUMENTOS JURÍDICOS VIGENTES, NAS RESPECTIVAS PREVISÕES DE INGRESSO DE RECURSOS E, QUANDO APLICÁVEL, EM PROPOSTAS DE NOVOS INSTRUMENTOS EM ANÁLISE OU EM FASE DE FORMALIZAÇÃO JUNTO AOS CONCEDENTES.
2027;1481;SECRETARIA DE ESTADO DE DESENVOLVIMENTO SOCIAL;SEDESE;1.7.1.9.99.0.1.15.001;DESPORTO LAZER - MINISTÉRIO DO ESPORTE;1;7;1;9;99;0;1;15;1;57;24195420;24195420;VALOR ESTIMADO COM BASE NOS INSTRUMENTOS JURÍDICOS VIGENTES, NAS RESPECTIVAS PREVISÕES DE INGRESSO DE RECURSOS E, QUANDO APLICÁVEL, EM PROPOSTAS DE NOVOS INSTRUMENTOS EM ANÁLISE OU EM FASE DE FORMALIZAÇÃO JUNTO AOS CONCEDENTES.
2027;1481;SECRETARIA DE ESTADO DE DESENVOLVIMENTO SOCIAL;SEDESE;1.7.1.9.99.0.1.15.002;DESPORTO LAZER - LOTERIA DE APOSTAS DE QUOTA FIXA - BETS;1;7;1;9;99;0;1;15;2;57;1127149;1127149;VALOR ESTIMADO COM BASE NOS INSTRUMENTOS JURÍDICOS VIGENTES, NAS RESPECTIVAS PREVISÕES DE INGRESSO DE RECURSOS E, QUANDO APLICÁVEL, EM PROPOSTAS DE NOVOS INSTRUMENTOS EM ANÁLISE OU EM FASE DE FORMALIZAÇÃO JUNTO AOS CONCEDENTES.
2027;1481;SECRETARIA DE ESTADO DE DESENVOLVIMENTO SOCIAL;SEDESE;1.7.1.9.99.0.1.25.002;TRABALHO - MINISTÉRIO DA ECONOMIA;1;7;1;9;99;0;1;25;2;24;3955000;3955000;VALOR ESTIMADO COM BASE NOS INSTRUMENTOS JURÍDICOS VIGENTES, NAS RESPECTIVAS PREVISÕES DE INGRESSO DE RECURSOS E, QUANDO APLICÁVEL, EM PROPOSTAS DE NOVOS INSTRUMENTOS EM ANÁLISE OU EM FASE DE FORMALIZAÇÃO JUNTO AOS CONCEDENTES.
2027;1481;SECRETARIA DE ESTADO DE DESENVOLVIMENTO SOCIAL;SEDESE;1.7.4.1.99.0.1.40.999;DESPORTO LAZER - OUTROS;1;7;4;1;99;0;1;40;999;59;2209055;2209055;Valor projetado em cenario pessimista que preve manutencao do valor arrecadado em 2025 considerando alteracoes na Lei Estadual de Incentivo ao Esporte e no Decreto 48.753 de 2023
2027;1481;SECRETARIA DE ESTADO DE DESENVOLVIMENTO SOCIAL;SEDESE;1.9.2.2.99.0.1.99.000;OUTRAS RESTITUIÇÕES - PRINC. - DEMAIS;1;9;2;2;99;0;1;99;0;1;1000;1000;VALOR ESTIMADO COM BASE NOS INSTRUMENTOS JURÍDICOS VIGENTES, NAS RESPECTIVAS PREVISÕES DE INGRESSO DE RECURSOS E, QUANDO APLICÁVEL, EM PROPOSTAS DE NOVOS INSTRUMENTOS EM ANÁLISE OU EM FASE DE FORMALIZAÇÃO JUNTO AOS CONCEDENTES.
2027;1481;SECRETARIA DE ESTADO DE DESENVOLVIMENTO SOCIAL;SEDESE;1.9.2.2.99.0.1.99.000;OUTRAS RESTITUIÇÕES - PRINC. - DEMAIS;1;9;2;2;99;0;1;99;0;24;1000;1000;VALOR ESTIMADO COM BASE NOS INSTRUMENTOS JURÍDICOS VIGENTES, NAS RESPECTIVAS PREVISÕES DE INGRESSO DE RECURSOS E, QUANDO APLICÁVEL, EM PROPOSTAS DE NOVOS INSTRUMENTOS EM ANÁLISE OU EM FASE DE FORMALIZAÇÃO JUNTO AOS CONCEDENTES.
2027;1481;SECRETARIA DE ESTADO DE DESENVOLVIMENTO SOCIAL;SEDESE;1.9.2.2.99.0.1.99.000;OUTRAS RESTITUIÇÕES - PRINC. - DEMAIS;1;9;2;2;99;0;1;99;0;98;1000;1000;VALOR ESTIMADO COM BASE NOS INSTRUMENTOS JURÍDICOS VIGENTES, NAS RESPECTIVAS PREVISÕES DE INGRESSO DE RECURSOS E, QUANDO APLICÁVEL, EM PROPOSTAS DE NOVOS INSTRUMENTOS EM ANÁLISE OU EM FASE DE FORMALIZAÇÃO JUNTO AOS CONCEDENTES.
2027;1501;SECRETARIA DE ESTADO DE PLANEJAMENTO E GESTÃO;SEPLAG;1.3.2.1.01.0.1.01.000;REMUNERAÇÃO DEPÓSITOS BANCÁRIOS - PRINC.;1;3;2;1;1;0;1;1;0;74;30000;0;RECEITA TRANSFERIDA PARA A UNIDADE ORÇAMENTÁRIA DO DETRAN, CONFORME SOLICITADO PELA UO SEPLAG E CONFIRMADO PELA SEC. CASA CIVIL. 
2027;1501;SECRETARIA DE ESTADO DE PLANEJAMENTO E GESTÃO;SEPLAG;1.9.2.2.99.0.1.99.000;OUTRAS RESTITUIÇÕES - PRINC. - DEMAIS;1;9;2;2;99;0;1;99;0;74;1000;0;RECEITA TRANSFERIDA PARA A UNIDADE ORÇAMENTÁRIA DO DETRAN, CONFORME SOLICITADO PELA UO SEPLAG E CONFIRMADO PELA SEC. CASA CIVIL. 
2027;1511;POLÍCIA CIVIL DO ESTADO DE MINAS GERAIS;PCMG;1.3.2.1.01.0.1.01.000;REMUNERAÇÃO DEPÓSITOS BANCÁRIOS - PRINC.;1;3;2;1;1;0;1;1;0;1;26707;26707;VALOR ESTIMADO COM BASE NOS INSTRUMENTOS JURÍDICOS VIGENTES, NAS RESPECTIVAS PREVISÕES DE INGRESSO DE RECURSOS E, QUANDO APLICÁVEL, EM PROPOSTAS DE NOVOS INSTRUMENTOS EM ANÁLISE OU EM FASE DE FORMALIZAÇÃO JUNTO AOS CONCEDENTES.
2027;1511;POLÍCIA CIVIL DO ESTADO DE MINAS GERAIS;PCMG;1.3.2.1.01.0.1.01.000;REMUNERAÇÃO DEPÓSITOS BANCÁRIOS - PRINC.;1;3;2;1;1;0;1;1;0;2;697543;697543;VALOR ESTIMADO COM BASE NOS INSTRUMENTOS JURÍDICOS VIGENTES, NAS RESPECTIVAS PREVISÕES DE INGRESSO DE RECURSOS E, QUANDO APLICÁVEL, EM PROPOSTAS DE NOVOS INSTRUMENTOS EM ANÁLISE OU EM FASE DE FORMALIZAÇÃO JUNTO AOS CONCEDENTES.
2027;1511;POLÍCIA CIVIL DO ESTADO DE MINAS GERAIS;PCMG;1.3.2.1.01.0.1.01.000;REMUNERAÇÃO DEPÓSITOS BANCÁRIOS - PRINC.;1;3;2;1;1;0;1;1;0;24;55196;55196;VALOR ESTIMADO COM BASE NOS INSTRUMENTOS JURÍDICOS VIGENTES, NAS RESPECTIVAS PREVISÕES DE INGRESSO DE RECURSOS E, QUANDO APLICÁVEL, EM PROPOSTAS DE NOVOS INSTRUMENTOS EM ANÁLISE OU EM FASE DE FORMALIZAÇÃO JUNTO AOS CONCEDENTES.
2027;1511;POLÍCIA CIVIL DO ESTADO DE MINAS GERAIS;PCMG;1.3.2.1.01.0.1.01.000;REMUNERAÇÃO DEPÓSITOS BANCÁRIOS - PRINC.;1;3;2;1;1;0;1;1;0;70;131027;131027;VALOR ESTIMADO COM BASE NOS INSTRUMENTOS JURÍDICOS VIGENTES, NAS RESPECTIVAS PREVISÕES DE INGRESSO DE RECURSOS E, QUANDO APLICÁVEL, EM PROPOSTAS DE NOVOS INSTRUMENTOS EM ANÁLISE OU EM FASE DE FORMALIZAÇÃO JUNTO AOS CONCEDENTES.
2027;1511;POLÍCIA CIVIL DO ESTADO DE MINAS GERAIS;PCMG;1.7.1.7.99.0.1.20.999;SEGURANÇA PÚBLICA - OUTROS;1;7;1;7;99;0;1;20;999;24;15372573;19586572;VALOR ESTIMADO COM BASE NOS INSTRUMENTOS JURÍDICOS VIGENTES, NAS RESPECTIVAS PREVISÕES DE INGRESSO DE RECURSOS E, QUANDO APLICÁVEL, EM PROPOSTAS DE NOVOS INSTRUMENTOS EM ANÁLISE OU EM FASE DE FORMALIZAÇÃO JUNTO AOS CONCEDENTES.
2027;1511;POLÍCIA CIVIL DO ESTADO DE MINAS GERAIS;PCMG;1.7.1.9.57.0.1.01.000;TRANSF. ESPECIAL UNIÃO - PRINC. - EMENDAS PARLAMENTARES INDIVIDUAIS;1;7;1;9;57;0;1;1;0;98;99500;99500;VALOR ESTIMADO COM BASE NOS INSTRUMENTOS JURÍDICOS VIGENTES, NAS RESPECTIVAS PREVISÕES DE INGRESSO DE RECURSOS E, QUANDO APLICÁVEL, EM PROPOSTAS DE NOVOS INSTRUMENTOS EM ANÁLISE OU EM FASE DE FORMALIZAÇÃO JUNTO AOS CONCEDENTES.
2027;1511;POLÍCIA CIVIL DO ESTADO DE MINAS GERAIS;PCMG;2.4.1.9.51.0.1.01.000;TRANSF. ESPECIAL UNIÃO - PRINC. - EMENDAS PARLAMENTARES INDIVIDUAIS;2;4;1;9;51;0;1;1;0;98;5233660;5233660;VALOR ESTIMADO COM BASE NOS INSTRUMENTOS JURÍDICOS VIGENTES, NAS RESPECTIVAS PREVISÕES DE INGRESSO DE RECURSOS E, QUANDO APLICÁVEL, EM PROPOSTAS DE NOVOS INSTRUMENTOS EM ANÁLISE OU EM FASE DE FORMALIZAÇÃO JUNTO AOS CONCEDENTES.
2027;1511;POLÍCIA CIVIL DO ESTADO DE MINAS GERAIS;PCMG;2.4.3.2.99.0.1.22.001;SEGURANÇA PÚBLICA - DIVERSOS MUNICÍPIOS;2;4;3;2;99;0;1;22;1;70;1365000;1365000;VALOR ESTIMADO COM BASE NOS INSTRUMENTOS JURÍDICOS VIGENTES, NAS RESPECTIVAS PREVISÕES DE INGRESSO DE RECURSOS E, QUANDO APLICÁVEL, EM PROPOSTAS DE NOVOS INSTRUMENTOS EM ANÁLISE OU EM FASE DE FORMALIZAÇÃO JUNTO AOS CONCEDENTES.
2027;1521;CONTROLADORIA-GERAL DO ESTADO;CGE;1.3.2.1.01.0.1.01.000;REMUNERAÇÃO DEPÓSITOS BANCÁRIOS - PRINC.;1;3;2;1;1;0;1;1;0;9;100000;0;VALOR ESTIMADO COM BASE NOS INSTRUMENTOS JURÍDICOS VIGENTES, NAS RESPECTIVAS PREVISÕES DE INGRESSO DE RECURSOS E, QUANDO APLICÁVEL, EM PROPOSTAS DE NOVOS INSTRUMENTOS EM ANÁLISE OU EM FASE DE FORMALIZAÇÃO JUNTO AOS CONCEDENTES.
2027;1521;CONTROLADORIA-GERAL DO ESTADO;CGE;1.9.2.2.99.0.1.99.000;OUTRAS RESTITUIÇÕES - PRINC. - DEMAIS;1;9;2;2;99;0;1;99;0;9;1000;0;VALOR ESTIMADO COM BASE NOS INSTRUMENTOS JURÍDICOS VIGENTES, NAS RESPECTIVAS PREVISÕES DE INGRESSO DE RECURSOS E, QUANDO APLICÁVEL, EM PROPOSTAS DE NOVOS INSTRUMENTOS EM ANÁLISE OU EM FASE DE FORMALIZAÇÃO JUNTO AOS CONCEDENTES.
2027;1541;ESCOLA DE SAÚDE PÚBLICA DO ESTADO DE MINAS GERAIS;ESP MG;7.7.2.9.99.0.1.25.000;REC. INTRA. - OUTRAS TRANSF. ESTADOS DF - PRINC. - REPASSE DO FUNDO ESTADUAL DE SAÚDE - FES - LC FEDERAL Nº 141/12;7;7;2;9;99;0;1;25;0;10;32920516;32920516;Receita calculada pela SEPLAG conforme despesas projetadas para o órgão
2027;1711;SECRETARIA DE ESTADO DE COMUNICAÇÃO SOCIAL;SECOM;1.3.2.1.01.0.1.01.000;REMUNERAÇÃO DEPÓSITOS BANCÁRIOS - PRINC.;1;3;2;1;1;0;1;1;0;69;1000;1000;VALOR ESTIMADO COM BASE NOS INSTRUMENTOS JURÍDICOS VIGENTES, NAS RESPECTIVAS PREVISÕES DE INGRESSO DE RECURSOS E, QUANDO APLICÁVEL, EM PROPOSTAS DE NOVOS INSTRUMENTOS EM ANÁLISE OU EM FASE DE FORMALIZAÇÃO JUNTO AOS CONCEDENTES.
2027;1711;SECRETARIA DE ESTADO DE COMUNICAÇÃO SOCIAL;SECOM;1.9.2.2.99.0.1.99.000;OUTRAS RESTITUIÇÕES - PRINC. - DEMAIS;1;9;2;2;99;0;1;99;0;69;1000;1000;VALOR ESTIMADO COM BASE NOS INSTRUMENTOS JURÍDICOS VIGENTES, NAS RESPECTIVAS PREVISÕES DE INGRESSO DE RECURSOS E, QUANDO APLICÁVEL, EM PROPOSTAS DE NOVOS INSTRUMENTOS EM ANÁLISE OU EM FASE DE FORMALIZAÇÃO JUNTO AOS CONCEDENTES.
2027;2011;INSTITUTO DE PREVIDÊNCIA DOS SERVIDORES DO ESTADO DE MINAS GERAIS;IPSEMG;1.2.1.9.99.1.1.01.008;DEMAIS CONTRIB. SOC. - PRINC. - CONTRIB. PATRON. CIVIL SAÚDE - MUNICÍPIOS;1;2;1;9;99;1;1;1;8;49;186062;186062;Média aritmética simples dos meses de fevereiro e março multiplicados por 13 meses de arrecadação.
2027;2011;INSTITUTO DE PREVIDÊNCIA DOS SERVIDORES DO ESTADO DE MINAS GERAIS;IPSEMG;1.2.1.9.99.1.1.02.001;DEMAIS CONTRIB. SOC. - PRINC. - CONTRIB. CIVIL SAÚDE - ATIVO;1;2;1;9;99;1;1;2;1;50;334127215;334127215;Média aritmética simples dos meses de outubro a dezembro e 13° de 2025 +  reajuste linear de 5,4% para servidores ativos, inativos e pensionistas do Executivo estadual multiplicados por 13 meses de contribuição.
2027;2011;INSTITUTO DE PREVIDÊNCIA DOS SERVIDORES DO ESTADO DE MINAS GERAIS;IPSEMG;1.2.1.9.99.1.1.02.002;DEMAIS CONTRIB. SOC. - PRINC. - CONTRIB. CIVIL SAÚDE - INATIVO;1;2;1;9;99;1;1;2;2;50;473413218;473413218;Média aritmética simples dos meses de outubro a dezembro e 13° de 2025 +  reajuste linear de 5,4% para servidores ativos, inativos e pensionistas do Executivo estadual multiplicados por 13 meses de contribuição.
2027;2011;INSTITUTO DE PREVIDÊNCIA DOS SERVIDORES DO ESTADO DE MINAS GERAIS;IPSEMG;1.2.1.9.99.1.1.02.003;DEMAIS CONTRIB. SOC. - PRINC. - CONTRIB. CIVIL SAÚDE - PENSIONISTA;1;2;1;9;99;1;1;2;3;50;71512385;71512385;Média aritmética simples dos meses de outubro a dezembro e 13° de 2025 +  reajuste linear de 5,4% para servidores ativos, inativos e pensionistas do Executivo estadual multiplicados por 13 meses de contribuição.
2027;2011;INSTITUTO DE PREVIDÊNCIA DOS SERVIDORES DO ESTADO DE MINAS GERAIS;IPSEMG;1.2.1.9.99.1.1.02.004;DEMAIS CONTRIB. SOC. - PRINC. - CONTRIB. CIVIL SAÚDE - CONTRATO ADMINISTRATIVO;1;2;1;9;99;1;1;2;4;50;32501359;32501359;Média aritmética simples dos meses de outubro a dezembro e 13° de 2025 +  reajuste linear de 5,4% para servidores ativos, inativos e pensionistas do Executivo estadual multiplicados por 13 meses de contribuição.
2027;2011;INSTITUTO DE PREVIDÊNCIA DOS SERVIDORES DO ESTADO DE MINAS GERAIS;IPSEMG;1.2.1.9.99.1.1.02.005;DEMAIS CONTRIB. SOC. - PRINC. - CONTRIB. CIVIL SAÚDE - ESTADO - DEPENDENTES;1;2;1;9;99;1;1;2;5;50;306375509;306375509;Média aritmética simples dos meses de outubro a dezembro e 13° de 2025 +  reajuste linear de 5,4% para servidores ativos, inativos e pensionistas do Executivo estadual multiplicados por 13 meses de contribuição.
2027;2011;INSTITUTO DE PREVIDÊNCIA DOS SERVIDORES DO ESTADO DE MINAS GERAIS;IPSEMG;1.2.1.9.99.1.1.02.006;DEMAIS CONTRIB. SOC. - PRINC. - CONTRIB. CIVIL SAÚDE - ESTADO - DEPENDENTES - FILHOS;1;2;1;9;99;1;1;2;6;50;178908728;178908728;Média aritmética simples dos meses de outubro a dezembro e 13° de 2025 +  reajuste linear de 5,4% para servidores ativos, inativos e pensionistas do Executivo estadual multiplicados por 13 meses de contribuição.
2027;2011;INSTITUTO DE PREVIDÊNCIA DOS SERVIDORES DO ESTADO DE MINAS GERAIS;IPSEMG;1.2.1.9.99.1.1.02.007;DEMAIS CONTRIB. SOC. - PRINC. - CONTRIB. CIVIL SAÚDE - USUÁRIO FACULTATIVO;1;2;1;9;99;1;1;2;7;50;432688;432688;Média aritmética simples dos meses de outubro a dezembro e 13° de 2025 +  reajuste linear de 5,4% para servidores ativos, inativos e pensionistas do Executivo estadual multiplicados por 13 meses de contribuição.
2027;2011;INSTITUTO DE PREVIDÊNCIA DOS SERVIDORES DO ESTADO DE MINAS GERAIS;IPSEMG;1.2.1.9.99.1.1.02.008;DEMAIS CONTRIB. SOC. - PRINC. - CONTRIB. CIVIL SAÚDE - MUNICÍPIOS;1;2;1;9;99;1;1;2;8;50;421164;421164;Média aritmética simples dos meses de outubro a dezembro de 2025 multiplicados por 13 meses de contribuição.
2027;2011;INSTITUTO DE PREVIDÊNCIA DOS SERVIDORES DO ESTADO DE MINAS GERAIS;IPSEMG;1.2.1.9.99.1.1.02.009;DEMAIS CONTRIB. SOC. - PRINC. - CONTRIB. CIVIL SAÚDE - DEMAIS - SERVIDOR;1;2;1;9;99;1;1;2;9;50;3537434;3537434;Média aritmética simples dos meses de outubro a dezembro de 2025 multiplicados por 13 meses de contribuição.
2027;2011;INSTITUTO DE PREVIDÊNCIA DOS SERVIDORES DO ESTADO DE MINAS GERAIS;IPSEMG;1.2.1.9.99.1.1.02.010;DEMAIS CONTRIB. SOC. - PRINC. - CONTRIB. CIVIL SAÚDE - DEMAIS - DEPENDENTES;1;2;1;9;99;1;1;2;10;50;1213083;1213083;Média aritmética simples dos meses de outubro a dezembro de 2025 multiplicados por 13 meses de contribuição.
2027;2011;INSTITUTO DE PREVIDÊNCIA DOS SERVIDORES DO ESTADO DE MINAS GERAIS;IPSEMG;1.2.1.9.99.1.1.02.011;DEMAIS CONTRIB. SOC. - PRINC. - CONTRIB. CIVIL SAÚDE - DEMAIS - DEPENDENTES - FILHOS;1;2;1;9;99;1;1;2;11;50;895650;895650;Média aritmética simples dos meses de outubro a dezembro de 2025 multiplicados por 13 meses de contribuição.
2027;2011;INSTITUTO DE PREVIDÊNCIA DOS SERVIDORES DO ESTADO DE MINAS GERAIS;IPSEMG;1.2.1.9.99.1.2.99.000;DEMAIS CONTRIB. SOC. - MJM - DEMAIS;1;2;1;9;99;1;2;99;0;60;17155;17155;Previsão para o exercício com base no valor arredado no exercício de 2025.
2027;2011;INSTITUTO DE PREVIDÊNCIA DOS SERVIDORES DO ESTADO DE MINAS GERAIS;IPSEMG;1.2.1.9.99.1.3.99.000;DEMAIS CONTRIB. SOC. - DA - DEMAIS;1;2;1;9;99;1;3;99;0;60;3308097;3308097;Média aritmética simples dos meses de outubro de 2025 a março de 2026 multiplicados por 12 meses de arrecadação.
2027;2011;INSTITUTO DE PREVIDÊNCIA DOS SERVIDORES DO ESTADO DE MINAS GERAIS;IPSEMG;1.2.1.9.99.1.4.99.000;DEMAIS CONTRIB. SOC. - DA-MJM - DEMAIS;1;2;1;9;99;1;4;99;0;60;3624170;3624170;Média aritmética simples dos meses de outubro de 2025 a março de 2026 multiplicados por 12 meses de arrecadação.
2027;2011;INSTITUTO DE PREVIDÊNCIA DOS SERVIDORES DO ESTADO DE MINAS GERAIS;IPSEMG;1.3.1.1.02.0.1.99.000;CONC. PERM. AUTOR. CESSÃO DIR. USO BENS IMÓV. PÚB. - PRINC. - DEMAIS;1;3;1;1;2;0;1;99;0;60;1274198;1274198;Média aritmética simples dos meses de outubro de 2025 a março de 2026 multiplicados por 12 meses de arrecadação.
2027;2011;INSTITUTO DE PREVIDÊNCIA DOS SERVIDORES DO ESTADO DE MINAS GERAIS;IPSEMG;1.3.2.1.01.0.1.01.000;REMUNERAÇÃO DEPÓSITOS BANCÁRIOS - PRINC.;1;3;2;1;1;0;1;1;0;60;48086689;48086689;Média aritmética simples dos meses de outubro de 2025 a março de 2026 multiplicados por 12 meses de arrecadação.
2027;2011;INSTITUTO DE PREVIDÊNCIA DOS SERVIDORES DO ESTADO DE MINAS GERAIS;IPSEMG;1.3.2.1.06.0.1.02.000;JUROS CAPITAL PRÓPRIO - PRINC. - EMPRESAS NÃO ESTATAIS;1;3;2;1;6;0;1;2;0;60;3380;3380;Previsão para o exercício com base no valor arredado no exercício de 2025.
2027;2011;INSTITUTO DE PREVIDÊNCIA DOS SERVIDORES DO ESTADO DE MINAS GERAIS;IPSEMG;1.3.2.2.01.0.1.02.000;DIVIDENDOS - PRINC. - EMPRESAS NÃO ESTATAIS;1;3;2;2;1;0;1;2;0;60;9501;9501;Previsão para o exercício com base no valor arredado no exercício de 2025.
2027;2011;INSTITUTO DE PREVIDÊNCIA DOS SERVIDORES DO ESTADO DE MINAS GERAIS;IPSEMG;1.6.1.1.01.0.1.20.000;SERVIÇOS ADM. COMERC. GER. - PRINC. - ADMINISTRAÇÃO DE FUNDO DE PECÚLIO;1;6;1;1;1;0;1;20;0;60;1557649;1557649;Média aritmética simples dos meses de janeiro e março multiplicados por 12 meses de arrecadação.
2027;2011;INSTITUTO DE PREVIDÊNCIA DOS SERVIDORES DO ESTADO DE MINAS GERAIS;IPSEMG;1.6.1.1.01.0.1.99.001;SERVIÇOS ADM. COMERC. GER. - PRINC. - DEMAIS - SERVIÇOS ADMINISTRATIVOS;1;6;1;1;1;0;1;99;1;60;1000;1000;Abertura de receita. Receita prevista para evento esporádico.
2027;2011;INSTITUTO DE PREVIDÊNCIA DOS SERVIDORES DO ESTADO DE MINAS GERAIS;IPSEMG;1.6.1.1.02.0.1.01.000;INSCRIÇÃO CONCURSOS PROCESSOS SELETIVOS - PRINC.;1;6;1;1;2;0;1;1;0;60;653328;653328;Média aritmética simples dos meses de outubro de 2025 a março de 2026 multiplicados por 12 meses de arrecadação.
2027;2011;INSTITUTO DE PREVIDÊNCIA DOS SERVIDORES DO ESTADO DE MINAS GERAIS;IPSEMG;1.6.3.1.99.0.1.05.001;OUTROS SERV. ATEND. SAÚDE - PRINC. - COPARTICIP. SEGURADOS - SERVIÇOS HOSPITALARES;1;6;3;1;99;0;1;5;1;61;76979672;76979672;Média aritmética simples dos meses de outubro de 2025 a março de 2026 multiplicados por 12 meses de arrecadação.
2027;2011;INSTITUTO DE PREVIDÊNCIA DOS SERVIDORES DO ESTADO DE MINAS GERAIS;IPSEMG;1.6.3.1.99.0.1.05.002;OUTROS SERV. ATEND. SAÚDE - PRINC. - COPARTICIP. SEGURADOS - SERVIÇOS ODONTOLÓGICOS;1;6;3;1;99;0;1;5;2;61;6410130;6410130;Média aritmética simples dos meses de outubro de 2025 a março de 2026 multiplicados por 12 meses de arrecadação.
2027;2011;INSTITUTO DE PREVIDÊNCIA DOS SERVIDORES DO ESTADO DE MINAS GERAIS;IPSEMG;1.9.1.1.09.0.1.99.000;MULTAS JUROS PREVISTOS CONTRATOS - PRINC. - DEMAIS;1;9;1;1;9;0;1;99;0;60;63322;63322;Média aritmética simples dos meses de outubro de 2025 a março de 2026 multiplicados por 12 meses de arrecadação.
2027;2011;INSTITUTO DE PREVIDÊNCIA DOS SERVIDORES DO ESTADO DE MINAS GERAIS;IPSEMG;1.9.2.2.03.0.1.01.000;RESTITUIÇÃO BENEFÍCIOS PREVIDENCIÁRIOS - PRINC. - FOLHA PAGAMENTO - INATIVOS E PENSIONISTAS;1;9;2;2;3;0;1;1;0;49;;1000;Ajusta receitas obrigatórias no GRP relacionadas à despesa de pessoal
2027;2011;INSTITUTO DE PREVIDÊNCIA DOS SERVIDORES DO ESTADO DE MINAS GERAIS;IPSEMG;1.9.2.2.06.3.1.99.000;RESTITUIÇÃO DESPESAS PRIMÁRIAS EXERCÍCIOS ANTERIORES - PRINC. - DEMAIS;1;9;2;2;6;3;1;99;0;50;2000;2000;"Abertura de receita; valor aberto para exercício de 2026. Receita prevista para evento esporádico."
2027;2011;INSTITUTO DE PREVIDÊNCIA DOS SERVIDORES DO ESTADO DE MINAS GERAIS;IPSEMG;1.9.2.2.06.3.1.99.000;RESTITUIÇÃO DESPESAS PRIMÁRIAS EXERCÍCIOS ANTERIORES - PRINC. - DEMAIS;1;9;2;2;6;3;1;99;0;60;1521961;1521961;Média aritmética simples dos meses de outubro de 2025 a março de 2026 multiplicados por 12 meses de arrecadação.
2027;2011;INSTITUTO DE PREVIDÊNCIA DOS SERVIDORES DO ESTADO DE MINAS GERAIS;IPSEMG;1.9.2.2.52.0.1.01.000;RESTITUIÇÃO REMUNERAÇÃO FOLHA PAGAMENTO - PESSOAL ATIVO - PRINC.;1;9;2;2;52;0;1;1;0;49;30000;30000;Abertura de receita. Valor aberto para exercício de 2026. Receita prevista para evento esporádico.
2027;2011;INSTITUTO DE PREVIDÊNCIA DOS SERVIDORES DO ESTADO DE MINAS GERAIS;IPSEMG;1.9.2.2.52.0.1.01.000;RESTITUIÇÃO REMUNERAÇÃO FOLHA PAGAMENTO - PESSOAL ATIVO - PRINC.;1;9;2;2;52;0;1;1;0;50;1000;1000;"Abertura de receita; valor aberto para exercício de 2026. Receita prevista para evento esporádico."
2027;2011;INSTITUTO DE PREVIDÊNCIA DOS SERVIDORES DO ESTADO DE MINAS GERAIS;IPSEMG;1.9.2.2.99.0.1.99.000;OUTRAS RESTITUIÇÕES - PRINC. - DEMAIS;1;9;2;2;99;0;1;99;0;49;67464;66464;Previsão para o exercício com base no valor arredado no exercício de 2025.
2027;2011;INSTITUTO DE PREVIDÊNCIA DOS SERVIDORES DO ESTADO DE MINAS GERAIS;IPSEMG;1.9.2.2.99.0.1.99.000;OUTRAS RESTITUIÇÕES - PRINC. - DEMAIS;1;9;2;2;99;0;1;99;0;50;38641;38641;Previsão para o exercício com base no valor arredado no exercício de 2025.
2027;2011;INSTITUTO DE PREVIDÊNCIA DOS SERVIDORES DO ESTADO DE MINAS GERAIS;IPSEMG;1.9.2.2.99.0.1.99.000;OUTRAS RESTITUIÇÕES - PRINC. - DEMAIS;1;9;2;2;99;0;1;99;0;60;1584009;1584009;Média aritmética simples dos meses de outubro de 2025 a março de 2026 multiplicados por 12 meses de arrecadação.
2027;2011;INSTITUTO DE PREVIDÊNCIA DOS SERVIDORES DO ESTADO DE MINAS GERAIS;IPSEMG;1.9.9.9.99.2.1.99.000;OUTRAS REC. - PRIMÁRIAS - PRINC. - DEMAIS;1;9;9;9;99;2;1;99;0;60;1185460;1185460;Média aritmética simples dos meses de outubro de 2025 a março de 2026 multiplicados por 12 meses de arrecadação.
2027;2011;INSTITUTO DE PREVIDÊNCIA DOS SERVIDORES DO ESTADO DE MINAS GERAIS;IPSEMG;2.2.1.3.01.0.1.01.000;ALIENAÇÃO BENS MÓVEIS SEMOVENTES - PRINC.;2;2;1;3;1;0;1;1;0;47;1000;1000;Abertura de receita. Receita prevista para evento esporádico.
2027;2011;INSTITUTO DE PREVIDÊNCIA DOS SERVIDORES DO ESTADO DE MINAS GERAIS;IPSEMG;2.2.2.1.01.0.1.01.000;ALIENAÇÃO BENS IMÓVEIS - PRINC.;2;2;2;1;1;0;1;1;0;47;1000;1000;Abertura de receita. Receita prevista para evento esporádico.
2027;2011;INSTITUTO DE PREVIDÊNCIA DOS SERVIDORES DO ESTADO DE MINAS GERAIS;IPSEMG;7.2.1.9.99.1.1.01.001;REC. INTRA. - DEMAIS CONTRIB. SOC. - PRINC. - CONTRIB. PATRON. CIVIL SAÚDE - SERVIDOR ATIVO;7;2;1;9;99;1;1;1;1;49;168862929;168862929;Média aritmética simples dos meses de outubro a dezembro e 13° de 2025 +  reajuste linear de 5,4% para servidores ativos, inativos e pensionistas do Executivo estadual multiplicados por 13 meses de contribuição.
2027;2011;INSTITUTO DE PREVIDÊNCIA DOS SERVIDORES DO ESTADO DE MINAS GERAIS;IPSEMG;7.2.1.9.99.1.1.01.002;REC. INTRA. - DEMAIS CONTRIB. SOC. - PRINC. - CONTRIB. PATRON. CIVIL SAÚDE - SERVIDOR INATIVO;7;2;1;9;99;1;1;1;2;49;181825236;181825236;Média aritmética simples dos meses de outubro a dezembro e 13° de 2025 +  reajuste linear de 5,4% para servidores ativos, inativos e pensionistas do Executivo estadual multiplicados por 13 meses de contribuição.
2027;2011;INSTITUTO DE PREVIDÊNCIA DOS SERVIDORES DO ESTADO DE MINAS GERAIS;IPSEMG;7.2.1.9.99.1.1.01.003;REC. INTRA. - DEMAIS CONTRIB. SOC. - PRINC. - CONTRIB. PATRON. CIVIL SAÚDE - PENSIONISTA;7;2;1;9;99;1;1;1;3;49;29272085;29272085;Média aritmética simples dos meses de outubro a dezembro e 13° de 2025 +  reajuste linear de 5,4% para servidores ativos, inativos e pensionistas do Executivo estadual multiplicados por 13 meses de contribuição.
2027;2011;INSTITUTO DE PREVIDÊNCIA DOS SERVIDORES DO ESTADO DE MINAS GERAIS;IPSEMG;7.2.1.9.99.1.1.01.004;REC. INTRA. - DEMAIS CONTRIB. SOC. - PRINC. - CONTRIB. PATRON. CIVIL SAÚDE - CONTRATO ADMINISTRATIVO;7;2;1;9;99;1;1;1;4;49;14921882;14921882;Média aritmética simples dos meses de outubro a dezembro e 13° de 2025 +  reajuste linear de 5,4% para servidores ativos, inativos e pensionistas do Executivo estadual multiplicados por 13 meses de contribuição.
2027;2011;INSTITUTO DE PREVIDÊNCIA DOS SERVIDORES DO ESTADO DE MINAS GERAIS;IPSEMG;7.2.1.9.99.1.1.01.005;REC. INTRA. - DEMAIS CONTRIB. SOC. - PRINC. - CONTRIB. PATRON. CIVIL SAÚDE - ESTADO - DEPENDENTES;7;2;1;9;99;1;1;1;5;49;132586740;132586740;Média aritmética simples dos meses de outubro a dezembro e 13° de 2025 +  reajuste linear de 5,4% para servidores ativos, inativos e pensionistas do Executivo estadual multiplicados por 13 meses de contribuição.
2027;2011;INSTITUTO DE PREVIDÊNCIA DOS SERVIDORES DO ESTADO DE MINAS GERAIS;IPSEMG;7.2.1.9.99.1.1.01.006;REC. INTRA. - DEMAIS CONTRIB. SOC. - PRINC. - CONTRIB. PATRON. CIVIL SAÚDE - ESTADO - DEPENDENTES - FILHOS;7;2;1;9;99;1;1;1;6;49;90032649;90032649;Média aritmética simples dos meses de outubro a dezembro e 13° de 2025 +  reajuste linear de 5,4% para servidores ativos, inativos e pensionistas do Executivo estadual multiplicados por 13 meses de contribuição.
2027;2011;INSTITUTO DE PREVIDÊNCIA DOS SERVIDORES DO ESTADO DE MINAS GERAIS;IPSEMG;7.2.1.9.99.1.1.01.007;REC. INTRA. - DEMAIS CONTRIB. SOC. - PRINC. - CONTRIB. PATRON. CIVIL SAÚDE - USUÁRIO FACULTATIVO;7;2;1;9;99;1;1;1;7;49;20625;20625;Previsão para o exercício com base no valor arredado no exercício de 2025.
2027;2011;INSTITUTO DE PREVIDÊNCIA DOS SERVIDORES DO ESTADO DE MINAS GERAIS;IPSEMG;7.3.1.1.01.1.1.01.000;REC. INTRA. - ALUGUÉIS ARRENDAMENTOS - PRINC. - ALUGUÉIS;7;3;1;1;1;1;1;1;0;60;406347;406347;Previsão para o exercício com base no valor arredado no exercício de 2025.
2027;2041;LOTERIA DO ESTADO DE MINAS GERAIS;LEMG;1.3.2.1.01.0.1.01.000;REMUNERAÇÃO DEPÓSITOS BANCÁRIOS - PRINC.;1;3;2;1;1;0;1;1;0;60;350000;350000;"A previsão para receita proveniente de Remuneração de Depósitos Bancários, está baseada na performance do realizado no exercício de 2025.
Base Legal LEMG-Decretos Estaduais/MG 47902/2020 e 48184/2021."
2027;2041;LOTERIA DO ESTADO DE MINAS GERAIS;LEMG;1.3.2.2.01.0.1.02.000;DIVIDENDOS - PRINC. - EMPRESAS NÃO ESTATAIS;1;3;2;2;1;0;1;2;0;60;1200;1200;"A previsão para receita proveniente de Dividendos de Ações de Empresas Estatais, está baseada na performance do realizado no exercício de 2025.
Base Legal LEMG-Decretos Estaduais/MG 47902/2020 e 48184/2021.
"
2027;2041;LOTERIA DO ESTADO DE MINAS GERAIS;LEMG;1.9.2.2.52.0.1.01.000;RESTITUIÇÃO REMUNERAÇÃO FOLHA PAGAMENTO - PESSOAL ATIVO - PRINC.;1;9;2;2;52;0;1;1;0;60;;1000;Inclui as receitas de restituição que não possuem fontes já fechadas de pessoal
2027;2041;LOTERIA DO ESTADO DE MINAS GERAIS;LEMG;1.9.2.2.99.0.1.99.000;OUTRAS RESTITUIÇÕES - PRINC. - DEMAIS;1;9;2;2;99;0;1;99;0;60;1000;1000;"                                             
Arrecadação de Outras Restituições não enquadradas nos itens de Receitas da LEMG. Previstas para registro do código de receita para o exercício de 2027. Em 2025 houve a devolução de recursos financeiros pela SEDESE, recebidos da LEMG para utilização em Ações Sociais, onde alguns recursos não foram utilizados em sua totalidade, devolvidos registrados/contabilizados no SIAFI em Outras Restituições, situação de caráter eventual,o que nos levou a manter o valor ora programado.
Base legal LEMG-Decretos Estadual/MG 47902/2020 e 48184/2021.
"
2027;2041;LOTERIA DO ESTADO DE MINAS GERAIS;LEMG;1.9.9.9.99.2.1.02.000;OUTRAS REC. - PRIMÁRIAS - PRINC. - RENDAS DE LOTERIA INSTANTÂNEA;1;9;9;9;99;2;1;2;0;60;7300000;7300000;"Valores previstos com base no Edital de Licitação Concorrência Pública Internacional LEMG 001/2023 de 30/12/2022 SEI 2040.01.000289/2022-47. Estabelecidos na Modelagem Econômica Financeira da contratação pelo período de 20 anos, conforme Projeto Básico itens 9 e 10, onde foram estabelecidos os valores de metas mínimas de arrecadação bruta e repasse à LEMG anual. Contrato de Concessão nº 001 de 06/06/2023, SEI 2040.01.0000119/2023-75 celebrado entre a Loteria do Estado de Minas Gerais e o Consórcio Mineira da Sorte. 
Valor total previsto para 2027 (execução do 4º ano do contrato) R$ 7.706.250 sendo R$ 406.250 previsto para modalidade Loteria Convencional.
Base Legal LEMG-Decreto Lei Federal 6259/1944; 204/1967; Lei Federal 13756/2018; Decretos Estaduais/MG 31163/1990; 47902/2020 e 48184/2021.


"
2027;2041;LOTERIA DO ESTADO DE MINAS GERAIS;LEMG;1.9.9.9.99.2.1.03.000;OUTRAS REC. - PRIMÁRIAS - PRINC. - RENDAS DE LOTERIA ONLINE;1;9;9;9;99;2;1;3;0;60;1000;1000;"Receitas provenientes das vendas de Loterias On Line. Em função do encerramento do contrato entre a LEMG e Keno Brasil, concessionária que explora essa modalidade de jogo, previsto para 13/05/2026, realizamos o registro nesse valor somente para manter o código da receita dessa modalidade para o exercício de 2027.
Procedimentos de contratação de Rendas de Loteria Online, estão em andamento mais especificamente na fase Audiência Pública. Devido ao número excessivo de questionamentos ainda não temos uma previsão do edital e por precaução não fixamos qualquer valor de previsão de receita.
Base Legal LEMG-Decretos Estaduais/MG 47902/2020 e 48184/2021. 


"
2027;2041;LOTERIA DO ESTADO DE MINAS GERAIS;LEMG;1.9.9.9.99.2.1.16.000;OUTRAS REC. - PRIMÁRIAS - PRINC. - RENDAS DE LOTERIA CONVENCIONAL;1;9;9;9;99;2;1;16;0;60;406250;406250;"Valores previstos com base no Edital de Licitação Concorrência Pública Internacional LEMG 001/2023 de 30/12/2022 SEI 2040.01.000289/2022-47. Estabelecidos na Modelagem Econômica Financeira da contratação pelo período de 20 anos, conforme Projeto Básico itens 9 e 10, onde foram estabelecidos os valores de metas mínimas de arrecadação bruta e repasse à LEMG anual. Contrato de Concessão nº 001 de 06/06/2023, SEI 2040.01.0000119/2023-75 celebrado entre a Loteria do Estado de Minas Gerais e o Consórcio Mineira da Sorte. 
Valor total previsto para 2027 (execução do 4º ano do contrato) R$ 7.706.250 sendo R$ 7.300.000 previsto para modalidade Loteria Instantânea.
Base Legal LEMG-Decretos Lei Federal 6259/1944 e 204/1967. Lei Federal 13756/2018. Decretos Estaudal/MG 47902/2020 e 48184/2021.
"
2027;2041;LOTERIA DO ESTADO DE MINAS GERAIS;LEMG;1.9.9.9.99.2.1.19.000;OUTRAS REC. - PRIMÁRIAS - PRINC. - RENDAS DE LOTERIA DE APOSTAS DE QUOTA FIXA;1;9;9;9;99;2;1;19;0;60;10000000;10000000;"Lei 14790/2023 art.12, fixa valor máximo de outorga. Para LEMG, após estudos técnicos de mercado, a área operacional convencionou que será replicada Portaria SPA/MF 827/2024, usando-se o valor de 5 milhões equivalente à reserva financeira. Cabe destacar que as Portarias da LEMG ainda estão em fase de elaboração. Porém, já com essa definição de valor de outorga.
Art. 12. A expedição da autorização para exploração de apostas de quota fixa será condicionada ao recolhimento do valor fixo de contraprestação de outorga, conforme estipulado na regulamentação do Ministério da Fazenda.
Parágrafo único. O valor estipulado a título de outorga fixa será limitado a, no máximo, R$30.000.000, considerado o uso de 3 marcas comerciais a serem exploradas pela pessoa jurídica em seus canais eletrônicos por ato de autorização
Base legal LEMG-Decretos Lei Federal 6259/1944 e 204/1967. Lei Federal 13756/2018. Decretos Estadual/MG 47902/2020 e 48184/2021.
"
2027;2061;FUNDAÇÃO JOÃO PINHEIRO;FJP;1.3.1.1.01.1.1.01.000;ALUGUÉIS ARRENDAMENTOS - PRINC. - ALUGUÉIS;1;3;1;1;1;1;1;1;0;60;55000;55000;De acordo com previsao de cessao onerosa de espaco do restaurante 5 sobre faturamento bruto conforme contrato e com base na arrecadacao mensal auferida nos primeiros 02 meses de 2026 descontado o periodo de ferias de estudantes em julho
2027;2061;FUNDAÇÃO JOÃO PINHEIRO;FJP;1.3.2.1.01.0.1.01.000;REMUNERAÇÃO DEPÓSITOS BANCÁRIOS - PRINC.;1;3;2;1;1;0;1;1;0;24;4000;4000;VALOR ESTIMADO COM BASE NOS INSTRUMENTOS JURÍDICOS VIGENTES, NAS RESPECTIVAS PREVISÕES DE INGRESSO DE RECURSOS E, QUANDO APLICÁVEL, EM PROPOSTAS DE NOVOS INSTRUMENTOS EM ANÁLISE OU EM FASE DE FORMALIZAÇÃO JUNTO AOS CONCEDENTES.
2027;2061;FUNDAÇÃO JOÃO PINHEIRO;FJP;1.6.1.1.01.0.1.03.000;SERVIÇOS ADM. COMERC. GER. - PRINC. - COMERCIALIZAÇÃO DE LIVROS, PERIÓDICOS, MATERIAIS ESCOLARES E PUBLICIDADE;1;6;1;1;1;0;1;3;0;60;2942;2942;De acordo com arrecadação auferida no ano de 2025 e projeção de venda de livros da Coleção Mineiriana.
2027;2061;FUNDAÇÃO JOÃO PINHEIRO;FJP;1.6.1.1.01.0.1.24.000;SERVIÇOS ADM. COMERC. GER. - PRINC. - EDUCACIONAIS E CAPACITAÇÃO;1;6;1;1;1;0;1;24;0;60;1005162;1005162;De acordo com previsão da Escola de Governo com base em cursos contratados e em negociação.
2027;2061;FUNDAÇÃO JOÃO PINHEIRO;FJP;1.6.1.1.01.0.1.30.000;SERVIÇOS ADM. COMERC. GER. - PRINC. - ESTUDOS E PESQUISA;1;6;1;1;1;0;1;30;0;60;1462787;1462787;De acordo com previsao das Diretorias de Politicas Publicas e de Estatitiscas e Informações com base em projetos contratados e em negociacao.
2027;2061;FUNDAÇÃO JOÃO PINHEIRO;FJP;1.6.1.1.01.0.1.99.001;SERVIÇOS ADM. COMERC. GER. - PRINC. - DEMAIS - SERVIÇOS ADMINISTRATIVOS;1;6;1;1;1;0;1;99;1;60;835;835;De acordo com valores previstos a serem pagos pelos serviços prestados pela Seção de Registro de Controle Acadêmico ¿ SRCA da Escola de Governo ¿Professor Paulo Neves de Carvalho¿, da Fundação, quando da expedição, emissão e autenticações de documentos.
2027;2061;FUNDAÇÃO JOÃO PINHEIRO;FJP;1.6.1.1.02.0.1.01.000;INSCRIÇÃO CONCURSOS PROCESSOS SELETIVOS - PRINC.;1;6;1;1;2;0;1;1;0;60;107560;107560;Previsão dos valores para inscrição processo seletivo - Concurso Público EPPGG e Mestrado de acordo com arrecadação historica.
2027;2061;FUNDAÇÃO JOÃO PINHEIRO;FJP;1.6.1.1.03.0.1.04.000;SERVIÇOS REG. CERTIF. FISCALIZ. - PRINC. - EXPEDIÇÃO DE CERTIFICADOS;1;6;1;1;3;0;1;4;0;60;758714;758714;De acordo com base na evolucao historica de arrecadacao combinada com arrecadacao registrada nos 02 primeiros meses de 2026 bem como reforco da equipe responsavel pela emissao de certificados.
2027;2061;FUNDAÇÃO JOÃO PINHEIRO;FJP;1.9.2.2.99.0.1.99.000;OUTRAS RESTITUIÇÕES - PRINC. - DEMAIS;1;9;2;2;99;0;1;99;0;24;1000;1000;VALOR ESTIMADO COM BASE NOS INSTRUMENTOS JURÍDICOS VIGENTES, NAS RESPECTIVAS PREVISÕES DE INGRESSO DE RECURSOS E, QUANDO APLICÁVEL, EM PROPOSTAS DE NOVOS INSTRUMENTOS EM ANÁLISE OU EM FASE DE FORMALIZAÇÃO JUNTO AOS CONCEDENTES.
2027;2061;FUNDAÇÃO JOÃO PINHEIRO;FJP;1.9.2.2.99.0.1.99.000;OUTRAS RESTITUIÇÕES - PRINC. - DEMAIS;1;9;2;2;99;0;1;99;0;60;20000;20000;De acordo com controle do serviço de cobrança de dividas, ajustada em função de redução de passivo a receber.
2027;2061;FUNDAÇÃO JOÃO PINHEIRO;FJP;2.2.1.3.01.0.1.01.000;ALIENAÇÃO BENS MÓVEIS SEMOVENTES - PRINC.;2;2;1;3;1;0;1;1;0;47;5000;5000;De acordo com previsão de leilão de bens moveis inserviveis.
2027;2061;FUNDAÇÃO JOÃO PINHEIRO;FJP;2.4.1.4.99.0.1.08.003;CIÊNCIA TECNOLOGIA - MINISTÉRIO DO DESENVOLVIMENTO REGIONAL;2;4;1;4;99;0;1;8;3;24;256000;256000;VALOR ESTIMADO COM BASE NOS INSTRUMENTOS JURÍDICOS VIGENTES, NAS RESPECTIVAS PREVISÕES DE INGRESSO DE RECURSOS E, QUANDO APLICÁVEL, EM PROPOSTAS DE NOVOS INSTRUMENTOS EM ANÁLISE OU EM FASE DE FORMALIZAÇÃO JUNTO AOS CONCEDENTES.
2027;2071;FUNDAÇÃO DE AMPARO À PESQUISA DO ESTADO DE MINAS GERAIS;FAPEMIG;1.3.2.1.01.0.1.01.000;REMUNERAÇÃO DEPÓSITOS BANCÁRIOS - PRINC.;1;3;2;1;1;0;1;1;0;24;400000;400000;VALOR ESTIMADO COM BASE NOS INSTRUMENTOS JURÍDICOS VIGENTES, NAS RESPECTIVAS PREVISÕES DE INGRESSO DE RECURSOS E, QUANDO APLICÁVEL, EM PROPOSTAS DE NOVOS INSTRUMENTOS EM ANÁLISE OU EM FASE DE FORMALIZAÇÃO JUNTO AOS CONCEDENTES.
2027;2071;FUNDAÇÃO DE AMPARO À PESQUISA DO ESTADO DE MINAS GERAIS;FAPEMIG;1.3.2.1.01.0.1.01.000;REMUNERAÇÃO DEPÓSITOS BANCÁRIOS - PRINC.;1;3;2;1;1;0;1;1;0;60;80000;80000;Convênio: 10.204/2009 ¿ SIAFI 9000790 (contrapartida). Convênio vencido, encontrando-se pendente apenas o envio dos dados bancários necessários para a devolução dos recursos. Ressalta-se que, até o momento, não houve êxito na localização dos responsáveis pelas informações, o que tem impossibilitado a regularização da pendência.
2027;2071;FUNDAÇÃO DE AMPARO À PESQUISA DO ESTADO DE MINAS GERAIS;FAPEMIG;1.3.2.1.01.0.1.01.000;REMUNERAÇÃO DEPÓSITOS BANCÁRIOS - PRINC.;1;3;2;1;1;0;1;1;0;68;1000000;1000000;VALOR ESTIMADO COM BASE NOS INSTRUMENTOS JURÍDICOS VIGENTES, NAS RESPECTIVAS PREVISÕES DE INGRESSO DE RECURSOS E, QUANDO APLICÁVEL, EM PROPOSTAS DE NOVOS INSTRUMENTOS EM ANÁLISE OU EM FASE DE FORMALIZAÇÃO JUNTO AOS CONCEDENTES.
2027;2071;FUNDAÇÃO DE AMPARO À PESQUISA DO ESTADO DE MINAS GERAIS;FAPEMIG;1.3.2.1.01.0.1.01.000;REMUNERAÇÃO DEPÓSITOS BANCÁRIOS - PRINC.;1;3;2;1;1;0;1;1;0;69;700000;700000;VALOR ESTIMADO COM BASE NOS INSTRUMENTOS JURÍDICOS VIGENTES, NAS RESPECTIVAS PREVISÕES DE INGRESSO DE RECURSOS E, QUANDO APLICÁVEL, EM PROPOSTAS DE NOVOS INSTRUMENTOS EM ANÁLISE OU EM FASE DE FORMALIZAÇÃO JUNTO AOS CONCEDENTES.
2027;2071;FUNDAÇÃO DE AMPARO À PESQUISA DO ESTADO DE MINAS GERAIS;FAPEMIG;1.7.1.7.99.0.1.06.003;CIÊNCIA TECNOLOGIA - FINANCIADORA DE ESTUDOS E PROJETOS - FINEP;1;7;1;7;99;0;1;6;3;24;1709300;12209300;VALOR ESTIMADO COM BASE NOS INSTRUMENTOS JURÍDICOS VIGENTES, NAS RESPECTIVAS PREVISÕES DE INGRESSO DE RECURSOS E, QUANDO APLICÁVEL, EM PROPOSTAS DE NOVOS INSTRUMENTOS EM ANÁLISE OU EM FASE DE FORMALIZAÇÃO JUNTO AOS CONCEDENTES.
2027;2071;FUNDAÇÃO DE AMPARO À PESQUISA DO ESTADO DE MINAS GERAIS;FAPEMIG;1.9.2.2.01.1.1.01.000;RESTITUIÇÃO CONVÊNIOS - PRIMÁRIAS - PRINC.;1;9;2;2;1;1;1;1;0;60;25000000;25000000;Devoluções de saldos não utilizados nos projetos de pesquisa financiados com recursos  da Fapemig.
2027;2071;FUNDAÇÃO DE AMPARO À PESQUISA DO ESTADO DE MINAS GERAIS;FAPEMIG;1.9.2.2.99.0.1.99.000;OUTRAS RESTITUIÇÕES - PRINC. - DEMAIS;1;9;2;2;99;0;1;99;0;24;400000;400000;VALOR ESTIMADO COM BASE NOS INSTRUMENTOS JURÍDICOS VIGENTES, NAS RESPECTIVAS PREVISÕES DE INGRESSO DE RECURSOS E, QUANDO APLICÁVEL, EM PROPOSTAS DE NOVOS INSTRUMENTOS EM ANÁLISE OU EM FASE DE FORMALIZAÇÃO JUNTO AOS CONCEDENTES.
2027;2071;FUNDAÇÃO DE AMPARO À PESQUISA DO ESTADO DE MINAS GERAIS;FAPEMIG;1.9.2.2.99.0.1.99.000;OUTRAS RESTITUIÇÕES - PRINC. - DEMAIS;1;9;2;2;99;0;1;99;0;60;1000;1000;Convênio: 10.204/2009 ¿ SIAFI 9000790 (contrapartida). Convênio vencido, encontrando-se pendente apenas o envio dos dados bancários necessários para a devolução dos recursos. Ressalta-se que, até o momento, não houve êxito na localização dos responsáveis pelas informações, o que tem impossibilitado a regularização da pendência.
2027;2071;FUNDAÇÃO DE AMPARO À PESQUISA DO ESTADO DE MINAS GERAIS;FAPEMIG;1.9.2.2.99.0.1.99.000;OUTRAS RESTITUIÇÕES - PRINC. - DEMAIS;1;9;2;2;99;0;1;99;0;68;200000;200000;VALOR ESTIMADO COM BASE NOS INSTRUMENTOS JURÍDICOS VIGENTES, NAS RESPECTIVAS PREVISÕES DE INGRESSO DE RECURSOS E, QUANDO APLICÁVEL, EM PROPOSTAS DE NOVOS INSTRUMENTOS EM ANÁLISE OU EM FASE DE FORMALIZAÇÃO JUNTO AOS CONCEDENTES.
2027;2071;FUNDAÇÃO DE AMPARO À PESQUISA DO ESTADO DE MINAS GERAIS;FAPEMIG;1.9.2.2.99.0.1.99.000;OUTRAS RESTITUIÇÕES - PRINC. - DEMAIS;1;9;2;2;99;0;1;99;0;69;200000;200000;VALOR ESTIMADO COM BASE NOS INSTRUMENTOS JURÍDICOS VIGENTES, NAS RESPECTIVAS PREVISÕES DE INGRESSO DE RECURSOS E, QUANDO APLICÁVEL, EM PROPOSTAS DE NOVOS INSTRUMENTOS EM ANÁLISE OU EM FASE DE FORMALIZAÇÃO JUNTO AOS CONCEDENTES.
2027;2071;FUNDAÇÃO DE AMPARO À PESQUISA DO ESTADO DE MINAS GERAIS;FAPEMIG;2.2.1.1.02.0.1.99.000;ALIEN. TÍTULOS VALORES MOBIL. APLIC. CONGÊN. PERMANENTES - PRINC. - DEMAIS;2;2;1;1;2;0;1;99;0;47;10000;10000;Possíveis desinvestimentos futuros em Fundos da CRIATEC e Primatec
2027;2071;FUNDAÇÃO DE AMPARO À PESQUISA DO ESTADO DE MINAS GERAIS;FAPEMIG;2.2.1.3.01.0.1.01.000;ALIENAÇÃO BENS MÓVEIS SEMOVENTES - PRINC.;2;2;1;3;1;0;1;1;0;47;5000;5000;Previsao de receita oriunda da alienacao via leilao eletronico de materiais permanentes inserviveis realizado por meio da Bolsa de Materiais do Estado
2027;2091;FUNDAÇÃO ESTADUAL DO MEIO AMBIENTE;FEAM;1.1.2.1.04.0.1.03.000;TX. CONTR. FISC. AMBIENT. - PRINC. - TAXA DE CONTROLE E FISCALIZAÇÃO AMBIENTAL;1;1;2;1;4;0;1;3;0;52;45900000;45900000;Média de receita arrecadada nos anos 2024/2025 e previsão 2026
2027;2091;FUNDAÇÃO ESTADUAL DO MEIO AMBIENTE;FEAM;1.1.2.1.04.0.1.04.000;TX. CONTR. FISC. AMBIENT. - PRINC. - TAXA DE REGULARIZAÇÃO AMBIENTAL;1;1;2;1;4;0;1;4;0;91;5100000;5100000;Média aritimetica da receita arrecadada em 2024/2025 e previsto para 2026.
2027;2091;FUNDAÇÃO ESTADUAL DO MEIO AMBIENTE;FEAM;1.1.2.1.04.0.1.09.000;TX. CONTR. FISC. AMBIENT. - PRINC. - TAXA DE REPROGRAFIA, CERTIDÕES E JULGAMENTO DE CONTENCIOSO;1;1;2;1;4;0;1;9;0;91;1050000;1050000;Média aritimetica da receita arrecadada em 2024/2025 e previsto para 2026
2027;2091;FUNDAÇÃO ESTADUAL DO MEIO AMBIENTE;FEAM;1.1.2.1.04.0.2.03.000;TX. CONTR. FISC. AMBIENT. - MJM - TAXA DE CONTROLE E FISCALIZAÇÃO AMBIENTAL;1;1;2;1;4;0;2;3;0;52;2700000;2700000;Saldos de PTA no final de 2024 X media % de recebimento de dvida ativa. 
2027;2091;FUNDAÇÃO ESTADUAL DO MEIO AMBIENTE;FEAM;1.1.2.1.04.0.3.03.000;TX. CONTR. FISC. AMBIENT. - DA - TAXA DE CONTROLE E FISCALIZAÇÃO AMBIENTAL;1;1;2;1;4;0;3;3;0;52;900000;900000;Saldos de PTA no final de 2024 X media % de recebimento de dvida ativa. 
2027;2091;FUNDAÇÃO ESTADUAL DO MEIO AMBIENTE;FEAM;1.1.2.1.04.0.4.03.000;TX. CONTR. FISC. AMBIENT. - DA-MJM - TAXA DE CONTROLE E FISCALIZAÇÃO AMBIENTAL;1;1;2;1;4;0;4;3;0;52;1650000;1650000;Média aritimetica da receita arrecadada em 2024/2025 e previsto para 2026.
2027;2091;FUNDAÇÃO ESTADUAL DO MEIO AMBIENTE;FEAM;1.1.2.2.01.0.1.01.011;TX. PREST. SERV. G. - PRINC. - TX. EXP. - ATOS DE AUTORIDADE ADMINISTRATIVA DO SISTEMA ESTADUAL DE MEIO AMBIENTE E RECURSOS HÍDRICOS - SISEMA;1;1;2;2;1;0;1;1;11;91;18600000;18600000;Média aritimetica da receita arrecadada em 2024/2025 e previsto para 2026.
2027;2091;FUNDAÇÃO ESTADUAL DO MEIO AMBIENTE;FEAM;1.3.2.1.01.0.1.01.000;REMUNERAÇÃO DEPÓSITOS BANCÁRIOS - PRINC.;1;3;2;1;1;0;1;1;0;9;1000;1000;VALOR ESTIMADO COM BASE NOS INSTRUMENTOS JURÍDICOS VIGENTES, NAS RESPECTIVAS PREVISÕES DE INGRESSO DE RECURSOS E, QUANDO APLICÁVEL, EM PROPOSTAS DE NOVOS INSTRUMENTOS EM ANÁLISE OU EM FASE DE FORMALIZAÇÃO JUNTO AOS CONCEDENTES.
2027;2091;FUNDAÇÃO ESTADUAL DO MEIO AMBIENTE;FEAM;1.3.2.1.01.0.1.01.000;REMUNERAÇÃO DEPÓSITOS BANCÁRIOS - PRINC.;1;3;2;1;1;0;1;1;0;45;215000;215000;Média aritimetica da receita arrecadada em 2024/2025 e previsto para 2026.
2027;2091;FUNDAÇÃO ESTADUAL DO MEIO AMBIENTE;FEAM;1.6.1.1.01.0.1.99.001;SERVIÇOS ADM. COMERC. GER. - PRINC. - DEMAIS - SERVIÇOS ADMINISTRATIVOS;1;6;1;1;1;0;1;99;1;60;472000;472000;Média aritimetica da receita arrecadada em 2024/2025 e previsto para 2026
2027;2091;FUNDAÇÃO ESTADUAL DO MEIO AMBIENTE;FEAM;1.6.9.9.99.0.3.01.000;OUTROS SERVIÇOS - DA;1;6;9;9;99;0;3;1;0;60;8070000;8070000;Média aritimetica da receita arrecadada em 2024/2025 e previsto para 2026
2027;2091;FUNDAÇÃO ESTADUAL DO MEIO AMBIENTE;FEAM;1.7.4.1.99.0.1.46.999;MEIO AMBIENTE - OUTROS;1;7;4;1;99;0;1;46;999;9;6000000;1266785;VALOR ESTIMADO COM BASE NOS INSTRUMENTOS JURÍDICOS VIGENTES, NAS RESPECTIVAS PREVISÕES DE INGRESSO DE RECURSOS E, QUANDO APLICÁVEL, EM PROPOSTAS DE NOVOS INSTRUMENTOS EM ANÁLISE OU EM FASE DE FORMALIZAÇÃO JUNTO AOS CONCEDENTES.
2027;2091;FUNDAÇÃO ESTADUAL DO MEIO AMBIENTE;FEAM;1.9.1.1.06.1.1.01.000;MULTAS ADM. DANOS AMBIENTAIS - PRINC.;1;9;1;1;6;1;1;1;0;60;13619000;13619000;Média aritimetica da receita arrecadada em 2024/2025 e previsto para 2026
2027;2091;FUNDAÇÃO ESTADUAL DO MEIO AMBIENTE;FEAM;1.9.1.1.06.1.1.01.000;MULTAS ADM. DANOS AMBIENTAIS - PRINC.;1;9;1;1;6;1;1;1;0;79;100000;100000;Considerando o período do Pograma Estadual de Conversão de Multas Ambientais.
2027;2091;FUNDAÇÃO ESTADUAL DO MEIO AMBIENTE;FEAM;1.9.1.1.06.1.2.01.000;MULTAS ADM. DANOS AMBIENTAIS - MJM;1;9;1;1;6;1;2;1;0;60;631000;631000;Média aritimetica da receita arrecadada em 2024/2025 e previsto para 2026
2027;2091;FUNDAÇÃO ESTADUAL DO MEIO AMBIENTE;FEAM;1.9.2.1.99.0.1.01.000;OUTRAS INDENIZAÇÕES - PRINC. - IMPACTOS E DANOS AMBIENTAIS;1;9;2;1;99;0;1;1;0;59;17200000;17200000;Média aritimetica da receita arrecadada em 2024/2025 e previsto para 2026
2027;2091;FUNDAÇÃO ESTADUAL DO MEIO AMBIENTE;FEAM;1.9.2.2.52.0.1.01.000;RESTITUIÇÃO REMUNERAÇÃO FOLHA PAGAMENTO - PESSOAL ATIVO - PRINC.;1;9;2;2;52;0;1;1;0;52;;1000;Inclui as receitas de restituição que não possuem fontes já fechadas de pessoal
2027;2091;FUNDAÇÃO ESTADUAL DO MEIO AMBIENTE;FEAM;1.9.2.2.52.0.1.01.000;RESTITUIÇÃO REMUNERAÇÃO FOLHA PAGAMENTO - PESSOAL ATIVO - PRINC.;1;9;2;2;52;0;1;1;0;60;;1000;Inclui as receitas de restituição que já tinham fontes já fechadas de pessoal
2027;2091;FUNDAÇÃO ESTADUAL DO MEIO AMBIENTE;FEAM;1.9.2.2.99.0.1.99.000;OUTRAS RESTITUIÇÕES - PRINC. - DEMAIS;1;9;2;2;99;0;1;99;0;9;1000;1000;VALOR ESTIMADO COM BASE NOS INSTRUMENTOS JURÍDICOS VIGENTES, NAS RESPECTIVAS PREVISÕES DE INGRESSO DE RECURSOS E, QUANDO APLICÁVEL, EM PROPOSTAS DE NOVOS INSTRUMENTOS EM ANÁLISE OU EM FASE DE FORMALIZAÇÃO JUNTO AOS CONCEDENTES.
2027;2091;FUNDAÇÃO ESTADUAL DO MEIO AMBIENTE;FEAM;1.9.2.2.99.0.1.99.000;OUTRAS RESTITUIÇÕES - PRINC. - DEMAIS;1;9;2;2;99;0;1;99;0;52;;1000;Inclui as receitas de restituição que não possuem fontes já fechadas de pessoal
2027;2091;FUNDAÇÃO ESTADUAL DO MEIO AMBIENTE;FEAM;1.9.2.2.99.0.1.99.000;OUTRAS RESTITUIÇÕES - PRINC. - DEMAIS;1;9;2;2;99;0;1;99;0;60;;1000;Inclui as receitas de restituição que já tinham fontes já fechadas de pessoal
2027;2101;INSTITUTO ESTADUAL DE FLORESTAS;IEF;1.1.2.1.04.0.1.01.000;TX. CONTR. FISC. AMBIENT. - PRINC. - TAXA FLORESTAL;1;1;2;1;4;0;1;1;0;26;115000000;115000000;Metodologia de cálculo conforme série histórica de arrecadação entre os exercícios de 2021 e 2025
2027;2101;INSTITUTO ESTADUAL DE FLORESTAS;IEF;1.1.2.1.04.0.1.03.000;TX. CONTR. FISC. AMBIENT. - PRINC. - TAXA DE CONTROLE E FISCALIZAÇÃO AMBIENTAL;1;1;2;1;4;0;1;3;0;52;2300000;2300000;Metodologia de cálculo conforme série histórica de arrecadação entre os exercícios de 2021 a 2025
2027;2101;INSTITUTO ESTADUAL DE FLORESTAS;IEF;1.1.2.1.04.0.1.05.000;TX. CONTR. FISC. AMBIENT. - PRINC. - TAXA DA LEI DA PESCA;1;1;2;1;4;0;1;5;0;91;3000000;3000000;Metodologia de cálculo conforme série histórica de arrecadação entre os exercícios de 2021 a 2025
2027;2101;INSTITUTO ESTADUAL DE FLORESTAS;IEF;1.1.2.1.04.0.1.06.000;TX. CONTR. FISC. AMBIENT. - PRINC. - TAXA DE LIBERAÇÃO E MANEJO DA FAUNA E FLORA;1;1;2;1;4;0;1;6;0;91;450000;450000;Metodologia de cálculo conforme série histórica de arrecadação entre os exercícios de 2023 e 2025
2027;2101;INSTITUTO ESTADUAL DE FLORESTAS;IEF;1.1.2.1.04.0.1.07.000;TX. CONTR. FISC. AMBIENT. - PRINC. - TAXA DA LEI DE POLÍTICA FLORESTAL;1;1;2;1;4;0;1;7;0;91;20000000;20000000;Metodologia de cálculo conforme série histórica de arrecadação entre os exercícios de 2024 e 2025
2027;2101;INSTITUTO ESTADUAL DE FLORESTAS;IEF;1.1.2.1.04.0.1.09.000;TX. CONTR. FISC. AMBIENT. - PRINC. - TAXA DE REPROGRAFIA, CERTIDÕES E JULGAMENTO DE CONTENCIOSO;1;1;2;1;4;0;1;9;0;91;150000;150000;Metolologia de cálculo conforme série histórica de arrecadação entre os exercícios de 2019 a 2025
2027;2101;INSTITUTO ESTADUAL DE FLORESTAS;IEF;1.1.2.1.04.0.2.01.000;TX. CONTR. FISC. AMBIENT. - MJM - TAXA FLORESTAL;1;1;2;1;4;0;2;1;0;26;1000;1000;Metodologia de cálculo conforme série histórica de arrecadação entre os exercícios de 2020 a 2025
2027;2101;INSTITUTO ESTADUAL DE FLORESTAS;IEF;1.1.2.1.04.0.3.01.000;TX. CONTR. FISC. AMBIENT. - DA - TAXA FLORESTAL;1;1;2;1;4;0;3;1;0;26;1000;1000;Sem histórico de arrecadação nos exercícios anteriores. Abertura de classificação de receita para registro correto em 2027
2027;2101;INSTITUTO ESTADUAL DE FLORESTAS;IEF;1.1.2.1.04.0.3.03.000;TX. CONTR. FISC. AMBIENT. - DA - TAXA DE CONTROLE E FISCALIZAÇÃO AMBIENTAL;1;1;2;1;4;0;3;3;0;52;1000;1000;Sem histórico regular de arrecadação nos exercícios anteriores. Abertura de classificação de receita para registro correto em 2027
2027;2101;INSTITUTO ESTADUAL DE FLORESTAS;IEF;1.1.2.1.04.0.4.03.000;TX. CONTR. FISC. AMBIENT. - DA-MJM - TAXA DE CONTROLE E FISCALIZAÇÃO AMBIENTAL;1;1;2;1;4;0;4;3;0;52;2300000;2300000;Metodologia de cálculo conforme série histórica de arrecadação entre os exercícios de 2021 a 2025
2027;2101;INSTITUTO ESTADUAL DE FLORESTAS;IEF;1.3.2.1.01.0.1.01.000;REMUNERAÇÃO DEPÓSITOS BANCÁRIOS - PRINC.;1;3;2;1;1;0;1;1;0;9;101000;101000;VALOR ESTIMADO COM BASE NOS INSTRUMENTOS JURÍDICOS VIGENTES, NAS RESPECTIVAS PREVISÕES DE INGRESSO DE RECURSOS E, QUANDO APLICÁVEL, EM PROPOSTAS DE NOVOS INSTRUMENTOS EM ANÁLISE OU EM FASE DE FORMALIZAÇÃO JUNTO AOS CONCEDENTES.
2027;2101;INSTITUTO ESTADUAL DE FLORESTAS;IEF;1.3.2.1.01.0.1.01.000;REMUNERAÇÃO DEPÓSITOS BANCÁRIOS - PRINC.;1;3;2;1;1;0;1;1;0;68;2900;2900;VALOR ESTIMADO COM BASE NOS INSTRUMENTOS JURÍDICOS VIGENTES, NAS RESPECTIVAS PREVISÕES DE INGRESSO DE RECURSOS E, QUANDO APLICÁVEL, EM PROPOSTAS DE NOVOS INSTRUMENTOS EM ANÁLISE OU EM FASE DE FORMALIZAÇÃO JUNTO AOS CONCEDENTES.
2027;2101;INSTITUTO ESTADUAL DE FLORESTAS;IEF;1.3.2.1.01.0.1.01.000;REMUNERAÇÃO DEPÓSITOS BANCÁRIOS - PRINC.;1;3;2;1;1;0;1;1;0;69;60100;60100;VALOR ESTIMADO COM BASE NOS INSTRUMENTOS JURÍDICOS VIGENTES, NAS RESPECTIVAS PREVISÕES DE INGRESSO DE RECURSOS E, QUANDO APLICÁVEL, EM PROPOSTAS DE NOVOS INSTRUMENTOS EM ANÁLISE OU EM FASE DE FORMALIZAÇÃO JUNTO AOS CONCEDENTES.
2027;2101;INSTITUTO ESTADUAL DE FLORESTAS;IEF;1.3.2.1.01.0.1.01.000;REMUNERAÇÃO DEPÓSITOS BANCÁRIOS - PRINC.;1;3;2;1;1;0;1;1;0;74;6100;6100;VALOR ESTIMADO COM BASE NOS INSTRUMENTOS JURÍDICOS VIGENTES, NAS RESPECTIVAS PREVISÕES DE INGRESSO DE RECURSOS E, QUANDO APLICÁVEL, EM PROPOSTAS DE NOVOS INSTRUMENTOS EM ANÁLISE OU EM FASE DE FORMALIZAÇÃO JUNTO AOS CONCEDENTES.
2027;2101;INSTITUTO ESTADUAL DE FLORESTAS;IEF;1.3.4.9.01.0.1.01.000;COMPENSAÇÕES AMBIENTAIS - PRINC. - REPOSIÇÃO FLORESTAL;1;3;4;9;1;0;1;1;0;61;35000000;35000000;Metodologia de cálculo conforme série histórica de arrecadação entre os exercícios de 2021 a 2025
2027;2101;INSTITUTO ESTADUAL DE FLORESTAS;IEF;1.3.4.9.01.0.1.02.000;COMPENSAÇÕES AMBIENTAIS - PRINC. - REPOSIÇÃO DA PESCA;1;3;4;9;1;0;1;2;0;61;5000;5000;Metodologia de cálculo conforme série histórica de arrecadação entre os exercícios de 2020 a 2025
2027;2101;INSTITUTO ESTADUAL DE FLORESTAS;IEF;1.3.4.9.01.0.1.99.000;COMPENSAÇÕES AMBIENTAIS - PRINC. - DEMAIS;1;3;4;9;1;0;1;99;0;61;25000000;25000000;Metodologia de cálculo conforme série histórica de arrecadação entre os exercícios de 2023 a 2025
2027;2101;INSTITUTO ESTADUAL DE FLORESTAS;IEF;1.6.1.1.01.0.1.16.000;SERVIÇOS ADM. COMERC. GER. - PRINC. - MEIO AMBIENTE;1;6;1;1;1;0;1;16;0;60;1000;1000;Metodologia de cálculo conforme série histórica de arrecadação entre os exercícios de 2023 a 2025
2027;2101;INSTITUTO ESTADUAL DE FLORESTAS;IEF;1.6.1.1.01.0.1.18.000;SERVIÇOS ADM. COMERC. GER. - PRINC. - VISITAÇÃO DAS UNIDADES DE CONSERVAÇÃO DA NATUREZA;1;6;1;1;1;0;1;18;0;61;500000;500000;Metodologia de cálculo conforme arrecadação do exercício de 2025
2027;2101;INSTITUTO ESTADUAL DE FLORESTAS;IEF;1.6.1.1.01.0.1.21.000;SERVIÇOS ADM. COMERC. GER. - PRINC. - GESTÃO DE CRIADORES DE PASSEIFORMES SILVESTRES;1;6;1;1;1;0;1;21;0;60;5500000;5500000;Metodologia de cálculo conforme série histórica de arrecadação entre os exercícios de 2022 a 2025
2027;2101;INSTITUTO ESTADUAL DE FLORESTAS;IEF;1.6.9.9.99.0.3.01.000;OUTROS SERVIÇOS - DA;1;6;9;9;99;0;3;1;0;60;4600000;4600000;Metodologia de cálculo conforme série histórica de arrecadação entre os exercícios de 2022 a 2025
2027;2101;INSTITUTO ESTADUAL DE FLORESTAS;IEF;1.9.1.1.06.1.1.01.000;MULTAS ADM. DANOS AMBIENTAIS - PRINC.;1;9;1;1;6;1;1;1;0;60;7000000;7000000;Metodologia de cálculo conforme série histórica de arrecadação entre os exercícios de 2022 a 2025
2027;2101;INSTITUTO ESTADUAL DE FLORESTAS;IEF;1.9.1.1.06.1.1.01.000;MULTAS ADM. DANOS AMBIENTAIS - PRINC.;1;9;1;1;6;1;1;1;0;79;1300000;1300000;Metodologia de cálculo conforme arrecadação do exercício de 2025
2027;2101;INSTITUTO ESTADUAL DE FLORESTAS;IEF;1.9.2.2.52.0.1.01.000;RESTITUIÇÃO REMUNERAÇÃO FOLHA PAGAMENTO - PESSOAL ATIVO - PRINC.;1;9;2;2;52;0;1;1;0;26;100000;100000;Sem histórico de arrecadação nos exercícios anteriores. Abertura de classificação de receita para registro correto em 2027
2027;2101;INSTITUTO ESTADUAL DE FLORESTAS;IEF;1.9.2.2.99.0.1.99.000;OUTRAS RESTITUIÇÕES - PRINC. - DEMAIS;1;9;2;2;99;0;1;99;0;9;1000;1000;VALOR ESTIMADO COM BASE NOS INSTRUMENTOS JURÍDICOS VIGENTES, NAS RESPECTIVAS PREVISÕES DE INGRESSO DE RECURSOS E, QUANDO APLICÁVEL, EM PROPOSTAS DE NOVOS INSTRUMENTOS EM ANÁLISE OU EM FASE DE FORMALIZAÇÃO JUNTO AOS CONCEDENTES.
2027;2101;INSTITUTO ESTADUAL DE FLORESTAS;IEF;1.9.2.2.99.0.1.99.000;OUTRAS RESTITUIÇÕES - PRINC. - DEMAIS;1;9;2;2;99;0;1;99;0;26;100000;100000;Metodologia de cálculo conforme série histórica de arrecadação entre os exercícios de 2021 a 2025
2027;2101;INSTITUTO ESTADUAL DE FLORESTAS;IEF;1.9.2.2.99.0.1.99.000;OUTRAS RESTITUIÇÕES - PRINC. - DEMAIS;1;9;2;2;99;0;1;99;0;52;1000;1000;Sem histórico de arrecadação nos exercícios anteriores. Abertura de classificação de receita para registro correto em 2027
2027;2101;INSTITUTO ESTADUAL DE FLORESTAS;IEF;1.9.2.2.99.0.1.99.000;OUTRAS RESTITUIÇÕES - PRINC. - DEMAIS;1;9;2;2;99;0;1;99;0;60;50000;50000;Metodologia de cálculo conforme série histórica de arrecadação entre os exercícios de 2023 a 2025
2027;2101;INSTITUTO ESTADUAL DE FLORESTAS;IEF;1.9.2.2.99.0.1.99.000;OUTRAS RESTITUIÇÕES - PRINC. - DEMAIS;1;9;2;2;99;0;1;99;0;61;1000;1000;Sem histórico de arrecadação nos exercícios anteriores. Abertura de classificação de receita para registro correto em 2027
2027;2101;INSTITUTO ESTADUAL DE FLORESTAS;IEF;1.9.2.2.99.0.1.99.000;OUTRAS RESTITUIÇÕES - PRINC. - DEMAIS;1;9;2;2;99;0;1;99;0;91;1000;1000;Sem histórico de arrecadação nos exercícios anteriores. Abertura de classificação de receita para registro correto em 2027
2027;2101;INSTITUTO ESTADUAL DE FLORESTAS;IEF;1.9.9.9.99.2.1.99.000;OUTRAS REC. - PRIMÁRIAS - PRINC. - DEMAIS;1;9;9;9;99;2;1;99;0;60;3000000;3000000;Metodologia de cálculo conforme série histórica de arrecadação entre os exercícios de 2021 a 2024
2027;2101;INSTITUTO ESTADUAL DE FLORESTAS;IEF;2.2.1.3.01.0.1.01.000;ALIENAÇÃO BENS MÓVEIS SEMOVENTES - PRINC.;2;2;1;3;1;0;1;1;0;47;130000;130000;Metodologia de cálculo conforme série histórica de arrecadação entre os exercícios de 2024 e 2025
2027;2121;INSTITUTO DE PREVIDÊNCIA DOS SERVIDORES MILITARES DO ESTADO DE MINAS GERAIS;IPSM;1.2.1.9.99.1.1.03.001;DEMAIS CONTRIB. SOC. - PRINC. - IPSM - CONTRIB. DO SERVIDOR CIVIL - ATIVO;1;2;1;9;99;1;1;3;1;50;19538;19538;Arrecadacao estimada com base no valor consignado dos contribuinttes do IPSM em marco de 2026
2027;2121;INSTITUTO DE PREVIDÊNCIA DOS SERVIDORES MILITARES DO ESTADO DE MINAS GERAIS;IPSM;1.2.1.9.99.1.1.03.002;DEMAIS CONTRIB. SOC. - PRINC. - IPSM - CONTRIB. DO SERVIDOR CIVIL - INATIVO;1;2;1;9;99;1;1;3;2;50;3383636;3383636;Arrecadacao estimada com base no valor consignado dos contribuinttes do IPSM em marco de 2026
2027;2121;INSTITUTO DE PREVIDÊNCIA DOS SERVIDORES MILITARES DO ESTADO DE MINAS GERAIS;IPSM;1.2.1.9.99.1.1.03.003;DEMAIS CONTRIB. SOC. - PRINC. - IPSM - CONTRIB. MILITAR PARA A SAÚDE - ATIVO;1;2;1;9;99;1;1;3;3;50;136984940;136984940;Arrecadacao estimada com base no valor consignado dos contribuinttes do IPSM em marco de 2026
2027;2121;INSTITUTO DE PREVIDÊNCIA DOS SERVIDORES MILITARES DO ESTADO DE MINAS GERAIS;IPSM;1.2.1.9.99.1.1.03.004;DEMAIS CONTRIB. SOC. - PRINC. - IPSM - CONTRIB. MILITAR PARA A SAÚDE - INATIVO;1;2;1;9;99;1;1;3;4;50;210621931;210621931;Arrecadacao estimada com base no valor consignado dos contribuinttes do IPSM em marco de 2026
2027;2121;INSTITUTO DE PREVIDÊNCIA DOS SERVIDORES MILITARES DO ESTADO DE MINAS GERAIS;IPSM;1.2.1.9.99.1.1.03.005;DEMAIS CONTRIB. SOC. - PRINC. - IPSM - CONTRIB. MILITAR PARA A PREVIDÊNCIA  - ATIVO;1;2;1;9;99;1;1;3;5;50;304901962;304901962;Arrecadacao estimada com base no valor consignado dos contribuinttes do IPSM em marco de 2026
2027;2121;INSTITUTO DE PREVIDÊNCIA DOS SERVIDORES MILITARES DO ESTADO DE MINAS GERAIS;IPSM;1.2.1.9.99.1.1.03.006;DEMAIS CONTRIB. SOC. - PRINC. - IPSM - CONTRIB. MILITAR PARA A PREVIDÊNCIA  - INATIVO;1;2;1;9;99;1;1;3;6;50;468803654;468803654;Arrecadacao estimada com base no valor consignado dos contribuinttes do IPSM em marco de 2026
2027;2121;INSTITUTO DE PREVIDÊNCIA DOS SERVIDORES MILITARES DO ESTADO DE MINAS GERAIS;IPSM;1.2.1.9.99.1.1.03.007;DEMAIS CONTRIB. SOC. - PRINC. - IPSM - CONTRIB. MILITAR PARA A PREVIDÊNCIA  - PENSIONISTA;1;2;1;9;99;1;1;3;7;50;9500000;9500000;Arrecadacao estimada com base em contribuicoes de pensionistas durante o ano de 2025 e ate marco de 2026 ja considerando o reajuste salarial de 54 anunciado pelo Governo Estadual
2027;2121;INSTITUTO DE PREVIDÊNCIA DOS SERVIDORES MILITARES DO ESTADO DE MINAS GERAIS;IPSM;1.2.1.9.99.1.1.03.052;DEMAIS CONTRIB. SOC. - PRINC. - IPSM - CONTRIB. PATRONAL - INATIVO CIVIL;1;2;1;9;99;1;1;3;52;49;6938668;6936668;Arrecadacao estimada com base no valor consignado dos contribuinttes do IPSM em marco de 2026
2027;2121;INSTITUTO DE PREVIDÊNCIA DOS SERVIDORES MILITARES DO ESTADO DE MINAS GERAIS;IPSM;1.3.1.1.01.1.1.01.000;ALUGUÉIS ARRENDAMENTOS - PRINC. - ALUGUÉIS;1;3;1;1;1;1;1;1;0;60;3127618;3127618;Previsao de arrecadacao conforme media aritmetica dos anos anteriores 2023 2024 e 2025
2027;2121;INSTITUTO DE PREVIDÊNCIA DOS SERVIDORES MILITARES DO ESTADO DE MINAS GERAIS;IPSM;1.3.1.1.01.1.2.01.000;ALUGUÉIS ARRENDAMENTOS - MJM - ALUGUÉIS;1;3;1;1;1;1;2;1;0;60;62017;62017;Previsao de arrecadacao conforme media aritmetica dos anos anteriores 2023 2024 e 2025
2027;2121;INSTITUTO DE PREVIDÊNCIA DOS SERVIDORES MILITARES DO ESTADO DE MINAS GERAIS;IPSM;1.3.2.2.01.0.1.02.000;DIVIDENDOS - PRINC. - EMPRESAS NÃO ESTATAIS;1;3;2;2;1;0;1;2;0;60;16000;16000;TRATASE DE RECEBIMENTO DE PARTICIPACOES NA GERDAU SA SENDO QUE A METODOLOGIA DE CALCULO FOI A MEDIA DA ARRECADACAO DOS EXERCICIOS ANTERIORES QUE SERVIU COMO ESTIMATIVA PARA  A EXPECTATIVA DE ARRECADACAO PREVISTA PARA 2027
2027;2121;INSTITUTO DE PREVIDÊNCIA DOS SERVIDORES MILITARES DO ESTADO DE MINAS GERAIS;IPSM;1.3.2.9.99.0.1.02.000;OUTROS VALORES MOBILIÁRIOS - PRINC. - FUNDOS DE INVESTIMENTO;1;3;2;9;99;0;1;2;0;60;35000000;35000000;VALOR ESTIMADO TENDO COMO BASE A EXPECTATIVA DE ARRECADACAO PREVISTA PARA 2027 BASEADA NO VALOR ESTIMADO NOS ANOS ANTERIORES COM RENDIMENTOS DE APLICACOES FINANCEIRAS
2027;2121;INSTITUTO DE PREVIDÊNCIA DOS SERVIDORES MILITARES DO ESTADO DE MINAS GERAIS;IPSM;1.6.1.1.01.0.1.99.001;SERVIÇOS ADM. COMERC. GER. - PRINC. - DEMAIS - SERVIÇOS ADMINISTRATIVOS;1;6;1;1;1;0;1;99;1;60;1378000;1378000;O VALOR DA PROJECAO DE ARRECADACAO EM 2027 E DECORRENTE DOS VALORES ARRECADADOS EM ANOS ANTERIORES
2027;2121;INSTITUTO DE PREVIDÊNCIA DOS SERVIDORES MILITARES DO ESTADO DE MINAS GERAIS;IPSM;1.6.1.1.04.0.1.05.000;SERVIÇOS INFORMAÇÃO TECNOLOGIA - PRINC. - PROCESSAMENTO DAS CONSIGNAÇÕES DA FOLHA DE PESSOAL;1;6;1;1;4;0;1;5;0;60;100;100;VALOR DE RECEITA ESTIMADO COM BASE NOS ANOS ANTERIORES CONSIDERANDO EXPECTATIVA PARA 2027
2027;2121;INSTITUTO DE PREVIDÊNCIA DOS SERVIDORES MILITARES DO ESTADO DE MINAS GERAIS;IPSM;1.6.3.1.99.0.1.05.001;OUTROS SERV. ATEND. SAÚDE - PRINC. - COPARTICIP. SEGURADOS - SERVIÇOS HOSPITALARES;1;6;3;1;99;0;1;5;1;60;111160000;111160000;VALOR DE RECEITA ESTIMADO COM BASE NOS ANOS ANTERIORES CONSIDERANDO EXPECTATIVA PARA 2027
2027;2121;INSTITUTO DE PREVIDÊNCIA DOS SERVIDORES MILITARES DO ESTADO DE MINAS GERAIS;IPSM;1.6.3.1.99.0.1.05.002;OUTROS SERV. ATEND. SAÚDE - PRINC. - COPARTICIP. SEGURADOS - SERVIÇOS ODONTOLÓGICOS;1;6;3;1;99;0;1;5;2;60;16810000;16810000;VALOR DE RECEITA ESTIMADO COM BASE NOS ANOS ANTERIORES CONSIDERANDO EXPECTATIVA PARA 2027
2027;2121;INSTITUTO DE PREVIDÊNCIA DOS SERVIDORES MILITARES DO ESTADO DE MINAS GERAIS;IPSM;1.6.9.9.99.0.1.01.000;OUTROS SERVIÇOS - PRINC.;1;6;9;9;99;0;1;1;0;60;6820;6820;O VALOR DA PROJECAO DE ARRECADACAO EM 2027 E DECORRENTE DOS VALORES ARRECADADOS EM 2025
2027;2121;INSTITUTO DE PREVIDÊNCIA DOS SERVIDORES MILITARES DO ESTADO DE MINAS GERAIS;IPSM;1.9.2.2.03.0.1.01.000;RESTITUIÇÃO BENEFÍCIOS PREVIDENCIÁRIOS - PRINC. - FOLHA PAGAMENTO - INATIVOS E PENSIONISTAS;1;9;2;2;3;0;1;1;0;49;;1000;Inclui as receitas de restituição que não possuem fontes já fechadas de pessoal
2027;2121;INSTITUTO DE PREVIDÊNCIA DOS SERVIDORES MILITARES DO ESTADO DE MINAS GERAIS;IPSM;1.9.2.2.03.0.1.01.000;RESTITUIÇÃO BENEFÍCIOS PREVIDENCIÁRIOS - PRINC. - FOLHA PAGAMENTO - INATIVOS E PENSIONISTAS;1;9;2;2;3;0;1;1;0;50;;1000;Inclui as receitas de restituição que não possuem fontes já fechadas de pessoal
2027;2121;INSTITUTO DE PREVIDÊNCIA DOS SERVIDORES MILITARES DO ESTADO DE MINAS GERAIS;IPSM;1.9.2.2.52.0.1.01.000;RESTITUIÇÃO REMUNERAÇÃO FOLHA PAGAMENTO - PESSOAL ATIVO - PRINC.;1;9;2;2;52;0;1;1;0;49;;1000;Inclui as receitas de restituição que não possuem fontes já fechadas de pessoal
2027;2121;INSTITUTO DE PREVIDÊNCIA DOS SERVIDORES MILITARES DO ESTADO DE MINAS GERAIS;IPSM;1.9.2.2.52.0.1.01.000;RESTITUIÇÃO REMUNERAÇÃO FOLHA PAGAMENTO - PESSOAL ATIVO - PRINC.;1;9;2;2;52;0;1;1;0;50;;1000;Inclui as receitas de restituição que não possuem fontes já fechadas de pessoal
2027;2121;INSTITUTO DE PREVIDÊNCIA DOS SERVIDORES MILITARES DO ESTADO DE MINAS GERAIS;IPSM;1.9.2.2.99.0.1.99.000;OUTRAS RESTITUIÇÕES - PRINC. - DEMAIS;1;9;2;2;99;0;1;99;0;49;;1000;Inclui as receitas de restituição que não possuem fontes já fechadas de pessoal
2027;2121;INSTITUTO DE PREVIDÊNCIA DOS SERVIDORES MILITARES DO ESTADO DE MINAS GERAIS;IPSM;1.9.2.2.99.0.1.99.000;OUTRAS RESTITUIÇÕES - PRINC. - DEMAIS;1;9;2;2;99;0;1;99;0;50;;1000;Inclui as receitas de restituição que não possuem fontes já fechadas de pessoal
2027;2121;INSTITUTO DE PREVIDÊNCIA DOS SERVIDORES MILITARES DO ESTADO DE MINAS GERAIS;IPSM;1.9.2.2.99.0.1.99.000;OUTRAS RESTITUIÇÕES - PRINC. - DEMAIS;1;9;2;2;99;0;1;99;0;60;600000;600000;O VALOR DA PROJECAO DE ARRECADACAO EM 2027 E DECORRENTE DOS VALORES ARRECADADOS EM 2025
2027;2121;INSTITUTO DE PREVIDÊNCIA DOS SERVIDORES MILITARES DO ESTADO DE MINAS GERAIS;IPSM;1.9.9.9.99.2.1.99.000;OUTRAS REC. - PRIMÁRIAS - PRINC. - DEMAIS;1;9;9;9;99;2;1;99;0;60;10125000;10125000;VALOR DE RECEITA ESTIMADO COM BASE NA ARRECADACAO DE RECEITAS DOS ANOS ANTERIORES CONSIDERANDO EXPECTATIVA DE ARRECADACAO PARA 2027
2027;2121;INSTITUTO DE PREVIDÊNCIA DOS SERVIDORES MILITARES DO ESTADO DE MINAS GERAIS;IPSM;2.2.1.3.01.0.1.01.000;ALIENAÇÃO BENS MÓVEIS SEMOVENTES - PRINC.;2;2;1;3;1;0;1;1;0;47;30000;30000;A estimativa dessa receita e baseada nos valores obtidos em leiloes de anos anteriores de materiais permanentes e de consumo A previsao e de realizacao da alienacao de materiais do tipo sucata tanto permanente como consumo que se tornaram inserviveis durante o ano 
2027;2121;INSTITUTO DE PREVIDÊNCIA DOS SERVIDORES MILITARES DO ESTADO DE MINAS GERAIS;IPSM;2.2.2.1.01.0.1.01.000;ALIENAÇÃO BENS IMÓVEIS - PRINC.;2;2;2;1;1;0;1;1;0;47;29720066;29720066;A estimativa dessa receita e baseada nos valores obtidos nas avaliacoes dos imoveis do IPSM que foram autorizados para alienacao pelo Conselho de Administracao e lei autorizativa estadual Ha previsao que ocorram leiloes ao longo de 2027
2027;2121;INSTITUTO DE PREVIDÊNCIA DOS SERVIDORES MILITARES DO ESTADO DE MINAS GERAIS;IPSM;7.2.1.9.99.1.1.03.051;REC. INTRA. - DEMAIS CONTRIB. SOC. - PRINC. - IPSM - CONTRIB. PATRONAL - ATIVO CIVIL;7;2;1;9;99;1;1;3;51;49;;1000;Ajusta receitas obrigatórias no GRP relacionadas à despesa de pessoal
2027;2121;INSTITUTO DE PREVIDÊNCIA DOS SERVIDORES MILITARES DO ESTADO DE MINAS GERAIS;IPSM;7.2.1.9.99.1.1.03.052;REC. INTRA. - DEMAIS CONTRIB. SOC. - PRINC. - IPSM - CONTRIB. PATRONAL - INATIVO CIVIL;7;2;1;9;99;1;1;3;52;49;;1000;Ajusta receitas obrigatórias no GRP relacionadas à despesa de pessoal
2027;2121;INSTITUTO DE PREVIDÊNCIA DOS SERVIDORES MILITARES DO ESTADO DE MINAS GERAIS;IPSM;7.2.1.9.99.1.1.03.053;REC. INTRA. - DEMAIS CONTRIB. SOC. - PRINC. - IPSM - CONTRIB. PATRONAL MILITAR PARA A SAÚDE - ATIVO;7;2;1;9;99;1;1;3;53;49;302907245;302907245;Arrecadacao estimada com base no valor consignado dos contribuinttes do IPSM em marco de 2026
2027;2121;INSTITUTO DE PREVIDÊNCIA DOS SERVIDORES MILITARES DO ESTADO DE MINAS GERAIS;IPSM;7.2.1.9.99.1.1.03.054;REC. INTRA. - DEMAIS CONTRIB. SOC. - PRINC. - IPSM - CONTRIB. PATRONAL MILITAR PARA A SAÚDE - INATIVO;7;2;1;9;99;1;1;3;54;49;428116013;428116013;Arrecadacao estimada com base no valor consignado dos contribuinttes do IPSM em marco de 2026
2027;2121;INSTITUTO DE PREVIDÊNCIA DOS SERVIDORES MILITARES DO ESTADO DE MINAS GERAIS;IPSM;7.2.1.9.99.1.1.03.055;REC. INTRA. - DEMAIS CONTRIB. SOC. - PRINC. - IPSM - CONTRIB. PATRONAL MILITAR PARA A PREVIDÊNCIA - ATIVO;7;2;1;9;99;1;1;3;55;49;674212900;674212900;Arrecadacao estimada com base no valor consignado dos contribuinttes do IPSM em marco de 2026
2027;2121;INSTITUTO DE PREVIDÊNCIA DOS SERVIDORES MILITARES DO ESTADO DE MINAS GERAIS;IPSM;7.2.1.9.99.1.1.03.056;REC. INTRA. - DEMAIS CONTRIB. SOC. - PRINC. - IPSM - CONTRIB. PATRONAL MILITAR PARA A PREVIDÊNCIA - INATIVO;7;2;1;9;99;1;1;3;56;49;952903383;952903383;Arrecadacao estimada com base no valor consignado dos contribuinttes do IPSM em marco de 2026
2027;2121;INSTITUTO DE PREVIDÊNCIA DOS SERVIDORES MILITARES DO ESTADO DE MINAS GERAIS;IPSM;7.2.1.9.99.1.2.05.000;REC. INTRA. - DEMAIS CONTRIB. SOC. - MJM - RENEGOCIAÇÃO DE OBRIGAÇÕES PREVIDENCIÁRIAS;7;2;1;9;99;1;2;5;0;60;81872423;81872435;Receita calculada pela SEPLAG conforme despesas projetadas para o órgão
2027;2151;FUNDAÇÃO HELENA ANTIPOFF;FHA;1.4.1.1.01.0.1.01.000;REC. AGROPECUÁRIA - PRINC. - PRODUÇÃO VEGETAL;1;4;1;1;1;0;1;1;0;60;3000;3000;A receita é proveniente de mudas do horto FHA onde ocorre venda de mudas de plantas diversas: quaresmeiras, aroeira salsa, ipê, flamboyant mirim, etc. O valor arrecadado é simbólico, pois a arrecadação depende da demanda. 
2027;2151;FUNDAÇÃO HELENA ANTIPOFF;FHA;1.6.1.1.01.0.1.99.001;SERVIÇOS ADM. COMERC. GER. - PRINC. - DEMAIS - SERVIÇOS ADMINISTRATIVOS;1;6;1;1;1;0;1;99;1;60;250000;250000;A receita de serviços é proveniente de vendas diversas das cantinas e refeitórios da FHA, ESSA - Escola Sandoval Soares de Azevedo. O valor é baseado na média mensal que ocorre nos 10 meses letivos, excluindo-se os meses de janeiro e julho que representa o período de férias escolares e universitária. O critério adotado foi a média de arrecadação dos exercícios de 2024 e 2025.
2027;2151;FUNDAÇÃO HELENA ANTIPOFF;FHA;2.2.1.3.01.0.1.01.000;ALIENAÇÃO BENS MÓVEIS SEMOVENTES - PRINC.;2;2;1;3;1;0;1;1;0;47;5000;5000;A receita é proveniente de leilões diversos de bens patrimoniáveis e materiais inservíveis diversos. 
2027;2171;FUNDAÇÃO DE ARTE DE OURO PRETO;FAOP;1.6.9.9.99.0.1.01.000;OUTROS SERVIÇOS - PRINC.;1;6;9;9;99;0;1;1;0;60;100000;100000;a arrecadacao do valor e referente a contratos a serem firmados com prefeituras
2027;2181;FUNDAÇÃO CLÓVIS SALGADO;FCS;1.3.1.1.01.1.1.01.000;ALUGUÉIS ARRENDAMENTOS - PRINC. - ALUGUÉIS;1;3;1;1;1;1;1;1;0;60;2782503;2782503;A estimativa foi definida com base na média aritmética dos valores arrecadados nos exercícios de 2024 e 2025, considerando o desempenho dos espaços ao longo desses períodos.
2027;2181;FUNDAÇÃO CLÓVIS SALGADO;FCS;1.6.1.1.01.0.1.27.000;SERVIÇOS ADM. COMERC. GER. - PRINC. - RECREATIVOS E CULTURAIS;1;6;1;1;1;0;1;27;0;60;778583;778583;A estimativa foi definida com base na média aritmética dos valores arrecadados nos exercícios de 2024 e 2025, considerando o desempenho dessas atividades ao longo desses períodos.
2027;2181;FUNDAÇÃO CLÓVIS SALGADO;FCS;1.6.1.1.02.0.1.01.000;INSCRIÇÃO CONCURSOS PROCESSOS SELETIVOS - PRINC.;1;6;1;1;2;0;1;1;0;60;22000;22000;A estimativa foi definida de forma prudencial, considerando a arrecadação pontual verificada em 2024 (R$ 22.300,00) e a ausência de previsão formal de novos certames. Assim, projetou-se valor reduzido, com o objetivo de evitar superestimação e manter a rubrica ativa para eventual arrecadação.
2027;2181;FUNDAÇÃO CLÓVIS SALGADO;FCS;1.9.2.1.99.0.1.99.000;OUTRAS INDENIZAÇÕES - PRINC. - DEMAIS;1;9;2;1;99;0;1;99;0;60;126889;126889;A estimativa foi definida com base na média aritmética dos valores arrecadados nos exercícios de 2024 e 2025, considerando o desempenho dessas indenizações ao longo desses períodos.
2027;2181;FUNDAÇÃO CLÓVIS SALGADO;FCS;2.2.1.3.01.0.1.01.000;ALIENAÇÃO BENS MÓVEIS SEMOVENTES - PRINC.;2;2;1;3;1;0;1;1;0;47;5000;5000;A estimativa foi definida de forma prudencial, considerando a possibilidade de realização de leilão de bens inservíveis ao longo do exercício. Diante da ausência de previsão concreta quanto ao volume e à oportunidade dessas alienações, projetou-se valor reduzido, com o objetivo de evitar superestimação da receita e manter a rubrica ativa.
2027;2201;INSTITUTO ESTADUAL DO PATRIMÔNIO HISTÓRICO E ARTÍSTICO DE MINAS GERAIS;IEPHA;1.3.2.1.01.0.1.01.000;REMUNERAÇÃO DEPÓSITOS BANCÁRIOS - PRINC.;1;3;2;1;1;0;1;1;0;9;684417;684417;VALOR ESTIMADO COM BASE NOS INSTRUMENTOS JURÍDICOS VIGENTES, NAS RESPECTIVAS PREVISÕES DE INGRESSO DE RECURSOS E, QUANDO APLICÁVEL, EM PROPOSTAS DE NOVOS INSTRUMENTOS EM ANÁLISE OU EM FASE DE FORMALIZAÇÃO JUNTO AOS CONCEDENTES.
2027;2201;INSTITUTO ESTADUAL DO PATRIMÔNIO HISTÓRICO E ARTÍSTICO DE MINAS GERAIS;IEPHA;1.3.2.1.01.0.1.01.000;REMUNERAÇÃO DEPÓSITOS BANCÁRIOS - PRINC.;1;3;2;1;1;0;1;1;0;24;156161;156161;VALOR ESTIMADO COM BASE NOS INSTRUMENTOS JURÍDICOS VIGENTES, NAS RESPECTIVAS PREVISÕES DE INGRESSO DE RECURSOS E, QUANDO APLICÁVEL, EM PROPOSTAS DE NOVOS INSTRUMENTOS EM ANÁLISE OU EM FASE DE FORMALIZAÇÃO JUNTO AOS CONCEDENTES.
2027;2201;INSTITUTO ESTADUAL DO PATRIMÔNIO HISTÓRICO E ARTÍSTICO DE MINAS GERAIS;IEPHA;1.3.2.1.01.0.1.01.000;REMUNERAÇÃO DEPÓSITOS BANCÁRIOS - PRINC.;1;3;2;1;1;0;1;1;0;45;891654;891654;Receita de remuneracao de depositos bancarios Foi utilizada a metodologia de media simples dos 3 tres primeiros meses de 2026 multiplicada por 12 doze meses Media 3 meses fonte 45  R 7430447 X 12 meses  R 89165394 Saldos remanescentes dos recursos recebidos em Exercicios anteriores sao suplementados para serem executados dentro do Exercicio corrente  recurso recebido atraves de TAC Leis de Incentivo o que podera diminuir cessar os rendimentos dessas contas caso haja execucao dos projetos ou devolucao dos valores ao concedente 
2027;2201;INSTITUTO ESTADUAL DO PATRIMÔNIO HISTÓRICO E ARTÍSTICO DE MINAS GERAIS;IEPHA;1.6.9.9.99.0.1.01.000;OUTROS SERVIÇOS - PRINC.;1;6;9;9;99;0;1;1;0;60;17072;17072;Valor arrecadado no Exercicio 2025 valor base de arrecadacao  R 1237022 Aumento da arrecadacao do Exercicio 2024 para o Exercicio 2025  3801  Formula de calculo R 1237022  3801 R 470187  R 1707209Recurso com estimativa baseada na receita efetivada em 2025
2027;2201;INSTITUTO ESTADUAL DO PATRIMÔNIO HISTÓRICO E ARTÍSTICO DE MINAS GERAIS;IEPHA;1.7.1.7.99.0.1.09.002;CULTURA - INSTITUTO DO PATRIMÔNIO HISTÓRICO E ARTÍSTICO NACIONAL - IPHAN;1;7;1;7;99;0;1;9;2;24;343000;343000;VALOR ESTIMADO COM BASE NOS INSTRUMENTOS JURÍDICOS VIGENTES, NAS RESPECTIVAS PREVISÕES DE INGRESSO DE RECURSOS E, QUANDO APLICÁVEL, EM PROPOSTAS DE NOVOS INSTRUMENTOS EM ANÁLISE OU EM FASE DE FORMALIZAÇÃO JUNTO AOS CONCEDENTES.
2027;2201;INSTITUTO ESTADUAL DO PATRIMÔNIO HISTÓRICO E ARTÍSTICO DE MINAS GERAIS;IEPHA;1.7.4.1.99.0.1.39.999;CULTURA - OUTROS;1;7;4;1;99;0;1;39;999;9;11406950;11406950;VALOR ESTIMADO COM BASE NOS INSTRUMENTOS JURÍDICOS VIGENTES, NAS RESPECTIVAS PREVISÕES DE INGRESSO DE RECURSOS E, QUANDO APLICÁVEL, EM PROPOSTAS DE NOVOS INSTRUMENTOS EM ANÁLISE OU EM FASE DE FORMALIZAÇÃO JUNTO AOS CONCEDENTES.
2027;2201;INSTITUTO ESTADUAL DO PATRIMÔNIO HISTÓRICO E ARTÍSTICO DE MINAS GERAIS;IEPHA;1.9.2.2.99.0.1.99.000;OUTRAS RESTITUIÇÕES - PRINC. - DEMAIS;1;9;2;2;99;0;1;99;0;9;1000;1000;VALOR ESTIMADO COM BASE NOS INSTRUMENTOS JURÍDICOS VIGENTES, NAS RESPECTIVAS PREVISÕES DE INGRESSO DE RECURSOS E, QUANDO APLICÁVEL, EM PROPOSTAS DE NOVOS INSTRUMENTOS EM ANÁLISE OU EM FASE DE FORMALIZAÇÃO JUNTO AOS CONCEDENTES.
2027;2201;INSTITUTO ESTADUAL DO PATRIMÔNIO HISTÓRICO E ARTÍSTICO DE MINAS GERAIS;IEPHA;1.9.2.2.99.0.1.99.000;OUTRAS RESTITUIÇÕES - PRINC. - DEMAIS;1;9;2;2;99;0;1;99;0;24;1000;1000;VALOR ESTIMADO COM BASE NOS INSTRUMENTOS JURÍDICOS VIGENTES, NAS RESPECTIVAS PREVISÕES DE INGRESSO DE RECURSOS E, QUANDO APLICÁVEL, EM PROPOSTAS DE NOVOS INSTRUMENTOS EM ANÁLISE OU EM FASE DE FORMALIZAÇÃO JUNTO AOS CONCEDENTES.
2027;2201;INSTITUTO ESTADUAL DO PATRIMÔNIO HISTÓRICO E ARTÍSTICO DE MINAS GERAIS;IEPHA;2.4.1.4.99.0.1.11.004;CULTURA - INSTITUTO DO PATRIMÔNIO HISTÓRICO E ARTÍSTICO NACIONAL - IPHAN;2;4;1;4;99;0;1;11;4;24;2259677;2712789;VALOR ESTIMADO COM BASE NOS INSTRUMENTOS JURÍDICOS VIGENTES, NAS RESPECTIVAS PREVISÕES DE INGRESSO DE RECURSOS E, QUANDO APLICÁVEL, EM PROPOSTAS DE NOVOS INSTRUMENTOS EM ANÁLISE OU EM FASE DE FORMALIZAÇÃO JUNTO AOS CONCEDENTES.
2027;2211;FUNDAÇÃO TV MINAS CULTURAL E EDUCATIVA;TV MINAS;1.3.1.1.01.1.1.01.000;ALUGUÉIS ARRENDAMENTOS - PRINC. - ALUGUÉIS;1;3;1;1;1;1;1;1;0;60;1300000;1300000;Estimativa baseada no histórico de execução financeira, adotando o critério da prudência. A projeção prioriza a estabilidade da arrecadação e a segurança orçamentária, visando evitar a frustração de receita e garantir o equilíbrio entre a previsão e a efetiva entrada de recursos para 2027.
2027;2211;FUNDAÇÃO TV MINAS CULTURAL E EDUCATIVA;TV MINAS;2.2.1.3.01.0.1.01.000;ALIENAÇÃO BENS MÓVEIS SEMOVENTES - PRINC.;2;2;1;3;1;0;1;1;0;47;3800000;3800000;Estimativa baseada no histórico de execução financeira, adotando o critério da prudência. A projeção prioriza a estabilidade da arrecadação e a segurança orçamentária, visando evitar a frustração de receita e garantir o equilíbrio entre a previsão e a efetiva entrada de recursos para 2027.
2027;2241;INSTITUTO MINEIRO DE GESTÃO DAS ÁGUAS;IGAM;1.1.2.1.04.0.1.04.000;TX. CONTR. FISC. AMBIENT. - PRINC. - TAXA DE REGULARIZAÇÃO AMBIENTAL;1;1;2;1;4;0;1;4;0;91;13000000;13000000;Média de arrecadação da receita dos 3 (três) anos anteriores.
2027;2241;INSTITUTO MINEIRO DE GESTÃO DAS ÁGUAS;IGAM;1.1.2.1.04.0.1.08.000;TX. CONTR. FISC. AMBIENT. - PRINC. - TAXA DE CADASTRO PERFURAÇÃO DE POÇOS TUBULARES;1;1;2;1;4;0;1;8;0;91;1000;1000;Média de arrecadação da receita dos 3 (três) anos anteriores.
2027;2241;INSTITUTO MINEIRO DE GESTÃO DAS ÁGUAS;IGAM;1.1.2.1.04.0.1.09.000;TX. CONTR. FISC. AMBIENT. - PRINC. - TAXA DE REPROGRAFIA, CERTIDÕES E JULGAMENTO DE CONTENCIOSO;1;1;2;1;4;0;1;9;0;91;18000;18000;Média de arrecadação da receita dos 3 (três) anos anteriores.
2027;2241;INSTITUTO MINEIRO DE GESTÃO DAS ÁGUAS;IGAM;1.3.2.1.01.0.1.01.000;REMUNERAÇÃO DEPÓSITOS BANCÁRIOS - PRINC.;1;3;2;1;1;0;1;1;0;24;50000;50000;VALOR ESTIMADO COM BASE NOS INSTRUMENTOS JURÍDICOS VIGENTES, NAS RESPECTIVAS PREVISÕES DE INGRESSO DE RECURSOS E, QUANDO APLICÁVEL, EM PROPOSTAS DE NOVOS INSTRUMENTOS EM ANÁLISE OU EM FASE DE FORMALIZAÇÃO JUNTO AOS CONCEDENTES.
2027;2241;INSTITUTO MINEIRO DE GESTÃO DAS ÁGUAS;IGAM;1.3.2.1.01.0.1.01.000;REMUNERAÇÃO DEPÓSITOS BANCÁRIOS - PRINC.;1;3;2;1;1;0;1;1;0;60;35000;35000;"Média de arrecadação da receita dos 3 (três) anos anteriores.
"
2027;2241;INSTITUTO MINEIRO DE GESTÃO DAS ÁGUAS;IGAM;1.3.2.1.01.0.1.01.000;REMUNERAÇÃO DEPÓSITOS BANCÁRIOS - PRINC.;1;3;2;1;1;0;1;1;0;73;1105600;1105600;VALOR ESTIMADO COM BASE NOS INSTRUMENTOS JURÍDICOS VIGENTES, NAS RESPECTIVAS PREVISÕES DE INGRESSO DE RECURSOS E, QUANDO APLICÁVEL, EM PROPOSTAS DE NOVOS INSTRUMENTOS EM ANÁLISE OU EM FASE DE FORMALIZAÇÃO JUNTO AOS CONCEDENTES.
2027;2241;INSTITUTO MINEIRO DE GESTÃO DAS ÁGUAS;IGAM;1.3.4.5.01.0.1.01.000;OUTORGA DIR. USO RECURSOS HÍDRICOS - PRINC.;1;3;4;5;1;0;1;1;0;61;202114436;202114436;Estimativa dos valores a receber pela cobrança pelo uso de recursos hídricos.
2027;2241;INSTITUTO MINEIRO DE GESTÃO DAS ÁGUAS;IGAM;1.3.4.5.01.0.3.01.000;OUTORGA DIR. USO RECURSOS HÍDRICOS - DA;1;3;4;5;1;0;3;1;0;61;600000;600000;Média de arrecadação da receita dos 3 (três) anos anteriores.
2027;2241;INSTITUTO MINEIRO DE GESTÃO DAS ÁGUAS;IGAM;1.6.9.9.99.0.3.01.000;OUTROS SERVIÇOS - DA;1;6;9;9;99;0;3;1;0;60;800000;800000;Média de arrecadação da receita dos 3 (três) anos anteriores.
2027;2241;INSTITUTO MINEIRO DE GESTÃO DAS ÁGUAS;IGAM;1.7.1.7.99.0.1.16.003;MEIO AMBIENTE - MINISTÉRIO DO DESENVOLVIMENTO REGIONAL;1;7;1;7;99;0;1;16;3;24;1231000;1231000;VALOR ESTIMADO COM BASE NOS INSTRUMENTOS JURÍDICOS VIGENTES, NAS RESPECTIVAS PREVISÕES DE INGRESSO DE RECURSOS E, QUANDO APLICÁVEL, EM PROPOSTAS DE NOVOS INSTRUMENTOS EM ANÁLISE OU EM FASE DE FORMALIZAÇÃO JUNTO AOS CONCEDENTES.
2027;2241;INSTITUTO MINEIRO DE GESTÃO DAS ÁGUAS;IGAM;1.9.1.1.06.1.1.01.000;MULTAS ADM. DANOS AMBIENTAIS - PRINC.;1;9;1;1;6;1;1;1;0;60;500000;500000;Média de arrecadação da receita dos 3 (três) anos anteriores.
2027;2241;INSTITUTO MINEIRO DE GESTÃO DAS ÁGUAS;IGAM;1.9.1.1.06.1.1.01.000;MULTAS ADM. DANOS AMBIENTAIS - PRINC.;1;9;1;1;6;1;1;1;0;79;75000;75000;Processos de adesão ao Programa Estadual de Conversão de Multas Ambientais efetivados.
2027;2241;INSTITUTO MINEIRO DE GESTÃO DAS ÁGUAS;IGAM;1.9.2.2.99.0.1.99.000;OUTRAS RESTITUIÇÕES - PRINC. - DEMAIS;1;9;2;2;99;0;1;99;0;24;1000;1000;VALOR ESTIMADO COM BASE NOS INSTRUMENTOS JURÍDICOS VIGENTES, NAS RESPECTIVAS PREVISÕES DE INGRESSO DE RECURSOS E, QUANDO APLICÁVEL, EM PROPOSTAS DE NOVOS INSTRUMENTOS EM ANÁLISE OU EM FASE DE FORMALIZAÇÃO JUNTO AOS CONCEDENTES.
2027;2241;INSTITUTO MINEIRO DE GESTÃO DAS ÁGUAS;IGAM;1.9.2.2.99.0.1.99.000;OUTRAS RESTITUIÇÕES - PRINC. - DEMAIS;1;9;2;2;99;0;1;99;0;60;10000;10000;Média de arrecadação da receita dos 3 (três) anos anteriores.
2027;2241;INSTITUTO MINEIRO DE GESTÃO DAS ÁGUAS;IGAM;1.9.2.2.99.0.1.99.000;OUTRAS RESTITUIÇÕES - PRINC. - DEMAIS;1;9;2;2;99;0;1;99;0;61;100000;100000;Média de arrecadação da receita dos 3 (três) anos anteriores.
2027;2241;INSTITUTO MINEIRO DE GESTÃO DAS ÁGUAS;IGAM;1.9.2.2.99.0.1.99.000;OUTRAS RESTITUIÇÕES - PRINC. - DEMAIS;1;9;2;2;99;0;1;99;0;73;3000;3000;VALOR ESTIMADO COM BASE NOS INSTRUMENTOS JURÍDICOS VIGENTES, NAS RESPECTIVAS PREVISÕES DE INGRESSO DE RECURSOS E, QUANDO APLICÁVEL, EM PROPOSTAS DE NOVOS INSTRUMENTOS EM ANÁLISE OU EM FASE DE FORMALIZAÇÃO JUNTO AOS CONCEDENTES.
2027;2241;INSTITUTO MINEIRO DE GESTÃO DAS ÁGUAS;IGAM;1.9.2.2.99.0.1.99.000;OUTRAS RESTITUIÇÕES - PRINC. - DEMAIS;1;9;2;2;99;0;1;99;0;91;2000;2000;Média de arrecadação da receita dos 3 (três) anos anteriores.
2027;2241;INSTITUTO MINEIRO DE GESTÃO DAS ÁGUAS;IGAM;2.2.1.3.01.0.1.01.000;ALIENAÇÃO BENS MÓVEIS SEMOVENTES - PRINC.;2;2;1;3;1;0;1;1;0;47;2000;2000;Previsão de arrecadação com leilões de bens do Instituto em 2027.
2027;2251;JUNTA COMERCIAL DO ESTADO DE MINAS GERAIS;JUCEMG;1.3.2.2.01.0.1.01.000;DIVIDENDOS - PRINC. - EMPRESAS ESTATAIS;1;3;2;2;1;0;1;1;0;60;3000;3000;Trata-se de receita de caráter eventual, cuja previsão foi realizada apenas para possibilitar sua execução orçamentária, caso venha a ocorrer no exercício.
2027;2251;JUNTA COMERCIAL DO ESTADO DE MINAS GERAIS;JUCEMG;1.6.1.1.03.0.1.06.000;SERVIÇOS REG. CERTIF. FISCALIZ. - PRINC. - REGISTRO DO COMÉRCIO;1;6;1;1;3;0;1;6;0;60;109165314;109165314;A metodologia de cálculo adotada baseou-se na aplicação do índice do IPCA acumulado nos últimos 12 meses, correspondente ao período de abril de 2025 a março de 2026, apurado em 4,14%, sobre a receita arrecadada no exercício de 2025.
2027;2251;JUNTA COMERCIAL DO ESTADO DE MINAS GERAIS;JUCEMG;1.6.1.1.04.0.1.01.000;SERVIÇOS INFORMAÇÃO TECNOLOGIA - PRINC. - PROCESSAMENTO DE DADOS;1;6;1;1;4;0;1;1;0;60;3882531;3882531;A metodologia de cálculo adotada baseou-se na aplicação do índice do IPCA acumulado nos últimos 12 meses, correspondente ao período de abril de 2025 a março de 2026, apurado em 4,14%, sobre a receita arrecadada no exercício de 2025.
2027;2251;JUNTA COMERCIAL DO ESTADO DE MINAS GERAIS;JUCEMG;1.9.2.2.52.0.1.01.000;RESTITUIÇÃO REMUNERAÇÃO FOLHA PAGAMENTO - PESSOAL ATIVO - PRINC.;1;9;2;2;52;0;1;1;0;60;;1000;Inclui as receitas de restituição que não possuem fontes já fechadas de pessoal
2027;2251;JUNTA COMERCIAL DO ESTADO DE MINAS GERAIS;JUCEMG;1.9.2.2.99.0.1.99.000;OUTRAS RESTITUIÇÕES - PRINC. - DEMAIS;1;9;2;2;99;0;1;99;0;60;5000;5000;Trata-se de receita de caráter eventual, cuja previsão foi realizada apenas para possibilitar sua execução orçamentária, caso venha a ocorrer no exercício.
2027;2251;JUNTA COMERCIAL DO ESTADO DE MINAS GERAIS;JUCEMG;2.2.1.3.01.0.1.01.000;ALIENAÇÃO BENS MÓVEIS SEMOVENTES - PRINC.;2;2;1;3;1;0;1;1;0;47;2000;2000;Trata-se de receita de caráter eventual, cuja previsão foi realizada apenas para possibilitar sua execução orçamentária, caso venha a ocorrer no exercício.
2027;2251;JUNTA COMERCIAL DO ESTADO DE MINAS GERAIS;JUCEMG;7.6.1.1.03.0.1.06.000;REC. INTRA. - SERVIÇOS REG. CERTIF. FISCALIZ. - PRINC. - REGISTRO DO COMÉRCIO;7;6;1;1;3;0;1;6;0;60;10645;10645;A metodologia de cálculo adotada baseou-se na aplicação do índice do IPCA acumulado nos últimos 12 meses, correspondente ao período de abril de 2025 a março de 2026, apurado em 4,14%, sobre a receita arrecadada no exercício de 2025.
2027;2261;FUNDAÇÃO EZEQUIEL DIAS;FUNED;1.3.1.1.01.1.1.01.000;ALUGUÉIS ARRENDAMENTOS - PRINC. - ALUGUÉIS;1;3;1;1;1;1;1;1;0;60;21000;21000;Aluguel lanchonete conforme Contrato 80000522023- Parcela atual: R$1.663,12/mês,com previsão de correção pelo IPCA de aproximadamente 5% - Valor médio de R$1.750,00/ mês x 12 meses
2027;2261;FUNDAÇÃO EZEQUIEL DIAS;FUNED;1.3.2.1.01.0.1.01.000;REMUNERAÇÃO DEPÓSITOS BANCÁRIOS - PRINC.;1;3;2;1;1;0;1;1;0;24;1000;1000;VALOR ESTIMADO COM BASE NOS INSTRUMENTOS JURÍDICOS VIGENTES, NAS RESPECTIVAS PREVISÕES DE INGRESSO DE RECURSOS E, QUANDO APLICÁVEL, EM PROPOSTAS DE NOVOS INSTRUMENTOS EM ANÁLISE OU EM FASE DE FORMALIZAÇÃO JUNTO AOS CONCEDENTES.
2027;2261;FUNDAÇÃO EZEQUIEL DIAS;FUNED;1.3.5.1.01.0.1.01.000;OUTORGA DIR. USO EXPLORAÇÃO CRIAÇÃO PROTEGIDA - INSTITUIÇÃO CIENTÍFICA TECNOLÓGICA - PRINC.;1;3;5;1;1;0;1;1;0;60;84911;84911;Referente a dois contratos sendo: 1) Contrato de licenciamento de Tecnologia 042016 FUNED UFMG FAPEMIG, referente ao direito de recebimento do percentual de 10% sobre R$20.000,00, após a comprovação da finalização da Fase III do projeto, através da apresentação dos resultados obtidos, conforme Cláusula 5ª, inciso 2º do contrato, totalizando R$2.000,00 - 2) Contrato de Cessão de Direitos Sobre Percentual de Tecnologia Co/Desenvolvida Não Patenteada Nº 001/2024 FUNED/ALEGRON BIOTECNOLOGIA LTDA, representando direito de recebimento do percentual de 30% do valor da taxa original de R$276.366,97 - Valor total R$82.910,09. 
2027;2261;FUNDAÇÃO EZEQUIEL DIAS;FUNED;1.5.1.1.01.0.1.01.003;REC. INDUSTRIAL - PRINC. - INDÚSTRIA TRANSFORMAÇÃO - INDÚSTRIA DE PRODUTOS FARMACÊUTICOS E VETERINÁRIOS;1;5;1;1;1;0;1;1;3;60;614844938;614844938;Receita relativa a cinco contratos a serem celebrados com o Ministério da Saúde, sendo: 1) Fornecimento de 7.000.000 de unidades/ ano de Entecavir 05mg x R$ 13,67/unid.= R$95.690.683,00 - 2) Fornecimento de 4.709.040 unidades/ano de Talidomida 100 mg x R$2,25/unid.= R$10.595.340,00 - 3) Fornecimento de 4.103.000 de frascos/ano  de insulinas Humanas R e NPH x R$19,50 = R$80.008.500,00 - 4) Fornecimento de 25.150.000 de Insulinas Humanas R e NPH em Tubetes/ano x R$16,31 = R$410.196.500,00 - 5)Fornecimento de 47.000 ampolas/ano de Soros Heterologos Hiperimunes x R$ 390,51(valor médio)= R$18.353.915,00
2027;2261;FUNDAÇÃO EZEQUIEL DIAS;FUNED;1.6.3.1.52.0.1.01.000;SERVIÇOS RADIOLÓGICOS LABORATORIAIS - PRINC.;1;6;3;1;52;0;1;1;0;60;186218;186218;Recursos relativos aos seguintes Contratos: 1) Contrato 9452471/2025 celebrado com Centro de Tecidos Biologicos de Minas Gerais HEMOMINAS para prestação de servicos laboratoriais de analises microbiologicas dos tecidos coletados de doadores de tecidos dos Bancos de Pele e Membrana Amniotica do CETEBIO de natureza continua essencial e habitual, Contrato contínuo com previsão de renovação por 12 meses a partir de março/26 Total anual: R$182.732,82. 2) Contrato celebrado com o Instituto Rene Rachou para prestação de servicos de análise de endotoxina bacteriana em água produzida por equipamento de purificação do IRR - Valor unitário mensal R$290,43 - Valor anual R$3.485,16
2027;2261;FUNDAÇÃO EZEQUIEL DIAS;FUNED;1.9.2.2.52.0.1.01.000;RESTITUIÇÃO REMUNERAÇÃO FOLHA PAGAMENTO - PESSOAL ATIVO - PRINC.;1;9;2;2;52;0;1;1;0;57;;1000;Inclui as receitas de restituição que não possuem fontes já fechadas de pessoal
2027;2261;FUNDAÇÃO EZEQUIEL DIAS;FUNED;1.9.2.2.99.0.1.01.000;OUTRAS RESTITUIÇÕES - PRINC. - RECURSOS ORIGINÁRIOS DO FUNDO ESTADUAL DE SAÚDE - FES;1;9;2;2;99;0;1;1;0;10;;1000;Inclui as receitas de restituição que não possuem fontes já fechadas de pessoal
2027;2261;FUNDAÇÃO EZEQUIEL DIAS;FUNED;1.9.2.2.99.0.1.99.000;OUTRAS RESTITUIÇÕES - PRINC. - DEMAIS;1;9;2;2;99;0;1;99;0;24;1000;1000;VALOR ESTIMADO COM BASE NOS INSTRUMENTOS JURÍDICOS VIGENTES, NAS RESPECTIVAS PREVISÕES DE INGRESSO DE RECURSOS E, QUANDO APLICÁVEL, EM PROPOSTAS DE NOVOS INSTRUMENTOS EM ANÁLISE OU EM FASE DE FORMALIZAÇÃO JUNTO AOS CONCEDENTES.
2027;2261;FUNDAÇÃO EZEQUIEL DIAS;FUNED;1.9.2.2.99.0.1.99.000;OUTRAS RESTITUIÇÕES - PRINC. - DEMAIS;1;9;2;2;99;0;1;99;0;57;;1000;Inclui as receitas de restituição que não possuem fontes já fechadas de pessoal
2027;2261;FUNDAÇÃO EZEQUIEL DIAS;FUNED;1.9.2.2.99.0.1.99.000;OUTRAS RESTITUIÇÕES - PRINC. - DEMAIS;1;9;2;2;99;0;1;99;0;60;2200;2200;Média das arrecadações realizadas em 2025 com impressão de 2ª via de crachá funcional e com restituições recebidas em processos administrativos punitivos.
2027;2261;FUNDAÇÃO EZEQUIEL DIAS;FUNED;2.4.1.4.50.0.1.01.000;SUS-SAÚDE - MINISTÉRIO DA SAÚDE;2;4;1;4;50;0;1;1;0;24;2918183;2918183;VALOR ESTIMADO COM BASE NOS INSTRUMENTOS JURÍDICOS VIGENTES, NAS RESPECTIVAS PREVISÕES DE INGRESSO DE RECURSOS E, QUANDO APLICÁVEL, EM PROPOSTAS DE NOVOS INSTRUMENTOS EM ANÁLISE OU EM FASE DE FORMALIZAÇÃO JUNTO AOS CONCEDENTES.
2027;2261;FUNDAÇÃO EZEQUIEL DIAS;FUNED;2.4.1.4.50.0.1.03.000;SUS-SAÚDE - FINANCIADORA DE ESTUDOS E PROJETOS - FINEP;2;4;1;4;50;0;1;3;0;24;5191707;5191707;VALOR ESTIMADO COM BASE NOS INSTRUMENTOS JURÍDICOS VIGENTES, NAS RESPECTIVAS PREVISÕES DE INGRESSO DE RECURSOS E, QUANDO APLICÁVEL, EM PROPOSTAS DE NOVOS INSTRUMENTOS EM ANÁLISE OU EM FASE DE FORMALIZAÇÃO JUNTO AOS CONCEDENTES.
2027;2261;FUNDAÇÃO EZEQUIEL DIAS;FUNED;7.6.3.1.52.0.1.01.000;REC. INTRA. - SERVIÇOS RADIOLÓGICOS LABORATORIAIS - PRINC.;7;6;3;1;52;0;1;1;0;60;2157572;2157572;Recursos relativos ao Contrato de Gestão 02/2025 celebrado com a SES, cujo objeto é a execução dos exames necessários para o diagnóstico do HIV e monitoramento da infecção pelo HIV -AIDS e hepatites virais B e C sendo: R$131.427,83 referentes ao recurso de média complexidade ambulatorial e R$48.369,82 referentes ao de alta complexidade ambulatorial - Total Mensal R$179.797,65 - Total Anual R$ 2.157.571,80.
2027;2261;FUNDAÇÃO EZEQUIEL DIAS;FUNED;7.7.2.9.99.0.1.25.000;REC. INTRA. - OUTRAS TRANSF. ESTADOS DF - PRINC. - REPASSE DO FUNDO ESTADUAL DE SAÚDE - FES - LC FEDERAL Nº 141/12;7;7;2;9;99;0;1;25;0;10;673587524;673587524;Receita calculada pela SEPLAG conforme despesas projetadas para o órgão
2027;2271;FUNDAÇÃO HOSPITALAR DO ESTADO DE MINAS GERAIS;FHEMIG;1.3.1.1.01.1.1.01.000;ALUGUÉIS ARRENDAMENTOS - PRINC. - ALUGUÉIS;1;3;1;1;1;1;1;1;0;60;42954;42954;"A estimativa da receita fundamenta-se na média da arrecadação realizada nos últimos três exercícios financeiros.
O critério assegura maior previsibilidade ao planejamento orçamentário, alinhando a projeção à tendência histórica de desempenho da receita"
2027;2271;FUNDAÇÃO HOSPITALAR DO ESTADO DE MINAS GERAIS;FHEMIG;1.3.2.1.01.0.1.01.000;REMUNERAÇÃO DEPÓSITOS BANCÁRIOS - PRINC.;1;3;2;1;1;0;1;1;0;45;7653;7653;"A estimativa da receita fundamenta-se na média da arrecadação realizada nos últimos três exercícios financeiros.
O critério assegura maior previsibilidade ao planejamento orçamentário, alinhando a projeção à tendência histórica de desempenho da receita"
2027;2271;FUNDAÇÃO HOSPITALAR DO ESTADO DE MINAS GERAIS;FHEMIG;1.3.2.1.01.0.1.01.000;REMUNERAÇÃO DEPÓSITOS BANCÁRIOS - PRINC.;1;3;2;1;1;0;1;1;0;60;51;51;"A estimativa da receita fundamenta-se na média da arrecadação realizada nos últimos três exercícios financeiros.
O critério assegura maior previsibilidade ao planejamento orçamentário, alinhando a projeção à tendência histórica de desempenho da receita."
2027;2271;FUNDAÇÃO HOSPITALAR DO ESTADO DE MINAS GERAIS;FHEMIG;1.3.2.1.01.0.1.01.000;REMUNERAÇÃO DEPÓSITOS BANCÁRIOS - PRINC.;1;3;2;1;1;0;1;1;0;68;1000;1000;VALOR ESTIMADO COM BASE NOS INSTRUMENTOS JURÍDICOS VIGENTES, NAS RESPECTIVAS PREVISÕES DE INGRESSO DE RECURSOS E, QUANDO APLICÁVEL, EM PROPOSTAS DE NOVOS INSTRUMENTOS EM ANÁLISE OU EM FASE DE FORMALIZAÇÃO JUNTO AOS CONCEDENTES.
2027;2271;FUNDAÇÃO HOSPITALAR DO ESTADO DE MINAS GERAIS;FHEMIG;1.3.2.1.01.0.1.01.000;REMUNERAÇÃO DEPÓSITOS BANCÁRIOS - PRINC.;1;3;2;1;1;0;1;1;0;70;1000;1000;VALOR ESTIMADO COM BASE NOS INSTRUMENTOS JURÍDICOS VIGENTES, NAS RESPECTIVAS PREVISÕES DE INGRESSO DE RECURSOS E, QUANDO APLICÁVEL, EM PROPOSTAS DE NOVOS INSTRUMENTOS EM ANÁLISE OU EM FASE DE FORMALIZAÇÃO JUNTO AOS CONCEDENTES.
2027;2271;FUNDAÇÃO HOSPITALAR DO ESTADO DE MINAS GERAIS;FHEMIG;1.5.1.1.01.0.1.01.002;REC. INDUSTRIAL - PRINC. - INDÚSTRIA TRANSFORMAÇÃO - INDÚSTRIA QUÍMICA;1;5;1;1;1;0;1;1;2;60;374;374;"A estimativa da receita fundamenta-se na média da arrecadação realizada nos últimos três exercícios financeiros.
O critério assegura maior previsibilidade ao planejamento orçamentário, alinhando a projeção à tendência histórica de desempenho da receita
Receita proveniente da venda de material radioativo, como chapa de RX e outos."
2027;2271;FUNDAÇÃO HOSPITALAR DO ESTADO DE MINAS GERAIS;FHEMIG;1.6.1.1.01.0.1.24.000;SERVIÇOS ADM. COMERC. GER. - PRINC. - EDUCACIONAIS E CAPACITAÇÃO;1;6;1;1;1;0;1;24;0;60;132087;132087;"Receitas provenientes do repasses de faculdades que colocam seus alunos em unidades de FHEMIG para cumprir estágio curricular obrigatório do curso pleiteado. 
A estimativa da receita fundamenta-se na média da arrecadação realizada nos últimos três exercícios financeiros.
O critério assegura maior previsibilidade ao planejamento orçamentário, alinhando a projeção à tendência histórica de desempenho da receita"
2027;2271;FUNDAÇÃO HOSPITALAR DO ESTADO DE MINAS GERAIS;FHEMIG;1.6.3.1.50.0.1.01.000;SERVIÇOS HOSPITALARES - PRINC.;1;6;3;1;50;0;1;1;0;60;0;0;A partir do próximo ano, a execução desses recursos será realizada mediante recebimento direto do Governo Federal via SES, com a devida formalização por meio de TDCO (Termo de Descentralização de Crédito Orçamentário). As tratativas para essa transição já se encontram em andamento.
2027;2271;FUNDAÇÃO HOSPITALAR DO ESTADO DE MINAS GERAIS;FHEMIG;1.7.3.2.50.0.1.01.000;SUS-SAÚDE - DIVERSOS MUNICÍPIOS;1;7;3;2;50;0;1;1;0;70;5000000;5000000;VALOR ESTIMADO COM BASE NOS INSTRUMENTOS JURÍDICOS VIGENTES, NAS RESPECTIVAS PREVISÕES DE INGRESSO DE RECURSOS E, QUANDO APLICÁVEL, EM PROPOSTAS DE NOVOS INSTRUMENTOS EM ANÁLISE OU EM FASE DE FORMALIZAÇÃO JUNTO AOS CONCEDENTES.
2027;2271;FUNDAÇÃO HOSPITALAR DO ESTADO DE MINAS GERAIS;FHEMIG;1.7.4.1.50.0.1.99.000;SUS-SAÚDE - OUTROS;1;7;4;1;50;0;1;99;0;68;8460881;8460881;VALOR ESTIMADO COM BASE NOS INSTRUMENTOS JURÍDICOS VIGENTES, NAS RESPECTIVAS PREVISÕES DE INGRESSO DE RECURSOS E, QUANDO APLICÁVEL, EM PROPOSTAS DE NOVOS INSTRUMENTOS EM ANÁLISE OU EM FASE DE FORMALIZAÇÃO JUNTO AOS CONCEDENTES.
2027;2271;FUNDAÇÃO HOSPITALAR DO ESTADO DE MINAS GERAIS;FHEMIG;1.9.1.1.09.0.1.99.000;MULTAS JUROS PREVISTOS CONTRATOS - PRINC. - DEMAIS;1;9;1;1;9;0;1;99;0;60;45883;45883;"Receita proveniente da aplicação de penalidade administrativa aplicadas pela FHEMIG aos seus fornecedores.
A estimativa da receita fundamenta-se na média da arrecadação realizada nos últimos três exercícios financeiros.
O critério assegura maior previsibilidade ao planejamento orçamentário, alinhando a projeção à tendência histórica de desempenho da receita."
2027;2271;FUNDAÇÃO HOSPITALAR DO ESTADO DE MINAS GERAIS;FHEMIG;1.9.2.2.52.0.1.01.000;RESTITUIÇÃO REMUNERAÇÃO FOLHA PAGAMENTO - PESSOAL ATIVO - PRINC.;1;9;2;2;52;0;1;1;0;57;;1000;Inclui as receitas de restituição que não possuem fontes já fechadas de pessoal
2027;2271;FUNDAÇÃO HOSPITALAR DO ESTADO DE MINAS GERAIS;FHEMIG;1.9.2.2.99.0.1.01.000;OUTRAS RESTITUIÇÕES - PRINC. - RECURSOS ORIGINÁRIOS DO FUNDO ESTADUAL DE SAÚDE - FES;1;9;2;2;99;0;1;1;0;10;10391515;10391515;"A estimativa da receita fundamenta-se na média da arrecadação realizada nos últimos três exercícios financeiros.
O critério assegura maior previsibilidade ao planejamento orçamentário, alinhando a projeção à tendência histórica de desempenho da receita."
2027;2271;FUNDAÇÃO HOSPITALAR DO ESTADO DE MINAS GERAIS;FHEMIG;1.9.2.2.99.0.1.99.000;OUTRAS RESTITUIÇÕES - PRINC. - DEMAIS;1;9;2;2;99;0;1;99;0;57;;1000;Inclui as receitas de restituição que não possuem fontes já fechadas de pessoal
2027;2271;FUNDAÇÃO HOSPITALAR DO ESTADO DE MINAS GERAIS;FHEMIG;1.9.2.2.99.0.1.99.000;OUTRAS RESTITUIÇÕES - PRINC. - DEMAIS;1;9;2;2;99;0;1;99;0;60;587638;587638;"A estimativa da receita fundamenta-se na média da arrecadação realizada nos últimos três exercícios financeiros.
O critério assegura maior previsibilidade ao planejamento orçamentário, alinhando a projeção à tendência histórica de desempenho da receita.
Receita proveniente da 2º via de cartão de vale transporte, crachá funcicional ou veicular."
2027;2271;FUNDAÇÃO HOSPITALAR DO ESTADO DE MINAS GERAIS;FHEMIG;1.9.2.2.99.0.1.99.000;OUTRAS RESTITUIÇÕES - PRINC. - DEMAIS;1;9;2;2;99;0;1;99;0;68;1000;1000;VALOR ESTIMADO COM BASE NOS INSTRUMENTOS JURÍDICOS VIGENTES, NAS RESPECTIVAS PREVISÕES DE INGRESSO DE RECURSOS E, QUANDO APLICÁVEL, EM PROPOSTAS DE NOVOS INSTRUMENTOS EM ANÁLISE OU EM FASE DE FORMALIZAÇÃO JUNTO AOS CONCEDENTES.
2027;2271;FUNDAÇÃO HOSPITALAR DO ESTADO DE MINAS GERAIS;FHEMIG;1.9.2.2.99.0.1.99.000;OUTRAS RESTITUIÇÕES - PRINC. - DEMAIS;1;9;2;2;99;0;1;99;0;70;1000;1000;VALOR ESTIMADO COM BASE NOS INSTRUMENTOS JURÍDICOS VIGENTES, NAS RESPECTIVAS PREVISÕES DE INGRESSO DE RECURSOS E, QUANDO APLICÁVEL, EM PROPOSTAS DE NOVOS INSTRUMENTOS EM ANÁLISE OU EM FASE DE FORMALIZAÇÃO JUNTO AOS CONCEDENTES.
2027;2271;FUNDAÇÃO HOSPITALAR DO ESTADO DE MINAS GERAIS;FHEMIG;1.9.9.9.99.2.1.99.000;OUTRAS REC. - PRIMÁRIAS - PRINC. - DEMAIS;1;9;9;9;99;2;1;99;0;60;339894;339894;"A estimativa da receita fundamenta-se na média da arrecadação realizada nos últimos três exercícios financeiros.
O critério assegura maior previsibilidade ao planejamento orçamentário, alinhando a projeção à tendência histórica de desempenho da receita.
Receitas provenientes da venda de aparas de papel, venda de vasilhames bombas, latas vazias, sacos, sucatas, xerox, Repasses da Santa Casa, etc."
2027;2271;FUNDAÇÃO HOSPITALAR DO ESTADO DE MINAS GERAIS;FHEMIG;2.2.1.3.01.0.1.01.000;ALIENAÇÃO BENS MÓVEIS SEMOVENTES - PRINC.;2;2;1;3;1;0;1;1;0;47;164358;164358;"A estimativa da receita fundamenta-se na média da arrecadação realizada nos últimos três exercícios financeiros.
O critério assegura maior previsibilidade ao planejamento orçamentário, alinhando a projeção à tendência histórica de desempenho da receita"
2027;2271;FUNDAÇÃO HOSPITALAR DO ESTADO DE MINAS GERAIS;FHEMIG;2.4.4.1.99.0.1.26.001;SUS-SAÚDE - INSTITUIÇÕES DE ENSINO;2;4;4;1;99;0;1;26;1;68;100000;100000;VALOR ESTIMADO COM BASE NOS INSTRUMENTOS JURÍDICOS VIGENTES, NAS RESPECTIVAS PREVISÕES DE INGRESSO DE RECURSOS E, QUANDO APLICÁVEL, EM PROPOSTAS DE NOVOS INSTRUMENTOS EM ANÁLISE OU EM FASE DE FORMALIZAÇÃO JUNTO AOS CONCEDENTES.
2027;2271;FUNDAÇÃO HOSPITALAR DO ESTADO DE MINAS GERAIS;FHEMIG;7.7.2.9.99.0.1.25.000;REC. INTRA. - OUTRAS TRANSF. ESTADOS DF - PRINC. - REPASSE DO FUNDO ESTADUAL DE SAÚDE - FES - LC FEDERAL Nº 141/12;7;7;2;9;99;0;1;25;0;10;2567858752;2567858752;Receita calculada pela SEPLAG conforme despesas projetadas para o órgão
2027;2281;FUNDAÇÃO DE EDUCAÇÃO PARA O TRABALHO DE MINAS GERAIS;UTRAMIG;1.3.2.1.01.0.1.01.000;REMUNERAÇÃO DEPÓSITOS BANCÁRIOS - PRINC.;1;3;2;1;1;0;1;1;0;36;417443;417443;VALOR ESTIMADO COM BASE NOS INSTRUMENTOS JURÍDICOS VIGENTES, NAS RESPECTIVAS PREVISÕES DE INGRESSO DE RECURSOS E, QUANDO APLICÁVEL, EM PROPOSTAS DE NOVOS INSTRUMENTOS EM ANÁLISE OU EM FASE DE FORMALIZAÇÃO JUNTO AOS CONCEDENTES.
2027;2301;DEPARTAMENTO DE ESTRADAS DE RODAGEM DO ESTADO DE MINAS GERAIS;DER-MG;1.1.2.2.01.0.1.01.001;TX. PREST. SERV. G. - PRINC. - TX. EXP. - DEPARTAMENTO DE EDIFICAÇÕES E ESTRADAS DE RODAGEM DO ESTADO DE MINAS GERAIS - DERMG;1;1;2;2;1;0;1;1;1;91;5371236;5371236;"Valor atualizado pela UFEMG.
Valor contabilizado 2025 multiplicado pela medida UFEMG 2025 dividida pela UFEMG 2026.
Fórmula:
contabilizado 2025 * (5,7899/5,531)"
2027;2301;DEPARTAMENTO DE ESTRADAS DE RODAGEM DO ESTADO DE MINAS GERAIS;DER-MG;1.1.2.2.01.0.1.04.000;TX. PREST. SERV. G. - PRINC. - TAXA DE GERENCIAMENTO DO SISTEMA TRANSPORTE RODOVIÁRIO INTERMUNICIPAL - DEPARTAMENTO DE EDIFICAÇÕES E ESTRADAS DE RODAGEM DO ESTADO DE MINAS GERAIS - DERMG;1;1;2;2;1;0;1;4;0;91;66196;66196;"Valor atualizado pela UFEMG.
Valor contabilizado 2025 multiplicado pela medida UFEMG 2025 dividida pela UFEMG 2026.
Fórmula:
contabilizado 2025 * (5,7899/5,531)
"
2027;2301;DEPARTAMENTO DE ESTRADAS DE RODAGEM DO ESTADO DE MINAS GERAIS;DER-MG;1.1.2.2.01.0.3.01.006;TX. PREST. SERV. G. - DA - TX. EXP. - TRANSPORTE COLETIVO INTERMUNICIPAL - NOTIFICAÇÃO;1;1;2;2;1;0;3;1;6;91;12539;12539;"Valor atualizado pela UFEMG.
Valor contabilizado 2025 multiplicado pela medida UFEMG 2025 dividida pela UFEMG 2026.
Fórmula:
contabilizado 2025 * (5,7899/5,531)
"
2027;2301;DEPARTAMENTO DE ESTRADAS DE RODAGEM DO ESTADO DE MINAS GERAIS;DER-MG;1.1.2.2.01.0.4.01.006;TX. PREST. SERV. G. - DA-MJM - TX. EXP. - TRANSPORTE COLETIVO INTERMUNICIPAL - NOTIFICAÇÃO;1;1;2;2;1;0;4;1;6;91;37521;37521;"Valor atualizado pela UFEMG.
Valor contabilizado 2025 multiplicado pela medida UFEMG 2025 dividida pela UFEMG 2026.
Fórmula:
contabilizado 2025 * (5,7899/5,531)
"
2027;2301;DEPARTAMENTO DE ESTRADAS DE RODAGEM DO ESTADO DE MINAS GERAIS;DER-MG;1.3.2.1.01.0.1.01.000;REMUNERAÇÃO DEPÓSITOS BANCÁRIOS - PRINC.;1;3;2;1;1;0;1;1;0;68;100000;100000;VALOR ESTIMADO COM BASE NOS INSTRUMENTOS JURÍDICOS VIGENTES, NAS RESPECTIVAS PREVISÕES DE INGRESSO DE RECURSOS E, QUANDO APLICÁVEL, EM PROPOSTAS DE NOVOS INSTRUMENTOS EM ANÁLISE OU EM FASE DE FORMALIZAÇÃO JUNTO AOS CONCEDENTES.
2027;2301;DEPARTAMENTO DE ESTRADAS DE RODAGEM DO ESTADO DE MINAS GERAIS;DER-MG;1.3.2.1.01.0.1.01.000;REMUNERAÇÃO DEPÓSITOS BANCÁRIOS - PRINC.;1;3;2;1;1;0;1;1;0;70;100000;100000;VALOR ESTIMADO COM BASE NOS INSTRUMENTOS JURÍDICOS VIGENTES, NAS RESPECTIVAS PREVISÕES DE INGRESSO DE RECURSOS E, QUANDO APLICÁVEL, EM PROPOSTAS DE NOVOS INSTRUMENTOS EM ANÁLISE OU EM FASE DE FORMALIZAÇÃO JUNTO AOS CONCEDENTES.
2027;2301;DEPARTAMENTO DE ESTRADAS DE RODAGEM DO ESTADO DE MINAS GERAIS;DER-MG;1.3.2.2.01.0.1.01.000;DIVIDENDOS - PRINC. - EMPRESAS ESTATAIS;1;3;2;2;1;0;1;1;0;60;1932;1932;"Valor atualizado pela UFEMG.
Valor contabilizado 2025 multiplicado pela medida UFEMG 2025 dividida pela UFEMG 2026.
Fórmula:
contabilizado 2025 * (5,7899/5,531)
"
2027;2301;DEPARTAMENTO DE ESTRADAS DE RODAGEM DO ESTADO DE MINAS GERAIS;DER-MG;1.6.1.1.01.0.1.28.000;SERVIÇOS ADM. COMERC. GER. - PRINC. - CONSULTORIA, ASSISTÊNCIA TÉCNICA E ANÁLISE DE PROJETOS;1;6;1;1;1;0;1;28;0;60;9135;9135;"Valor atualizado pela UFEMG.
Valor contabilizado 2025 multiplicado pela medida UFEMG 2025 dividida pela UFEMG 2026.
Fórmula:
contabilizado 2025 * (5,7899/5,531)
"
2027;2301;DEPARTAMENTO DE ESTRADAS DE RODAGEM DO ESTADO DE MINAS GERAIS;DER-MG;1.6.9.9.99.0.1.01.000;OUTROS SERVIÇOS - PRINC.;1;6;9;9;99;0;1;1;0;60;4659;4659;"Valor atualizado pela UFEMG.
Valor contabilizado 2025 multiplicado pela medida UFEMG 2025 dividida pela UFEMG 2026.
Fórmula:
contabilizado 2025 * (5,7899/5,531)
"
2027;2301;DEPARTAMENTO DE ESTRADAS DE RODAGEM DO ESTADO DE MINAS GERAIS;DER-MG;1.9.1.1.01.0.1.99.000;MULTAS LEGISL. ESPECÍFICA - PRINC. - DEMAIS;1;9;1;1;1;0;1;99;0;60;14540;14540;"Valor atualizado pela UFEMG.
Valor contabilizado 2025 multiplicado pela medida UFEMG 2025 dividida pela UFEMG 2026.
Fórmula:
contabilizado 2025 * (5,7899/5,531)
"
2027;2301;DEPARTAMENTO DE ESTRADAS DE RODAGEM DO ESTADO DE MINAS GERAIS;DER-MG;1.9.2.2.99.0.1.99.000;OUTRAS RESTITUIÇÕES - PRINC. - DEMAIS;1;9;2;2;99;0;1;99;0;60;951456;951456;"Valor atualizado pela UFEMG.
Valor contabilizado 2025 multiplicado pela medida UFEMG 2025 dividida pela UFEMG 2026.
Fórmula:
contabilizado 2025 * (5,7899/5,531)
"
2027;2301;DEPARTAMENTO DE ESTRADAS DE RODAGEM DO ESTADO DE MINAS GERAIS;DER-MG;1.9.9.9.99.2.1.99.000;OUTRAS REC. - PRIMÁRIAS - PRINC. - DEMAIS;1;9;9;9;99;2;1;99;0;60;500359;500359;"Valor atualizado pela UFEMG.
Valor contabilizado 2025 multiplicado pela medida UFEMG 2025 dividida pela UFEMG 2026.
Fórmula:
contabilizado 2025 * (5,7899/5,531)
"
2027;2301;DEPARTAMENTO DE ESTRADAS DE RODAGEM DO ESTADO DE MINAS GERAIS;DER-MG;1.9.9.9.99.2.2.99.000;OUTRAS REC. - PRIMÁRIAS - MJM - DEMAIS;1;9;9;9;99;2;2;99;0;60;5085972;5085972;"Valor atualizado pela UFEMG.
Valor contabilizado 2025 multiplicado pela medida UFEMG 2025 dividida pela UFEMG 2026.
Fórmula:
contabilizado 2025 * (5,7899/5,531)
"
2027;2301;DEPARTAMENTO DE ESTRADAS DE RODAGEM DO ESTADO DE MINAS GERAIS;DER-MG;2.4.3.2.99.0.1.17.001;TRANSPORTE - DIVERSOS MUNICÍPIOS;2;4;3;2;99;0;1;17;1;70;22000000;22000000;VALOR ESTIMADO COM BASE NOS INSTRUMENTOS JURÍDICOS VIGENTES, NAS RESPECTIVAS PREVISÕES DE INGRESSO DE RECURSOS E, QUANDO APLICÁVEL, EM PROPOSTAS DE NOVOS INSTRUMENTOS EM ANÁLISE OU EM FASE DE FORMALIZAÇÃO JUNTO AOS CONCEDENTES.
2027;2301;DEPARTAMENTO DE ESTRADAS DE RODAGEM DO ESTADO DE MINAS GERAIS;DER-MG;2.4.4.1.99.0.1.18.001;TRANSPORTE - ANGLO AMERICAN MINÉRIO DE FERRO BRASIL;2;4;4;1;99;0;1;18;1;68;8000000;8000000;VALOR ESTIMADO COM BASE NOS INSTRUMENTOS JURÍDICOS VIGENTES, NAS RESPECTIVAS PREVISÕES DE INGRESSO DE RECURSOS E, QUANDO APLICÁVEL, EM PROPOSTAS DE NOVOS INSTRUMENTOS EM ANÁLISE OU EM FASE DE FORMALIZAÇÃO JUNTO AOS CONCEDENTES.
2027;2311;UNIVERSIDADE ESTADUAL DE MONTES CLAROS;UNIMONTES;1.3.1.1.01.1.1.01.000;ALUGUÉIS ARRENDAMENTOS - PRINC. - ALUGUÉIS;1;3;1;1;1;1;1;1;0;60;113487;113487;VALORES CONFORME CONTRATOS DE CONCESSAO DE USO DE ESPACO FISICO CANTINAS DE FORMA ONEROSA E PRECARIA
2027;2311;UNIVERSIDADE ESTADUAL DE MONTES CLAROS;UNIMONTES;1.3.2.1.01.0.1.01.000;REMUNERAÇÃO DEPÓSITOS BANCÁRIOS - PRINC.;1;3;2;1;1;0;1;1;0;1;1000;1000;VALOR ESTIMADO COM BASE NOS INSTRUMENTOS JURÍDICOS VIGENTES, NAS RESPECTIVAS PREVISÕES DE INGRESSO DE RECURSOS E, QUANDO APLICÁVEL, EM PROPOSTAS DE NOVOS INSTRUMENTOS EM ANÁLISE OU EM FASE DE FORMALIZAÇÃO JUNTO AOS CONCEDENTES.
2027;2311;UNIVERSIDADE ESTADUAL DE MONTES CLAROS;UNIMONTES;1.3.2.1.01.0.1.01.000;REMUNERAÇÃO DEPÓSITOS BANCÁRIOS - PRINC.;1;3;2;1;1;0;1;1;0;24;193056;193056;VALOR ESTIMADO COM BASE NOS INSTRUMENTOS JURÍDICOS VIGENTES, NAS RESPECTIVAS PREVISÕES DE INGRESSO DE RECURSOS E, QUANDO APLICÁVEL, EM PROPOSTAS DE NOVOS INSTRUMENTOS EM ANÁLISE OU EM FASE DE FORMALIZAÇÃO JUNTO AOS CONCEDENTES.
2027;2311;UNIVERSIDADE ESTADUAL DE MONTES CLAROS;UNIMONTES;1.3.2.1.01.0.1.01.000;REMUNERAÇÃO DEPÓSITOS BANCÁRIOS - PRINC.;1;3;2;1;1;0;1;1;0;60;23990;23990;VALORES ESTIMADOS CONSIDERANDO SALDO EM CONTAS BANCARIAS DE RECURSOS PROPRIOS E RENTABILIDADE MEDIA DA POUPANCA
2027;2311;UNIVERSIDADE ESTADUAL DE MONTES CLAROS;UNIMONTES;1.3.2.1.01.0.1.01.000;REMUNERAÇÃO DEPÓSITOS BANCÁRIOS - PRINC.;1;3;2;1;1;0;1;1;0;70;1714128;1714128;VALOR ESTIMADO COM BASE NOS INSTRUMENTOS JURÍDICOS VIGENTES, NAS RESPECTIVAS PREVISÕES DE INGRESSO DE RECURSOS E, QUANDO APLICÁVEL, EM PROPOSTAS DE NOVOS INSTRUMENTOS EM ANÁLISE OU EM FASE DE FORMALIZAÇÃO JUNTO AOS CONCEDENTES.
2027;2311;UNIVERSIDADE ESTADUAL DE MONTES CLAROS;UNIMONTES;1.6.1.1.01.0.1.24.000;SERVIÇOS ADM. COMERC. GER. - PRINC. - EDUCACIONAIS E CAPACITAÇÃO;1;6;1;1;1;0;1;24;0;60;14162;14162;VALORES ESTIMADOS CONSIDERANDO VALOR MEDIO DOS DOIS ULTIMOS ANOS
2027;2311;UNIVERSIDADE ESTADUAL DE MONTES CLAROS;UNIMONTES;1.6.1.1.02.0.1.01.000;INSCRIÇÃO CONCURSOS PROCESSOS SELETIVOS - PRINC.;1;6;1;1;2;0;1;1;0;60;508563;508563;VALORES ESTIMADOS CONSIDERANDO VALOR MEDIO DOS DOIS ULTIMOS ANOS
2027;2311;UNIVERSIDADE ESTADUAL DE MONTES CLAROS;UNIMONTES;1.6.3.1.50.0.1.01.000;SERVIÇOS HOSPITALARES - PRINC.;1;6;3;1;50;0;1;1;0;60;11819457;11819457;VALORES CONSIDERANDO CONTRATO DE PRESTACAO DE SERVICOS DE SAUDE FIRMADOS ENTRE A UNIVERSIDADEHUCF E O FUNDO MUNICIPAL DE SAUDEPREFEITURA MUNICIPAL DE MONTES CLAROS
2027;2311;UNIVERSIDADE ESTADUAL DE MONTES CLAROS;UNIMONTES;1.7.1.7.51.0.1.01.000;EDUCAÇÃO - FUNDO NACIONAL DE DESENVOLVIMENTO DA EDUCAÇÃO - FNDE;1;7;1;7;51;0;1;1;0;1;600000;600000;VALOR ESTIMADO COM BASE NOS INSTRUMENTOS JURÍDICOS VIGENTES, NAS RESPECTIVAS PREVISÕES DE INGRESSO DE RECURSOS E, QUANDO APLICÁVEL, EM PROPOSTAS DE NOVOS INSTRUMENTOS EM ANÁLISE OU EM FASE DE FORMALIZAÇÃO JUNTO AOS CONCEDENTES.
2027;2311;UNIVERSIDADE ESTADUAL DE MONTES CLAROS;UNIMONTES;1.7.1.7.51.0.1.04.000;EDUCAÇÃO - COORDENAÇÃO DE APERFEIÇOAMENTO DE PESSOAL DE NÍVEL SUPERIOR - CAPES;1;7;1;7;51;0;1;4;0;24;4249574;4249574;VALOR ESTIMADO COM BASE NOS INSTRUMENTOS JURÍDICOS VIGENTES, NAS RESPECTIVAS PREVISÕES DE INGRESSO DE RECURSOS E, QUANDO APLICÁVEL, EM PROPOSTAS DE NOVOS INSTRUMENTOS EM ANÁLISE OU EM FASE DE FORMALIZAÇÃO JUNTO AOS CONCEDENTES.
2027;2311;UNIVERSIDADE ESTADUAL DE MONTES CLAROS;UNIMONTES;1.7.1.7.51.0.1.08.000;EDUCAÇÃO - MINISTÉRIO DA EDUCAÇÃO;1;7;1;7;51;0;1;8;0;1;1500000;1500000;VALOR ESTIMADO COM BASE NOS INSTRUMENTOS JURÍDICOS VIGENTES, NAS RESPECTIVAS PREVISÕES DE INGRESSO DE RECURSOS E, QUANDO APLICÁVEL, EM PROPOSTAS DE NOVOS INSTRUMENTOS EM ANÁLISE OU EM FASE DE FORMALIZAÇÃO JUNTO AOS CONCEDENTES.
2027;2311;UNIVERSIDADE ESTADUAL DE MONTES CLAROS;UNIMONTES;1.7.1.7.51.0.1.09.000;EDUCAÇÃO - MINISTÉRIO DOS DIREITOS HUMANOS E DA CIDADANIA;1;7;1;7;51;0;1;9;0;24;300000;300000;VALOR ESTIMADO COM BASE NOS INSTRUMENTOS JURÍDICOS VIGENTES, NAS RESPECTIVAS PREVISÕES DE INGRESSO DE RECURSOS E, QUANDO APLICÁVEL, EM PROPOSTAS DE NOVOS INSTRUMENTOS EM ANÁLISE OU EM FASE DE FORMALIZAÇÃO JUNTO AOS CONCEDENTES.
2027;2311;UNIVERSIDADE ESTADUAL DE MONTES CLAROS;UNIMONTES;1.7.1.7.51.0.1.10.000;EDUCAÇÃO - INSTITUTO FEDERAL DO NORTE DE MINAS GERAIS - IFNMG;1;7;1;7;51;0;1;10;0;24;378345;378345;VALOR ESTIMADO COM BASE NOS INSTRUMENTOS JURÍDICOS VIGENTES, NAS RESPECTIVAS PREVISÕES DE INGRESSO DE RECURSOS E, QUANDO APLICÁVEL, EM PROPOSTAS DE NOVOS INSTRUMENTOS EM ANÁLISE OU EM FASE DE FORMALIZAÇÃO JUNTO AOS CONCEDENTES.
2027;2311;UNIVERSIDADE ESTADUAL DE MONTES CLAROS;UNIMONTES;1.7.3.2.50.0.1.01.000;SUS-SAÚDE - DIVERSOS MUNICÍPIOS;1;7;3;2;50;0;1;1;0;70;17128126;16925625;VALOR ESTIMADO COM BASE NOS INSTRUMENTOS JURÍDICOS VIGENTES, NAS RESPECTIVAS PREVISÕES DE INGRESSO DE RECURSOS E, QUANDO APLICÁVEL, EM PROPOSTAS DE NOVOS INSTRUMENTOS EM ANÁLISE OU EM FASE DE FORMALIZAÇÃO JUNTO AOS CONCEDENTES.
2027;2311;UNIVERSIDADE ESTADUAL DE MONTES CLAROS;UNIMONTES;1.9.2.2.52.0.1.01.000;RESTITUIÇÃO REMUNERAÇÃO FOLHA PAGAMENTO - PESSOAL ATIVO - PRINC.;1;9;2;2;52;0;1;1;0;57;;1000;Inclui as receitas de restituição que não possuem fontes já fechadas de pessoal
2027;2311;UNIVERSIDADE ESTADUAL DE MONTES CLAROS;UNIMONTES;1.9.2.2.52.0.1.01.000;RESTITUIÇÃO REMUNERAÇÃO FOLHA PAGAMENTO - PESSOAL ATIVO - PRINC.;1;9;2;2;52;0;1;1;0;60;;1000;Inclui as receitas de restituição que não possuem fontes já fechadas de pessoal
2027;2311;UNIVERSIDADE ESTADUAL DE MONTES CLAROS;UNIMONTES;1.9.2.2.99.0.1.01.000;OUTRAS RESTITUIÇÕES - PRINC. - RECURSOS ORIGINÁRIOS DO FUNDO ESTADUAL DE SAÚDE - FES;1;9;2;2;99;0;1;1;0;10;;1000;Inclui as receitas de restituição que não possuem fontes já fechadas de pessoal
2027;2311;UNIVERSIDADE ESTADUAL DE MONTES CLAROS;UNIMONTES;1.9.2.2.99.0.1.01.000;OUTRAS RESTITUIÇÕES - PRINC. - RECURSOS ORIGINÁRIOS DO FUNDO ESTADUAL DE SAÚDE - FES;1;9;2;2;99;0;1;1;0;60;;1000;Inclui as receitas de restituição que não possuem fontes já fechadas de pessoal
2027;2311;UNIVERSIDADE ESTADUAL DE MONTES CLAROS;UNIMONTES;1.9.2.2.99.0.1.99.000;OUTRAS RESTITUIÇÕES - PRINC. - DEMAIS;1;9;2;2;99;0;1;99;0;1;100;100;VALOR ESTIMADO COM BASE NOS INSTRUMENTOS JURÍDICOS VIGENTES, NAS RESPECTIVAS PREVISÕES DE INGRESSO DE RECURSOS E, QUANDO APLICÁVEL, EM PROPOSTAS DE NOVOS INSTRUMENTOS EM ANÁLISE OU EM FASE DE FORMALIZAÇÃO JUNTO AOS CONCEDENTES.
2027;2311;UNIVERSIDADE ESTADUAL DE MONTES CLAROS;UNIMONTES;1.9.2.2.99.0.1.99.000;OUTRAS RESTITUIÇÕES - PRINC. - DEMAIS;1;9;2;2;99;0;1;99;0;24;100;100;VALOR ESTIMADO COM BASE NOS INSTRUMENTOS JURÍDICOS VIGENTES, NAS RESPECTIVAS PREVISÕES DE INGRESSO DE RECURSOS E, QUANDO APLICÁVEL, EM PROPOSTAS DE NOVOS INSTRUMENTOS EM ANÁLISE OU EM FASE DE FORMALIZAÇÃO JUNTO AOS CONCEDENTES.
2027;2311;UNIVERSIDADE ESTADUAL DE MONTES CLAROS;UNIMONTES;1.9.2.2.99.0.1.99.000;OUTRAS RESTITUIÇÕES - PRINC. - DEMAIS;1;9;2;2;99;0;1;99;0;57;;1000;Inclui as receitas de restituição que não possuem fontes já fechadas de pessoal
2027;2311;UNIVERSIDADE ESTADUAL DE MONTES CLAROS;UNIMONTES;1.9.2.2.99.0.1.99.000;OUTRAS RESTITUIÇÕES - PRINC. - DEMAIS;1;9;2;2;99;0;1;99;0;60;;1000;Inclui as receitas de restituição que não possuem fontes já fechadas de pessoal
2027;2311;UNIVERSIDADE ESTADUAL DE MONTES CLAROS;UNIMONTES;1.9.2.2.99.0.1.99.000;OUTRAS RESTITUIÇÕES - PRINC. - DEMAIS;1;9;2;2;99;0;1;99;0;70;100;100;VALOR ESTIMADO COM BASE NOS INSTRUMENTOS JURÍDICOS VIGENTES, NAS RESPECTIVAS PREVISÕES DE INGRESSO DE RECURSOS E, QUANDO APLICÁVEL, EM PROPOSTAS DE NOVOS INSTRUMENTOS EM ANÁLISE OU EM FASE DE FORMALIZAÇÃO JUNTO AOS CONCEDENTES.
2027;2311;UNIVERSIDADE ESTADUAL DE MONTES CLAROS;UNIMONTES;2.4.1.4.51.0.1.06.000;EDUCAÇÃO - MINISTÉRIO DA SAÚDE;2;4;1;4;51;0;1;6;0;1;494867;494867;VALOR ESTIMADO COM BASE NOS INSTRUMENTOS JURÍDICOS VIGENTES, NAS RESPECTIVAS PREVISÕES DE INGRESSO DE RECURSOS E, QUANDO APLICÁVEL, EM PROPOSTAS DE NOVOS INSTRUMENTOS EM ANÁLISE OU EM FASE DE FORMALIZAÇÃO JUNTO AOS CONCEDENTES.
2027;2311;UNIVERSIDADE ESTADUAL DE MONTES CLAROS;UNIMONTES;2.4.1.4.51.0.1.08.000;EDUCAÇÃO - FUNDO NACIONAL DO DESENVOLVIMENTO DA EDUCAÇÃO - FNDE;2;4;1;4;51;0;1;8;0;24;600000;600000;VALOR ESTIMADO COM BASE NOS INSTRUMENTOS JURÍDICOS VIGENTES, NAS RESPECTIVAS PREVISÕES DE INGRESSO DE RECURSOS E, QUANDO APLICÁVEL, EM PROPOSTAS DE NOVOS INSTRUMENTOS EM ANÁLISE OU EM FASE DE FORMALIZAÇÃO JUNTO AOS CONCEDENTES.
2027;2311;UNIVERSIDADE ESTADUAL DE MONTES CLAROS;UNIMONTES;2.4.3.2.50.0.1.01.000;SUS-SAÚDE - DIVERSOS MUNICÍPIOS;2;4;3;2;50;0;1;1;0;70;2000000;2000000;VALOR ESTIMADO COM BASE NOS INSTRUMENTOS JURÍDICOS VIGENTES, NAS RESPECTIVAS PREVISÕES DE INGRESSO DE RECURSOS E, QUANDO APLICÁVEL, EM PROPOSTAS DE NOVOS INSTRUMENTOS EM ANÁLISE OU EM FASE DE FORMALIZAÇÃO JUNTO AOS CONCEDENTES.
2027;2311;UNIVERSIDADE ESTADUAL DE MONTES CLAROS;UNIMONTES;7.7.2.9.99.0.1.25.000;REC. INTRA. - OUTRAS TRANSF. ESTADOS DF - PRINC. - REPASSE DO FUNDO ESTADUAL DE SAÚDE - FES - LC FEDERAL Nº 141/12;7;7;2;9;99;0;1;25;0;10;1038;1038;Receita calculada pela SEPLAG conforme despesas projetadas para o órgão
2027;2321;FUNDAÇÃO CENTRO DE HEMATOLOGIA E HEMOTERAPIA DE MINAS GERAIS;HEMOMINAS;1.3.2.1.01.0.1.01.000;REMUNERAÇÃO DEPÓSITOS BANCÁRIOS - PRINC.;1;3;2;1;1;0;1;1;0;1;4500;4500;VALOR ESTIMADO COM BASE NOS INSTRUMENTOS JURÍDICOS VIGENTES, NAS RESPECTIVAS PREVISÕES DE INGRESSO DE RECURSOS E, QUANDO APLICÁVEL, EM PROPOSTAS DE NOVOS INSTRUMENTOS EM ANÁLISE OU EM FASE DE FORMALIZAÇÃO JUNTO AOS CONCEDENTES.
2027;2321;FUNDAÇÃO CENTRO DE HEMATOLOGIA E HEMOTERAPIA DE MINAS GERAIS;HEMOMINAS;1.3.2.1.01.0.1.01.000;REMUNERAÇÃO DEPÓSITOS BANCÁRIOS - PRINC.;1;3;2;1;1;0;1;1;0;24;35000;35000;VALOR ESTIMADO COM BASE NOS INSTRUMENTOS JURÍDICOS VIGENTES, NAS RESPECTIVAS PREVISÕES DE INGRESSO DE RECURSOS E, QUANDO APLICÁVEL, EM PROPOSTAS DE NOVOS INSTRUMENTOS EM ANÁLISE OU EM FASE DE FORMALIZAÇÃO JUNTO AOS CONCEDENTES.
2027;2321;FUNDAÇÃO CENTRO DE HEMATOLOGIA E HEMOTERAPIA DE MINAS GERAIS;HEMOMINAS;1.6.3.1.50.0.1.01.000;SERVIÇOS HOSPITALARES - PRINC.;1;6;3;1;50;0;1;1;0;60;850000;850000;Série histórica da produção mensal apresentada e aprovada nas AIHS/SUS dos hospitais que recebem insumos da FH.
2027;2321;FUNDAÇÃO CENTRO DE HEMATOLOGIA E HEMOTERAPIA DE MINAS GERAIS;HEMOMINAS;1.6.3.1.50.0.2.01.000;SERVIÇOS HOSPITALARES - MJM;1;6;3;1;50;0;2;1;0;60;469;469;Receita estimada com base no valor de 2025 e será mantido, conforme a inadimplência do período.
2027;2321;FUNDAÇÃO CENTRO DE HEMATOLOGIA E HEMOTERAPIA DE MINAS GERAIS;HEMOMINAS;1.6.3.1.53.0.1.01.000;SERVIÇOS AMBULATORIAIS - PRINC.;1;6;3;1;53;0;1;1;0;60;1896000;1896000;Série histórica da produção mensal apresentada e aprovada no SIA/SUS ressarcidos pelas SMS referente à hematologia.
2027;2321;FUNDAÇÃO CENTRO DE HEMATOLOGIA E HEMOTERAPIA DE MINAS GERAIS;HEMOMINAS;1.6.3.1.99.0.1.02.000;OUTROS SERV. ATEND. SAÚDE - PRINC. - SERVIÇOS DE COLETA, PROCESSAMENTO E ARMAZENAMENTO DE CÉLULAS E TECIDOS BIOLÓGICOS;1;6;3;1;99;0;1;2;0;60;1320000;1320000;Serviços prestados  pelo CETEBIO, SUS e Particular, conforme demanda.
2027;2321;FUNDAÇÃO CENTRO DE HEMATOLOGIA E HEMOTERAPIA DE MINAS GERAIS;HEMOMINAS;1.6.3.1.99.0.1.04.000;OUTROS SERV. ATEND. SAÚDE - PRINC. - SERVIÇOS DE SAÚDE PRESTADOS A PARTICULARES;1;6;3;1;99;0;1;4;0;60;16800000;16800000;Série histórica da média mensal arrecadada por meio de notas fiscais/DAE.
2027;2321;FUNDAÇÃO CENTRO DE HEMATOLOGIA E HEMOTERAPIA DE MINAS GERAIS;HEMOMINAS;1.6.3.1.99.0.2.02.000;OUTROS SERV. ATEND. SAÚDE - MJM - SERVIÇOS DE COLETA, PROCESSAMENTO E ARMAZENAMENTO DE CÉLULAS E TECIDOS BIOLÓGICOS;1;6;3;1;99;0;2;2;0;60;1959;1959;Conforme a inadimplência do período. Multa e juros aplicadas por atraso de pagamento conforme cláusulas de penalidades previstas em contrato com o EAS referente ao Cetebio.
2027;2321;FUNDAÇÃO CENTRO DE HEMATOLOGIA E HEMOTERAPIA DE MINAS GERAIS;HEMOMINAS;1.6.3.1.99.0.2.04.000;OUTROS SERV. ATEND. SAÚDE - MJM - SERVIÇOS DE SAÚDE PRESTADOS A PARTICULARES;1;6;3;1;99;0;2;4;0;60;78539;78539;Conforme a inadimplência do período. Multa e juros aplicadas por atraso de pagamento conforme cláusulas de penalidades previstas em contrato com o EAS referente ao fornecimento de hemocomponentes a serem transfundidos.
2027;2321;FUNDAÇÃO CENTRO DE HEMATOLOGIA E HEMOTERAPIA DE MINAS GERAIS;HEMOMINAS;1.9.1.1.09.0.1.99.000;MULTAS JUROS PREVISTOS CONTRATOS - PRINC. - DEMAIS;1;9;1;1;9;0;1;99;0;60;663858;663858;Estimativa baseada na média da contabilização dos últimos 3 anos.
2027;2321;FUNDAÇÃO CENTRO DE HEMATOLOGIA E HEMOTERAPIA DE MINAS GERAIS;HEMOMINAS;1.9.1.1.09.0.2.99.000;MULTAS JUROS PREVISTOS CONTRATO - MJM;1;9;1;1;9;0;2;99;0;60;627;627;Estimativa baseada na média da contabilização dos últimos 3 anos.
2027;2321;FUNDAÇÃO CENTRO DE HEMATOLOGIA E HEMOTERAPIA DE MINAS GERAIS;HEMOMINAS;1.9.2.2.52.0.1.01.000;RESTITUIÇÃO REMUNERAÇÃO FOLHA PAGAMENTO - PESSOAL ATIVO - PRINC.;1;9;2;2;52;0;1;1;0;57;;1000;Inclui as receitas de restituição que não possuem fontes já fechadas de pessoal
2027;2321;FUNDAÇÃO CENTRO DE HEMATOLOGIA E HEMOTERAPIA DE MINAS GERAIS;HEMOMINAS;1.9.2.2.99.0.1.01.000;OUTRAS RESTITUIÇÕES - PRINC. - RECURSOS ORIGINÁRIOS DO FUNDO ESTADUAL DE SAÚDE - FES;1;9;2;2;99;0;1;1;0;10;594762;630398;Estimativa baseada na média da contabilização dos últimos 3 anos.
2027;2321;FUNDAÇÃO CENTRO DE HEMATOLOGIA E HEMOTERAPIA DE MINAS GERAIS;HEMOMINAS;1.9.2.2.99.0.1.99.000;OUTRAS RESTITUIÇÕES - PRINC. - DEMAIS;1;9;2;2;99;0;1;99;0;1;1000;1000;VALOR ESTIMADO COM BASE NOS INSTRUMENTOS JURÍDICOS VIGENTES, NAS RESPECTIVAS PREVISÕES DE INGRESSO DE RECURSOS E, QUANDO APLICÁVEL, EM PROPOSTAS DE NOVOS INSTRUMENTOS EM ANÁLISE OU EM FASE DE FORMALIZAÇÃO JUNTO AOS CONCEDENTES.
2027;2321;FUNDAÇÃO CENTRO DE HEMATOLOGIA E HEMOTERAPIA DE MINAS GERAIS;HEMOMINAS;1.9.2.2.99.0.1.99.000;OUTRAS RESTITUIÇÕES - PRINC. - DEMAIS;1;9;2;2;99;0;1;99;0;24;1000;1000;VALOR ESTIMADO COM BASE NOS INSTRUMENTOS JURÍDICOS VIGENTES, NAS RESPECTIVAS PREVISÕES DE INGRESSO DE RECURSOS E, QUANDO APLICÁVEL, EM PROPOSTAS DE NOVOS INSTRUMENTOS EM ANÁLISE OU EM FASE DE FORMALIZAÇÃO JUNTO AOS CONCEDENTES.
2027;2321;FUNDAÇÃO CENTRO DE HEMATOLOGIA E HEMOTERAPIA DE MINAS GERAIS;HEMOMINAS;1.9.2.2.99.0.1.99.000;OUTRAS RESTITUIÇÕES - PRINC. - DEMAIS;1;9;2;2;99;0;1;99;0;57;;1000;Inclui as receitas de restituição que não possuem fontes já fechadas de pessoal
2027;2321;FUNDAÇÃO CENTRO DE HEMATOLOGIA E HEMOTERAPIA DE MINAS GERAIS;HEMOMINAS;1.9.2.2.99.0.1.99.000;OUTRAS RESTITUIÇÕES - PRINC. - DEMAIS;1;9;2;2;99;0;1;99;0;60;50283;50283;Estimativa baseada na média da contabilização dos últimos 3 anos.
2027;2321;FUNDAÇÃO CENTRO DE HEMATOLOGIA E HEMOTERAPIA DE MINAS GERAIS;HEMOMINAS;1.9.9.9.99.2.1.99.000;OUTRAS REC. - PRIMÁRIAS - PRINC. - DEMAIS;1;9;9;9;99;2;1;99;0;60;40975;40975;Estimativa baseada na média da contabilização dos últimos 3 anos.
2027;2321;FUNDAÇÃO CENTRO DE HEMATOLOGIA E HEMOTERAPIA DE MINAS GERAIS;HEMOMINAS;2.2.1.3.01.0.1.01.000;ALIENAÇÃO BENS MÓVEIS SEMOVENTES - PRINC.;2;2;1;3;1;0;1;1;0;47;40000;40000;A projeção de arrecadação para o exercício de 2027 fundamenta-se nos valores realizados em 2025. O cálculo considera o incremento na frequência dos certames, projetando o dobro da média histórica (passando de dois para quatro leilões anuais), mantendo-se a estimativa de composição padronizada dos lotes.
2027;2321;FUNDAÇÃO CENTRO DE HEMATOLOGIA E HEMOTERAPIA DE MINAS GERAIS;HEMOMINAS;2.4.1.4.50.0.1.01.000;SUS-SAÚDE - MINISTÉRIO DA SAÚDE;2;4;1;4;50;0;1;1;0;1;260310;260310;VALOR ESTIMADO COM BASE NOS INSTRUMENTOS JURÍDICOS VIGENTES, NAS RESPECTIVAS PREVISÕES DE INGRESSO DE RECURSOS E, QUANDO APLICÁVEL, EM PROPOSTAS DE NOVOS INSTRUMENTOS EM ANÁLISE OU EM FASE DE FORMALIZAÇÃO JUNTO AOS CONCEDENTES.
2027;2321;FUNDAÇÃO CENTRO DE HEMATOLOGIA E HEMOTERAPIA DE MINAS GERAIS;HEMOMINAS;2.4.1.4.50.0.1.01.000;SUS-SAÚDE - MINISTÉRIO DA SAÚDE;2;4;1;4;50;0;1;1;0;24;2201541;2201541;VALOR ESTIMADO COM BASE NOS INSTRUMENTOS JURÍDICOS VIGENTES, NAS RESPECTIVAS PREVISÕES DE INGRESSO DE RECURSOS E, QUANDO APLICÁVEL, EM PROPOSTAS DE NOVOS INSTRUMENTOS EM ANÁLISE OU EM FASE DE FORMALIZAÇÃO JUNTO AOS CONCEDENTES.
2027;2321;FUNDAÇÃO CENTRO DE HEMATOLOGIA E HEMOTERAPIA DE MINAS GERAIS;HEMOMINAS;7.6.3.1.99.0.1.03.000;REC. INTRA. - OUTROS SERV. ATEND. SAÚDE - PRINC. - SERVIÇOS DE SAÚDE PRESTADOS AO SIA/SUS;7;6;3;1;99;0;1;3;0;60;60963182;60963182;"O valor proposto está de acordo com os valores pré-fixados no Contrato de Gestão e Programações e  o teto estabelecido pela Portaria nº 1.229 de 15 de junho de 2021 referente aos exames HLA. Os valores do FAEC são ressarcidos conforme produção aprovada. Parcela Fixa - R$ 47.932.558,68                                                                                                                                                                                                                                                                                                                                                                                                                                                                            Parcela Variável R$7.065.468,36
FAEC HLA: R$5.532.634,68
FAEC REDOME: R$ 432.520,00"
2027;2321;FUNDAÇÃO CENTRO DE HEMATOLOGIA E HEMOTERAPIA DE MINAS GERAIS;HEMOMINAS;7.6.3.1.99.0.1.04.000;REC. INTRA. - OUTROS SERV. ATEND. SAÚDE - PRINC. - SERVIÇOS DE SAÚDE PRESTADOS A PARTICULARES;7;6;3;1;99;0;1;4;0;60;1200000;1200000;Valor arrecadado (DAEs pagos) em 2025 referente ao Hospital Militar e IPSEMG.
2027;2321;FUNDAÇÃO CENTRO DE HEMATOLOGIA E HEMOTERAPIA DE MINAS GERAIS;HEMOMINAS;7.6.3.1.99.0.2.04.000;REC. INTRA. - OUTROS SERV. ATEND. SAÚDE - MJM - SERVIÇOS DE SAÚDE PRESTADOS A PARTICULARES;7;6;3;1;99;0;2;4;0;60;8065;8065;Conforme a inadimplência do período. Multa e juros aplicadas por atraso de pagamento conforme cláusulas de penalidades previstas em contrato com o EAS referente ao fornecimento de hemocomponentes a serem transfundidos.
2027;2321;FUNDAÇÃO CENTRO DE HEMATOLOGIA E HEMOTERAPIA DE MINAS GERAIS;HEMOMINAS;7.7.2.9.99.0.1.25.000;REC. INTRA. - OUTRAS TRANSF. ESTADOS DF - PRINC. - REPASSE DO FUNDO ESTADUAL DE SAÚDE - FES - LC FEDERAL Nº 141/12;7;7;2;9;99;0;1;25;0;10;429513701;429513701;Receita calculada pela SEPLAG conforme despesas projetadas para o órgão
2027;2331;INSTITUTO DE METROLOGIA E QUALIDADE DO ESTADO DE MINAS GERAIS;IPEMMG;1.3.2.1.01.0.1.01.000;REMUNERAÇÃO DEPÓSITOS BANCÁRIOS - PRINC.;1;3;2;1;1;0;1;1;0;73;350000;350000;VALOR ESTIMADO COM BASE NOS INSTRUMENTOS JURÍDICOS VIGENTES, NAS RESPECTIVAS PREVISÕES DE INGRESSO DE RECURSOS E, QUANDO APLICÁVEL, EM PROPOSTAS DE NOVOS INSTRUMENTOS EM ANÁLISE OU EM FASE DE FORMALIZAÇÃO JUNTO AOS CONCEDENTES.
2027;2331;INSTITUTO DE METROLOGIA E QUALIDADE DO ESTADO DE MINAS GERAIS;IPEMMG;1.7.1.7.99.0.1.06.001;CIÊNCIA TECNOLOGIA - INSTITUTO NACIONAL DE METROLOGIA, QUALIDADE E TECNOLOGIA - INMETRO;1;7;1;7;99;0;1;6;1;73;42500000;45998000;VALOR ESTIMADO COM BASE NOS INSTRUMENTOS JURÍDICOS VIGENTES, NAS RESPECTIVAS PREVISÕES DE INGRESSO DE RECURSOS E, QUANDO APLICÁVEL, EM PROPOSTAS DE NOVOS INSTRUMENTOS EM ANÁLISE OU EM FASE DE FORMALIZAÇÃO JUNTO AOS CONCEDENTES.
2027;2331;INSTITUTO DE METROLOGIA E QUALIDADE DO ESTADO DE MINAS GERAIS;IPEMMG;1.9.2.2.52.0.1.01.000;RESTITUIÇÃO REMUNERAÇÃO FOLHA PAGAMENTO - PESSOAL ATIVO - PRINC.;1;9;2;2;52;0;1;1;0;73;;1000;Inclui as receitas de restituição que não possuem fontes já fechadas de pessoal
2027;2331;INSTITUTO DE METROLOGIA E QUALIDADE DO ESTADO DE MINAS GERAIS;IPEMMG;1.9.2.2.99.0.1.99.000;OUTRAS RESTITUIÇÕES - PRINC. - DEMAIS;1;9;2;2;99;0;1;99;0;73;1000;1000;VALOR ESTIMADO COM BASE NOS INSTRUMENTOS JURÍDICOS VIGENTES, NAS RESPECTIVAS PREVISÕES DE INGRESSO DE RECURSOS E, QUANDO APLICÁVEL, EM PROPOSTAS DE NOVOS INSTRUMENTOS EM ANÁLISE OU EM FASE DE FORMALIZAÇÃO JUNTO AOS CONCEDENTES.
2027;2331;INSTITUTO DE METROLOGIA E QUALIDADE DO ESTADO DE MINAS GERAIS;IPEMMG;2.4.1.4.99.0.1.08.001;CIÊNCIA TECNOLOGIA - INSTITUTO NACIONAL DE METROLOGIA, QUALIDADE E TECNOLOGIA - INMETRO;2;4;1;4;99;0;1;8;1;73;1150000;1150000;VALOR ESTIMADO COM BASE NOS INSTRUMENTOS JURÍDICOS VIGENTES, NAS RESPECTIVAS PREVISÕES DE INGRESSO DE RECURSOS E, QUANDO APLICÁVEL, EM PROPOSTAS DE NOVOS INSTRUMENTOS EM ANÁLISE OU EM FASE DE FORMALIZAÇÃO JUNTO AOS CONCEDENTES.
2027;2351;UNIVERSIDADE DO ESTADO DE MINAS GERAIS;UEMG;1.3.1.1.01.1.1.02.000;ALUGUÉIS ARRENDAMENTOS - PRINC. - ARRENDAMENTOS;1;3;1;1;1;1;1;2;0;60;100000;100000;Valor aproximado da media dos ultimos 3 tres anos da receita efetivamente arrecada
2027;2351;UNIVERSIDADE DO ESTADO DE MINAS GERAIS;UEMG;1.3.2.1.01.0.1.01.000;REMUNERAÇÃO DEPÓSITOS BANCÁRIOS - PRINC.;1;3;2;1;1;0;1;1;0;1;10200;10200;VALOR ESTIMADO COM BASE NOS INSTRUMENTOS JURÍDICOS VIGENTES, NAS RESPECTIVAS PREVISÕES DE INGRESSO DE RECURSOS E, QUANDO APLICÁVEL, EM PROPOSTAS DE NOVOS INSTRUMENTOS EM ANÁLISE OU EM FASE DE FORMALIZAÇÃO JUNTO AOS CONCEDENTES.
2027;2351;UNIVERSIDADE DO ESTADO DE MINAS GERAIS;UEMG;1.3.2.1.01.0.1.01.000;REMUNERAÇÃO DEPÓSITOS BANCÁRIOS - PRINC.;1;3;2;1;1;0;1;1;0;24;202000;202000;VALOR ESTIMADO COM BASE NOS INSTRUMENTOS JURÍDICOS VIGENTES, NAS RESPECTIVAS PREVISÕES DE INGRESSO DE RECURSOS E, QUANDO APLICÁVEL, EM PROPOSTAS DE NOVOS INSTRUMENTOS EM ANÁLISE OU EM FASE DE FORMALIZAÇÃO JUNTO AOS CONCEDENTES.
2027;2351;UNIVERSIDADE DO ESTADO DE MINAS GERAIS;UEMG;1.3.2.1.01.0.1.01.000;REMUNERAÇÃO DEPÓSITOS BANCÁRIOS - PRINC.;1;3;2;1;1;0;1;1;0;60;10000;10000;Valor aproximado dos rendimentos financeiros da receita de transferencias e repasses conforme legislacao
2027;2351;UNIVERSIDADE DO ESTADO DE MINAS GERAIS;UEMG;1.3.2.1.01.0.1.01.000;REMUNERAÇÃO DEPÓSITOS BANCÁRIOS - PRINC.;1;3;2;1;1;0;1;1;0;70;10200;10200;"VALOR ESTIMADO COM BASE NOS INSTRUMENTOS JURÍDICOS VIGENTES, NAS RESPECTIVAS PREVISÕES DE INGRESSO DE RECURSOS E, QUANDO APLICÁVEL, EM PROPOSTAS DE NOVOS INSTRUMENTOS EM ANÁLISE OU EM FASE DE FORMALIZAÇÃO JUNTO AOS CONCEDENTES.
"
2027;2351;UNIVERSIDADE DO ESTADO DE MINAS GERAIS;UEMG;1.3.2.2.01.0.1.02.000;DIVIDENDOS - PRINC. - EMPRESAS NÃO ESTATAIS;1;3;2;2;1;0;1;2;0;60;50000;50000;Valor aproximado da media dos ultimos 3 tres anos da receita efetivamente arrecada
2027;2351;UNIVERSIDADE DO ESTADO DE MINAS GERAIS;UEMG;1.6.1.1.01.0.1.24.000;SERVIÇOS ADM. COMERC. GER. - PRINC. - EDUCACIONAIS E CAPACITAÇÃO;1;6;1;1;1;0;1;24;0;60;160000;160000;Valor aproximado da media dos ultimos 3 tres anos da receita efetivamente arrecada
2027;2351;UNIVERSIDADE DO ESTADO DE MINAS GERAIS;UEMG;1.6.1.1.02.0.1.01.000;INSCRIÇÃO CONCURSOS PROCESSOS SELETIVOS - PRINC.;1;6;1;1;2;0;1;1;0;60;1000000;1000000;Valor aproximado da media dos ultimos 3 tres anos da receita efetivamente arrecada
2027;2351;UNIVERSIDADE DO ESTADO DE MINAS GERAIS;UEMG;1.7.1.7.51.0.1.01.000;EDUCAÇÃO - FUNDO NACIONAL DE DESENVOLVIMENTO DA EDUCAÇÃO - FNDE;1;7;1;7;51;0;1;1;0;1;100000;100000;Valor aproximado da receita efetivamente arrecada de novas emendas parlamentares federais e repasses decorrentes de aceites de procedimentos licitatorios conforme legislacao
2027;2351;UNIVERSIDADE DO ESTADO DE MINAS GERAIS;UEMG;1.7.1.7.51.0.1.04.000;EDUCAÇÃO - COORDENAÇÃO DE APERFEIÇOAMENTO DE PESSOAL DE NÍVEL SUPERIOR - CAPES;1;7;1;7;51;0;1;4;0;24;2000000;2000000;VALOR ESTIMADO COM BASE NOS INSTRUMENTOS JURÍDICOS VIGENTES, NAS RESPECTIVAS PREVISÕES DE INGRESSO DE RECURSOS E, QUANDO APLICÁVEL, EM PROPOSTAS DE NOVOS INSTRUMENTOS EM ANÁLISE OU EM FASE DE FORMALIZAÇÃO JUNTO AOS CONCEDENTES.
2027;2351;UNIVERSIDADE DO ESTADO DE MINAS GERAIS;UEMG;1.7.1.7.51.0.1.08.000;EDUCAÇÃO - MINISTÉRIO DA EDUCAÇÃO;1;7;1;7;51;0;1;8;0;1;10000;10000;Valor aproximado da receita efetivamente arrecada de novas emendas parlamentares federais e repasses decorrentes de aceites de procedimentos licitatorios conforme legislacao
2027;2351;UNIVERSIDADE DO ESTADO DE MINAS GERAIS;UEMG;1.7.1.7.51.0.1.08.000;EDUCAÇÃO - MINISTÉRIO DA EDUCAÇÃO;1;7;1;7;51;0;1;8;0;24;10000;10000;Valor aproximado da receita de transferencias federais e repasses conforme legislacao
2027;2351;UNIVERSIDADE DO ESTADO DE MINAS GERAIS;UEMG;1.7.3.2.51.0.1.01.000;EDUCAÇÃO - DIVERSOS MUNICÍPIOS;1;7;3;2;51;0;1;1;0;70;10000;10000;Participacao da UEMG em editais e propostas de prestacao de servicos
2027;2351;UNIVERSIDADE DO ESTADO DE MINAS GERAIS;UEMG;1.9.2.2.99.0.1.99.000;OUTRAS RESTITUIÇÕES - PRINC. - DEMAIS;1;9;2;2;99;0;1;99;0;1;200;200;VALOR ESTIMADO COM BASE NOS INSTRUMENTOS JURÍDICOS VIGENTES, NAS RESPECTIVAS PREVISÕES DE INGRESSO DE RECURSOS E, QUANDO APLICÁVEL, EM PROPOSTAS DE NOVOS INSTRUMENTOS EM ANÁLISE OU EM FASE DE FORMALIZAÇÃO JUNTO AOS CONCEDENTES.
2027;2351;UNIVERSIDADE DO ESTADO DE MINAS GERAIS;UEMG;1.9.2.2.99.0.1.99.000;OUTRAS RESTITUIÇÕES - PRINC. - DEMAIS;1;9;2;2;99;0;1;99;0;24;2000;2000;VALOR ESTIMADO COM BASE NOS INSTRUMENTOS JURÍDICOS VIGENTES, NAS RESPECTIVAS PREVISÕES DE INGRESSO DE RECURSOS E, QUANDO APLICÁVEL, EM PROPOSTAS DE NOVOS INSTRUMENTOS EM ANÁLISE OU EM FASE DE FORMALIZAÇÃO JUNTO AOS CONCEDENTES.
2027;2351;UNIVERSIDADE DO ESTADO DE MINAS GERAIS;UEMG;1.9.2.2.99.0.1.99.000;OUTRAS RESTITUIÇÕES - PRINC. - DEMAIS;1;9;2;2;99;0;1;99;0;60;;1000;Inclui as receitas de restituição que não possuem fontes já fechadas de pessoal
2027;2351;UNIVERSIDADE DO ESTADO DE MINAS GERAIS;UEMG;1.9.2.2.99.0.1.99.000;OUTRAS RESTITUIÇÕES - PRINC. - DEMAIS;1;9;2;2;99;0;1;99;0;70;200;200;VALOR ESTIMADO COM BASE NOS INSTRUMENTOS JURÍDICOS VIGENTES, NAS RESPECTIVAS PREVISÕES DE INGRESSO DE RECURSOS E, QUANDO APLICÁVEL, EM PROPOSTAS DE NOVOS INSTRUMENTOS EM ANÁLISE OU EM FASE DE FORMALIZAÇÃO JUNTO AOS CONCEDENTES.
2027;2351;UNIVERSIDADE DO ESTADO DE MINAS GERAIS;UEMG;2.2.1.3.01.0.1.01.000;ALIENAÇÃO BENS MÓVEIS SEMOVENTES - PRINC.;2;2;1;3;1;0;1;1;0;60;10000;10000;Valor aproximado da media dos ultimos 3 tres anos da receita efetivamente arrecada
2027;2351;UNIVERSIDADE DO ESTADO DE MINAS GERAIS;UEMG;2.4.1.2.50.9.1.03.000;EDUCAÇÃO - FNDE - AQUISIÇÃO DE EQUIPAMENTOS DE MATERIAL PERMANENTE;2;4;1;2;50;9;1;3;0;1;1000000;1000000;Valor aproximado da receita efetivamente arrecada de novas emendas parlamentares federais e repasses decorrentes de aceites de procedimentos licitatorios conforme legislacao
2027;2351;UNIVERSIDADE DO ESTADO DE MINAS GERAIS;UEMG;2.4.1.2.50.9.1.03.000;EDUCAÇÃO - FNDE - AQUISIÇÃO DE EQUIPAMENTOS DE MATERIAL PERMANENTE;2;4;1;2;50;9;1;3;0;3;10000;10000;Valor aproximado da receita de tranferencias federais e repasses conforme legislacao
2027;2351;UNIVERSIDADE DO ESTADO DE MINAS GERAIS;UEMG;2.4.1.2.50.9.1.03.000;EDUCAÇÃO - FNDE - AQUISIÇÃO DE EQUIPAMENTOS DE MATERIAL PERMANENTE;2;4;1;2;50;9;1;3;0;36;10000;10000;Valor aproximado da receita de tranferencias federais e repasses conforme legislacao
2027;2351;UNIVERSIDADE DO ESTADO DE MINAS GERAIS;UEMG;2.4.1.2.50.9.1.99.000;EDUCAÇÃO - FNDE - DEMAIS;2;4;1;2;50;9;1;99;0;3;10000;10000;Valor aproximado da receita de tranferencias federais e repasses conforme legislacao
2027;2351;UNIVERSIDADE DO ESTADO DE MINAS GERAIS;UEMG;2.4.1.4.51.0.1.02.000;EDUCAÇÃO - COORDENAÇÃO DE APERFEIÇOAMENTO DE PESSOAL DE NÍVEL SUPERIOR - CAPES;2;4;1;4;51;0;1;2;0;24;10000;10000;Participacao da UEMG em editais de fomento para educacao a distancia
2027;2351;UNIVERSIDADE DO ESTADO DE MINAS GERAIS;UEMG;2.4.1.4.51.0.1.03.000;EDUCAÇÃO - MINISTÉRIO DA EDUCAÇÃO;2;4;1;4;51;0;1;3;0;1;1160000;1160000;VALOR ESTIMADO COM BASE NOS INSTRUMENTOS JURÍDICOS VIGENTES, NAS RESPECTIVAS PREVISÕES DE INGRESSO DE RECURSOS E, QUANDO APLICÁVEL, EM PROPOSTAS DE NOVOS INSTRUMENTOS EM ANÁLISE OU EM FASE DE FORMALIZAÇÃO JUNTO AOS CONCEDENTES.
2027;2351;UNIVERSIDADE DO ESTADO DE MINAS GERAIS;UEMG;2.4.1.4.51.0.1.08.000;EDUCAÇÃO - FUNDO NACIONAL DO DESENVOLVIMENTO DA EDUCAÇÃO - FNDE;2;4;1;4;51;0;1;8;0;1;100000;100000;VALOR ESTIMADO COM BASE NOS INSTRUMENTOS JURÍDICOS VIGENTES, NAS RESPECTIVAS PREVISÕES DE INGRESSO DE RECURSOS E, QUANDO APLICÁVEL, EM PROPOSTAS DE NOVOS INSTRUMENTOS EM ANÁLISE OU EM FASE DE FORMALIZAÇÃO JUNTO AOS CONCEDENTES.
2027;2351;UNIVERSIDADE DO ESTADO DE MINAS GERAIS;UEMG;2.4.3.2.51.0.1.01.000;EDUCAÇÃO - DIVERSOS MUNICÍPIOS;2;4;3;2;51;0;1;1;0;70;10000;10000;Participacao da UEMG em editais e propostas de prestacao de servicos
2027;2361;INSTITUTO DE PREVIDÊNCIA DO LEGISLATIVO DO ESTADO DE MINAS GERAIS;IPLEMG;1.2.1.9.99.1.1.01.001;DEMAIS CONTRIB. SOC. - PRINC. - CONTRIB. PATRON. CIVIL SAÚDE - SERVIDOR ATIVO;1;2;1;9;99;1;1;1;1;60;1457500;1457500;Estimativa projetada de acordo com a quantidade dos exercentes de madato eletivo e outro civis
2027;2361;INSTITUTO DE PREVIDÊNCIA DO LEGISLATIVO DO ESTADO DE MINAS GERAIS;IPLEMG;1.2.1.9.99.1.1.04.002;DEMAIS CONTRIB. SOC. - PRINC. - IPLEMG - CONTRIB. DO SEGURADO - INATIVO;1;2;1;9;99;1;1;4;2;60;2572500;2572500;Estimativa projetada de acordo com a quantidade das contribuicoes dos segurados inativo
2027;2361;INSTITUTO DE PREVIDÊNCIA DO LEGISLATIVO DO ESTADO DE MINAS GERAIS;IPLEMG;1.2.1.9.99.1.1.04.003;DEMAIS CONTRIB. SOC. - PRINC. - IPLEMG - CONTRIB. DO SEGURADO - PENSIONISTA;1;2;1;9;99;1;1;4;3;60;2275000;2275000;Estimativa projetada de acordo com a quantidade das contribuicoes dos Segurados  Pensionistas
2027;2361;INSTITUTO DE PREVIDÊNCIA DO LEGISLATIVO DO ESTADO DE MINAS GERAIS;IPLEMG;1.2.1.9.99.1.1.04.052;DEMAIS CONTRIB. SOC. - PRINC. - IPLEMG - CONTRIB. PATRONAL - EXERCENTE DE MANDATO ELETIVO FEDERAL OU MUNICIPAL;1;2;1;9;99;1;1;4;52;60;1386000;1386000;Estimativa projetada de acordo com a quantidade das Contribuicoes Patronal Exercente de Mandato Eletivo Fedceral e ou Municipal
2027;2361;INSTITUTO DE PREVIDÊNCIA DO LEGISLATIVO DO ESTADO DE MINAS GERAIS;IPLEMG;1.3.1.1.01.1.1.01.000;ALUGUÉIS ARRENDAMENTOS - PRINC. - ALUGUÉIS;1;3;1;1;1;1;1;1;0;60;52500;52500;Estimativa projetada de acordo com a expectativa de recebimento de alugueis
2027;2361;INSTITUTO DE PREVIDÊNCIA DO LEGISLATIVO DO ESTADO DE MINAS GERAIS;IPLEMG;1.3.2.1.01.0.1.01.000;REMUNERAÇÃO DEPÓSITOS BANCÁRIOS - PRINC.;1;3;2;1;1;0;1;1;0;60;48992000;48992000;Estimativa projetada de acordo com a remuneracao de depositos bancarios
2027;2361;INSTITUTO DE PREVIDÊNCIA DO LEGISLATIVO DO ESTADO DE MINAS GERAIS;IPLEMG;1.3.2.2.01.0.1.02.000;DIVIDENDOS - PRINC. - EMPRESAS NÃO ESTATAIS;1;3;2;2;1;0;1;2;0;60;26250;26250;Estimativa projetada de acordo com dividendos de empresas nao estatais
2027;2361;INSTITUTO DE PREVIDÊNCIA DO LEGISLATIVO DO ESTADO DE MINAS GERAIS;IPLEMG;1.6.4.1.01.0.1.01.000;RETORNO OPER. JUROS ENCARG. FINANCEIROS - PRINC. - JUROS DE EMPRÉSTIMOS;1;6;4;1;1;0;1;1;0;60;1417000;1248000;Estimativa projetada de acordo com o retorno de operacoes juros encargos financeiros juros de emprestimos
2027;2361;INSTITUTO DE PREVIDÊNCIA DO LEGISLATIVO DO ESTADO DE MINAS GERAIS;IPLEMG;1.6.4.1.01.0.1.99.000;RETORNO OPER. JUROS ENCARG. FINANCEIROS - PRINC. - DEMAIS;1;6;4;1;1;0;1;99;0;60;131250;131250;Estimativa projetada de acordo RETORNO OPER JUROS ENCARG FINANCEIROS  PRINC  DEMAIS 
2027;2361;INSTITUTO DE PREVIDÊNCIA DO LEGISLATIVO DO ESTADO DE MINAS GERAIS;IPLEMG;1.9.2.2.99.0.1.99.000;OUTRAS RESTITUIÇÕES - PRINC. - DEMAIS;1;9;2;2;99;0;1;99;0;60;136500;136500;Estimativa projetada de acordo outras restituicoes  Demais
2027;2361;INSTITUTO DE PREVIDÊNCIA DO LEGISLATIVO DO ESTADO DE MINAS GERAIS;IPLEMG;1.9.9.9.99.2.1.99.000;OUTRAS REC. - PRIMÁRIAS - PRINC. - DEMAIS;1;9;9;9;99;2;1;99;0;60;4200000;4200000;Estimativa projetada de acordo com outras receitas  Demais
2027;2361;INSTITUTO DE PREVIDÊNCIA DO LEGISLATIVO DO ESTADO DE MINAS GERAIS;IPLEMG;2.9.9.9.99.0.1.01.000;DEMAIS REC. CAPITAL - PRINC. - RESERVA ATUARIAL;2;9;9;9;99;0;1;1;0;60;23000000;23000000;Estimativa projetada de acordo DEMAIS REC CAPITAL  PRINC  RESERVA ATUARIAL
2027;2361;INSTITUTO DE PREVIDÊNCIA DO LEGISLATIVO DO ESTADO DE MINAS GERAIS;IPLEMG;2.9.9.9.99.0.1.99.000;DEMAIS REC. CAPITAL - PRINC. - DEMAIS;2;9;9;9;99;0;1;99;0;60;9000000;9000000;Estimativa projetada de acordo com demais receitas capital principal  Demais
2027;2361;INSTITUTO DE PREVIDÊNCIA DO LEGISLATIVO DO ESTADO DE MINAS GERAIS;IPLEMG;7.2.1.9.99.1.1.04.051;REC. INTRA. - DEMAIS CONTRIB. SOC. - PRINC. - IPLEMG - CONTRIB. PATRONAL - EXERCENTE DE MANDATO ESTADUAL;7;2;1;9;99;1;1;4;51;60;2915000;3084000;Estimativa projetada de acordo com a REC INTRA  DEMAIS CONTRIB SOC  PRINC  IPLEMG  CONTRIB PATRONAL  EXERCENTE DE MANDATO ESTADUAL
2027;2361;INSTITUTO DE PREVIDÊNCIA DO LEGISLATIVO DO ESTADO DE MINAS GERAIS;IPLEMG;7.9.9.9.99.2.1.05.000;REC. INTRA. - OUTRAS REC. - PRIMÁRIAS - PRINC. - RESERVA TÉCNICA OBRIGATÓRIA - EQUILÍBRIO ATUARIAL;7;9;9;9;99;2;1;5;0;60;11953000;11953000;Estimativa projetada de acordo com a REC INTRA  OUTRAS REC  PRIMARIAS  PRINC  RESERVA TECNICA OBRIGATORIA  EQUILIBRIO ATUARIAL
2027;2371;INSTITUTO MINEIRO DE AGROPECUÁRIA;IMA;1.1.2.2.01.0.1.01.003;TX. PREST. SERV. G. - PRINC. - TX. EXP. - INSTITUTO MINEIRO DE AGROPECUÁRIA - IMA;1;1;2;2;1;0;1;1;3;91;83033567;83033567;Crescimento médio dos últimos 4 anos + IPCA projeção 2026 Boletim Focus Banco Central
2027;2371;INSTITUTO MINEIRO DE AGROPECUÁRIA;IMA;1.3.2.1.01.0.1.01.000;REMUNERAÇÃO DEPÓSITOS BANCÁRIOS - PRINC.;1;3;2;1;1;0;1;1;0;1;1000;1000;VALOR ESTIMADO COM BASE NOS INSTRUMENTOS JURÍDICOS VIGENTES, NAS RESPECTIVAS PREVISÕES DE INGRESSO DE RECURSOS E, QUANDO APLICÁVEL, EM PROPOSTAS DE NOVOS INSTRUMENTOS EM ANÁLISE OU EM FASE DE FORMALIZAÇÃO JUNTO AOS CONCEDENTES.
2027;2371;INSTITUTO MINEIRO DE AGROPECUÁRIA;IMA;1.3.2.1.01.0.1.01.000;REMUNERAÇÃO DEPÓSITOS BANCÁRIOS - PRINC.;1;3;2;1;1;0;1;1;0;24;1000;1000;VALOR ESTIMADO COM BASE NOS INSTRUMENTOS JURÍDICOS VIGENTES, NAS RESPECTIVAS PREVISÕES DE INGRESSO DE RECURSOS E, QUANDO APLICÁVEL, EM PROPOSTAS DE NOVOS INSTRUMENTOS EM ANÁLISE OU EM FASE DE FORMALIZAÇÃO JUNTO AOS CONCEDENTES.
2027;2371;INSTITUTO MINEIRO DE AGROPECUÁRIA;IMA;1.3.2.1.01.0.1.01.000;REMUNERAÇÃO DEPÓSITOS BANCÁRIOS - PRINC.;1;3;2;1;1;0;1;1;0;60;566;566;Correção com IPCA 2025 + IPCA Projeção 2026 Boletim Focus Banco Central
2027;2371;INSTITUTO MINEIRO DE AGROPECUÁRIA;IMA;1.3.2.1.01.0.1.01.000;REMUNERAÇÃO DEPÓSITOS BANCÁRIOS - PRINC.;1;3;2;1;1;0;1;1;0;91;3259;3259;Correção com IPCA 2025 + IPCA Projeção 2026 Boletim Focus Banco Central
2027;2371;INSTITUTO MINEIRO DE AGROPECUÁRIA;IMA;1.6.1.1.01.0.1.25.000;SERVIÇOS ADM. COMERC. GER. - PRINC. - AGROPECUÁRIOS;1;6;1;1;1;0;1;25;0;60;513519;513519;Crescimento médio dos últimos 5 anos + IPCA projeção 2026 Boletim Focus Banco Central
2027;2371;INSTITUTO MINEIRO DE AGROPECUÁRIA;IMA;1.6.1.1.03.0.1.04.000;SERVIÇOS REG. CERTIF. FISCALIZ. - PRINC. - EXPEDIÇÃO DE CERTIFICADOS;1;6;1;1;3;0;1;4;0;60;443097;443097;Crescimento médio dos últimos 5 anos + IPCA projeção 2026 Boletim Focus Banco Central
2027;2371;INSTITUTO MINEIRO DE AGROPECUÁRIA;IMA;1.6.1.1.03.0.1.06.000;SERVIÇOS REG. CERTIF. FISCALIZ. - PRINC. - REGISTRO DO COMÉRCIO;1;6;1;1;3;0;1;6;0;60;1041205;1041205;Correção com IPCA 2025 + IPCA Projeção 2026 Boletim Focus Banco Central
2027;2371;INSTITUTO MINEIRO DE AGROPECUÁRIA;IMA;1.6.1.1.03.0.1.99.000;SERVIÇOS REG. CERTIF. FISCALIZ. - PRINC. - DEMAIS;1;6;1;1;3;0;1;99;0;60;1251228;1251228;Crescimento médio dos últimos 5 anos + IPCA projeção 2026 Boletim Focus Banco Central
2027;2371;INSTITUTO MINEIRO DE AGROPECUÁRIA;IMA;1.6.9.9.99.0.1.01.000;OUTROS SERVIÇOS - PRINC.;1;6;9;9;99;0;1;1;0;60;518719;518719;Correção com IPCA 2025 + IPCA Projeção 2026 Boletim Focus Banco Central
2027;2371;INSTITUTO MINEIRO DE AGROPECUÁRIA;IMA;1.7.1.7.99.0.1.05.002;AGROPECUÁRIA - MINISTÉRIO DA AGRICULTURA, PECUÁRIA E ABASTECIMENTO;1;7;1;7;99;0;1;5;2;1;937200;937200;VALOR ESTIMADO COM BASE NOS INSTRUMENTOS JURÍDICOS VIGENTES, NAS RESPECTIVAS PREVISÕES DE INGRESSO DE RECURSOS E, QUANDO APLICÁVEL, EM PROPOSTAS DE NOVOS INSTRUMENTOS EM ANÁLISE OU EM FASE DE FORMALIZAÇÃO JUNTO AOS CONCEDENTES.
2027;2371;INSTITUTO MINEIRO DE AGROPECUÁRIA;IMA;1.9.2.2.52.0.1.01.000;RESTITUIÇÃO REMUNERAÇÃO FOLHA PAGAMENTO - PESSOAL ATIVO - PRINC.;1;9;2;2;52;0;1;1;0;60;;1000;Inclui as receitas de restituição para fontes já fechadas de pessoal
2027;2371;INSTITUTO MINEIRO DE AGROPECUÁRIA;IMA;1.9.2.2.52.0.1.01.000;RESTITUIÇÃO REMUNERAÇÃO FOLHA PAGAMENTO - PESSOAL ATIVO - PRINC.;1;9;2;2;52;0;1;1;0;91;;1000;Inclui as receitas de restituição para fontes já fechadas de pessoal
2027;2371;INSTITUTO MINEIRO DE AGROPECUÁRIA;IMA;1.9.2.2.99.0.1.99.000;OUTRAS RESTITUIÇÕES - PRINC. - DEMAIS;1;9;2;2;99;0;1;99;0;1;1000;1000;VALOR ESTIMADO COM BASE NOS INSTRUMENTOS JURÍDICOS VIGENTES, NAS RESPECTIVAS PREVISÕES DE INGRESSO DE RECURSOS E, QUANDO APLICÁVEL, EM PROPOSTAS DE NOVOS INSTRUMENTOS EM ANÁLISE OU EM FASE DE FORMALIZAÇÃO JUNTO AOS CONCEDENTES.
2027;2371;INSTITUTO MINEIRO DE AGROPECUÁRIA;IMA;1.9.2.2.99.0.1.99.000;OUTRAS RESTITUIÇÕES - PRINC. - DEMAIS;1;9;2;2;99;0;1;99;0;24;1000;1000;VALOR ESTIMADO COM BASE NOS INSTRUMENTOS JURÍDICOS VIGENTES, NAS RESPECTIVAS PREVISÕES DE INGRESSO DE RECURSOS E, QUANDO APLICÁVEL, EM PROPOSTAS DE NOVOS INSTRUMENTOS EM ANÁLISE OU EM FASE DE FORMALIZAÇÃO JUNTO AOS CONCEDENTES.
2027;2371;INSTITUTO MINEIRO DE AGROPECUÁRIA;IMA;1.9.2.2.99.0.1.99.000;OUTRAS RESTITUIÇÕES - PRINC. - DEMAIS;1;9;2;2;99;0;1;99;0;60;91733;89733;Correção com IPCA 2025 + IPCA Projeção 2026 Boletim Focus Banco Central
2027;2371;INSTITUTO MINEIRO DE AGROPECUÁRIA;IMA;1.9.2.2.99.0.1.99.000;OUTRAS RESTITUIÇÕES - PRINC. - DEMAIS;1;9;2;2;99;0;1;99;0;91;19437;17437;Correção com IPCA 2025 + IPCA Projeção 2026 Boletim Focus Banco Central
2027;2371;INSTITUTO MINEIRO DE AGROPECUÁRIA;IMA;1.9.9.9.99.2.2.99.000;OUTRAS REC. - PRIMÁRIAS - MJM - DEMAIS;1;9;9;9;99;2;2;99;0;60;16943334;16943334;Crescimento médio dos últimos 4 anos + IPCA projeção 2026 Boletim Focus Banco Central
2027;2371;INSTITUTO MINEIRO DE AGROPECUÁRIA;IMA;2.2.1.3.01.0.1.01.000;ALIENAÇÃO BENS MÓVEIS SEMOVENTES - PRINC.;2;2;1;3;1;0;1;1;0;47;180000;180000;Planejamento feito pela Gerência de Logística e Serviços, setor responsável pela realização de leilões
2027;2421;INSTITUTO DE DESENVOLVIMENTO DO NORTE E NORDESTE DE MINAS GERAIS;IDENE;1.3.2.1.01.0.1.01.000;REMUNERAÇÃO DEPÓSITOS BANCÁRIOS - PRINC.;1;3;2;1;1;0;1;1;0;1;2000;2000;VALOR ESTIMADO COM BASE NOS INSTRUMENTOS JURÍDICOS VIGENTES, NAS RESPECTIVAS PREVISÕES DE INGRESSO DE RECURSOS E, QUANDO APLICÁVEL, EM PROPOSTAS DE NOVOS INSTRUMENTOS EM ANÁLISE OU EM FASE DE FORMALIZAÇÃO JUNTO AOS CONCEDENTES.
2027;2421;INSTITUTO DE DESENVOLVIMENTO DO NORTE E NORDESTE DE MINAS GERAIS;IDENE;1.3.2.1.01.0.1.01.000;REMUNERAÇÃO DEPÓSITOS BANCÁRIOS - PRINC.;1;3;2;1;1;0;1;1;0;24;4045000;4045000;VALOR ESTIMADO COM BASE NOS INSTRUMENTOS JURÍDICOS VIGENTES, NAS RESPECTIVAS PREVISÕES DE INGRESSO DE RECURSOS E, QUANDO APLICÁVEL, EM PROPOSTAS DE NOVOS INSTRUMENTOS EM ANÁLISE OU EM FASE DE FORMALIZAÇÃO JUNTO AOS CONCEDENTES.
2027;2421;INSTITUTO DE DESENVOLVIMENTO DO NORTE E NORDESTE DE MINAS GERAIS;IDENE;1.7.1.7.99.0.1.05.003;AGROPECUÁRIA - COMPANHIA DE DESENVOLVIMENTO DOS VALES DO SÃO FRANCISCO E DO PARNAÍBA - CODEVASF;1;7;1;7;99;0;1;5;3;24;10000000;10000000;VALOR ESTIMADO COM BASE NOS INSTRUMENTOS JURÍDICOS VIGENTES, NAS RESPECTIVAS PREVISÕES DE INGRESSO DE RECURSOS E, QUANDO APLICÁVEL, EM PROPOSTAS DE NOVOS INSTRUMENTOS EM ANÁLISE OU EM FASE DE FORMALIZAÇÃO JUNTO AOS CONCEDENTES.
2027;2421;INSTITUTO DE DESENVOLVIMENTO DO NORTE E NORDESTE DE MINAS GERAIS;IDENE;1.7.1.7.99.0.1.05.005;AGROPECUÁRIA - MINISTÉRIO DO DESENVOLVIMENTO REGIONAL;1;7;1;7;99;0;1;5;5;1;955500;955500;VALOR ESTIMADO COM BASE NOS INSTRUMENTOS JURÍDICOS VIGENTES, NAS RESPECTIVAS PREVISÕES DE INGRESSO DE RECURSOS E, QUANDO APLICÁVEL, EM PROPOSTAS DE NOVOS INSTRUMENTOS EM ANÁLISE OU EM FASE DE FORMALIZAÇÃO JUNTO AOS CONCEDENTES.
2027;2421;INSTITUTO DE DESENVOLVIMENTO DO NORTE E NORDESTE DE MINAS GERAIS;IDENE;1.7.1.7.99.0.1.05.008;AGROPECUÁRIA - MINISTÉRIO DE DESENVOLVIMENTO E ASSISTÊNCIA SOCIAL, FAMÍLIA E COMBATE À FOME;1;7;1;7;99;0;1;5;8;24;30000000;30000000;VALOR ESTIMADO COM BASE NOS INSTRUMENTOS JURÍDICOS VIGENTES, NAS RESPECTIVAS PREVISÕES DE INGRESSO DE RECURSOS E, QUANDO APLICÁVEL, EM PROPOSTAS DE NOVOS INSTRUMENTOS EM ANÁLISE OU EM FASE DE FORMALIZAÇÃO JUNTO AOS CONCEDENTES.
2027;2421;INSTITUTO DE DESENVOLVIMENTO DO NORTE E NORDESTE DE MINAS GERAIS;IDENE;1.9.2.2.99.0.1.99.000;OUTRAS RESTITUIÇÕES - PRINC. - DEMAIS;1;9;2;2;99;0;1;99;0;1;2000;2000;VALOR ESTIMADO COM BASE NOS INSTRUMENTOS JURÍDICOS VIGENTES, NAS RESPECTIVAS PREVISÕES DE INGRESSO DE RECURSOS E, QUANDO APLICÁVEL, EM PROPOSTAS DE NOVOS INSTRUMENTOS EM ANÁLISE OU EM FASE DE FORMALIZAÇÃO JUNTO AOS CONCEDENTES.
2027;2421;INSTITUTO DE DESENVOLVIMENTO DO NORTE E NORDESTE DE MINAS GERAIS;IDENE;1.9.2.2.99.0.1.99.000;OUTRAS RESTITUIÇÕES - PRINC. - DEMAIS;1;9;2;2;99;0;1;99;0;24;46000;46000;VALOR ESTIMADO COM BASE NOS INSTRUMENTOS JURÍDICOS VIGENTES, NAS RESPECTIVAS PREVISÕES DE INGRESSO DE RECURSOS E, QUANDO APLICÁVEL, EM PROPOSTAS DE NOVOS INSTRUMENTOS EM ANÁLISE OU EM FASE DE FORMALIZAÇÃO JUNTO AOS CONCEDENTES.
2027;2421;INSTITUTO DE DESENVOLVIMENTO DO NORTE E NORDESTE DE MINAS GERAIS;IDENE;2.4.1.4.99.0.1.07.002;AGROPECUÁRIA - MINISTÉRIO DO DESENVOLVIMENTO REGIONAL;2;4;1;4;99;0;1;7;2;24;1237000;1237000;VALOR ESTIMADO COM BASE NOS INSTRUMENTOS JURÍDICOS VIGENTES, NAS RESPECTIVAS PREVISÕES DE INGRESSO DE RECURSOS E, QUANDO APLICÁVEL, EM PROPOSTAS DE NOVOS INSTRUMENTOS EM ANÁLISE OU EM FASE DE FORMALIZAÇÃO JUNTO AOS CONCEDENTES.
2027;2431;AGÊNCIA DE DESENVOLVIMENTO DA REGIÃO METROPOLITANA DE BELO HORIZONTE;AGÊNCIA RMBH;1.6.1.1.01.0.1.99.001;SERVIÇOS ADM. COMERC. GER. - PRINC. - DEMAIS - SERVIÇOS ADMINISTRATIVOS;1;6;1;1;1;0;1;99;1;60;1404353;1404353;MEDIA DOS VALORES ARRECADADOS NOS ULTIMOS 2 ANOS MAIS 10 DE REAJUSTE DA UFEMGS
2027;2441;AGÊNCIA REGULADORA DE SERVIÇOS DE ABASTECIMENTO DE ÁGUA E DE ESGOTAMENTO SANITÁRIO DO ESTADO DE MINAS GERAIS;ARSAE -MG;1.1.2.1.01.0.1.07.000;TX. INSP. CONTR. FISC. - PRINC. - TX. SEGURANÇA PÚBLICA - TAXA DE REGULAÇÃO E FISCALIZAÇÃO SOBRE SERVIÇOS PÚBLICOS DE ABASTECIMENTO DE ÁGUA E DE ESGOTAMENTO SANITÁRIO;1;1;2;1;1;0;1;7;0;59;50492410;50492410;"A fórmula exata para o cálculo da TFAS (Taxa de Regulação e Fiscalização sobre Serviços Públicos de Abastecimento de Água e de Esgotamento Sanitário), estabelecida no Anexo I da legislação, é a seguinte:
TFAS = (FFASa x EA) + (FFASe x EE)
1. Os Elementos da Fórmula
FFASa (Fator de Água): Representa o custo da fiscalização dos serviços de abastecimento de água, possuindo um valor fixo de 1,2022 Ufemg por economia.
EA (Economias de Água): É a quantidade total de economias de água que a prestadora do serviço atendia no dia 31 de dezembro do exercício anterior.
FFASe (Fator de Esgoto): Representa o custo da fiscalização dos serviços de esgotamento sanitário, possuindo também um valor fixo de 1,2022 Ufemg por economia.
EE (Economias de Esgoto): É a quantidade total de economias de esgoto atendidas pela prestadora no dia 31 de dezembro do exercício anterior.

O Valor para 2027 foi calculado considerando a receita de 2026 mais a variação percentual de 4,8% do valor da Ufemg para 2027.
A receita de 2026 desconsiderando a DREM de R$ 48.179.781,41."
2027;2441;AGÊNCIA REGULADORA DE SERVIÇOS DE ABASTECIMENTO DE ÁGUA E DE ESGOTAMENTO SANITÁRIO DO ESTADO DE MINAS GERAIS;ARSAE -MG;1.1.2.1.01.0.1.08.000;TX. INSP. CONTR. FISC. - PRINC. - TX. SEGURANÇA PÚBLICA - TAXA DE REGULAÇÃO E FISCALIZAÇÃO DOS SERVIÇOS PÚBLICOS DE RESÍDUOS SÓLIDOS;1;1;2;1;1;0;1;8;0;59;2898810;2898810;"Cálculo da TFRSA fórmula para o cálculo da taxa é:
TFRS = CFRS x Economias
Para chegar ao valor, considere os seguintes elementos:
1. Economias Refere-se ao número de unidades consumidoras atendidas pelo serviço de resíduos sólidos no município. Regra Alternativa: Se o dado acima não estiver disponível, utiliza-se o número de economias atendidas pelo abastecimento de água. Data-base: Deve-se utilizar o registro de 31 de dezembro do ano anterior. 
2. CFRS (Custo da Fiscalização e Regulação) Fator expresso em Ufemg, definido conforme o porte populacional do município: Até 15 mil habitantes: 0,14 Ufemg
De 15.001 até 50 mil habitantes: 0,13 Ufemg
De 50.001 até 100 mil habitantes: 0,11 Ufemg
De 100.001 até 150 mil habitantes: 0,09 Ufemg
De 150.001 até 300 mil habitantes: 0,07 Ufemg
Mais de 300 mil habitantes: 0,06 Ufemg"
2027;2441;AGÊNCIA REGULADORA DE SERVIÇOS DE ABASTECIMENTO DE ÁGUA E DE ESGOTAMENTO SANITÁRIO DO ESTADO DE MINAS GERAIS;ARSAE -MG;1.1.2.1.01.0.1.09.000;TX. INSP. CONTR. FISC. - PRINC. - TX. SEGURANÇA PÚBLICA - TAXA DE REGULAÇÃO E FISCALIZAÇÃO DOS SERVIÇOS PÚBLICOS DE DRENAGEM PLUVIAL URBANA;1;1;2;1;1;0;1;9;0;59;6700952;6700952;"TFDP = CFDP x População
Para efetuar este cálculo, são necessários dois elementos fundamentais:
1. População Refere-se à população total do município, baseada na estimativa do Instituto Brasileiro de Geografia e Estatística (IBGE) referente ao ano anterior.
2. CFDP (Custo da Fiscalização e Regulação do Serviço de Drenagem Pluvial Urbana) Trata-se do fator que representa o custo da fiscalização e regulação por cada habitante, expresso em Ufemg. O valor do CFDP varia de acordo com o porte populacional do município e a sua localização geográfica ¿ especificamente se o município pertence ao Semiárido de Minas Gerais (conforme enquadramento da Sudene) ou ao restante do Estado:
Até 15 mil habitantes: 0,042 Ufemg (Semiárido) / 0,060 Ufemg (Restante do Estado)
Mais de 15 mil até 50 mil habitantes: 0,039 Ufemg (Semiárido) / 0,055 Ufemg (Restante do Estado)
Mais de 50 mil até 100 mil habitantes: 0,035 Ufemg (Semiárido) / 0,050 Ufemg (Restante do Estado)
Mais de 100 mil até 150 mil habitantes: 0,032 Ufemg (Semiárido) / 0,045 Ufemg (Restante do Estado)
Mais de 150 mil até 300 mil habitantes: 0,028 Ufemg (Semiárido) / 0,040 Ufemg (Restante do Estado)
Mais de 300 mil habitantes: 0,025 Ufemg "
2027;2441;AGÊNCIA REGULADORA DE SERVIÇOS DE ABASTECIMENTO DE ÁGUA E DE ESGOTAMENTO SANITÁRIO DO ESTADO DE MINAS GERAIS;ARSAE -MG;1.1.2.1.01.0.1.10.000;TX. INSP. CONTR. FISC. - PRINC. - TX. SEGURANÇA PÚBLICA - TAXA DE REGULAÇÃO E FISCALIZAÇÃO DO SERVIÇO DE GÁS CANALIZADO;1;1;2;1;1;0;1;10;0;59;8559640;8559640;"TFGC = CFGC x ER
Os elementos necessários para realizar esse cálculo são:
CFGC (Custo da Fiscalização e Regulação do Serviço de Gás Canalizado): Representa o fator relativo ao custo da fiscalização, correspondendo a 720 (setecentas e vinte) Ufemgs por quilômetro de rede em operação pela concessionária.

ER (Extensão da Rede): Representa a extensão total, medida em quilômetros, da rede de distribuição de gás canalizado que estava em operação pela prestadora do serviço no dia 31 de dezembro do ano anterior ao ano base.
"
2027;2441;AGÊNCIA REGULADORA DE SERVIÇOS DE ABASTECIMENTO DE ÁGUA E DE ESGOTAMENTO SANITÁRIO DO ESTADO DE MINAS GERAIS;ARSAE -MG;1.9.2.2.52.0.1.01.000;RESTITUIÇÃO REMUNERAÇÃO FOLHA PAGAMENTO - PESSOAL ATIVO - PRINC.;1;9;2;2;52;0;1;1;0;59;;1000;Inclui as receitas de restituição que não possuem fontes já fechadas de pessoal
2027;2441;AGÊNCIA REGULADORA DE SERVIÇOS DE ABASTECIMENTO DE ÁGUA E DE ESGOTAMENTO SANITÁRIO DO ESTADO DE MINAS GERAIS;ARSAE -MG;1.9.2.2.99.0.1.99.000;OUTRAS RESTITUIÇÕES - PRINC. - DEMAIS;1;9;2;2;99;0;1;99;0;59;;1000;Inclui as receitas de restituição que não possuem fontes já fechadas de pessoal
2027;2461;AGÊNCIA DE DESENVOLVIMENTO DA REGIÃO METROPOLITANA DO VALE DO AÇO;ARMVA;1.3.2.1.01.0.1.01.000;REMUNERAÇÃO DEPÓSITOS BANCÁRIOS - PRINC.;1;3;2;1;1;0;1;1;0;24;4000;4000;VALOR ESTIMADO COM BASE NOS INSTRUMENTOS JURÍDICOS VIGENTES, NAS RESPECTIVAS PREVISÕES DE INGRESSO DE RECURSOS E, QUANDO APLICÁVEL, EM PROPOSTAS DE NOVOS INSTRUMENTOS EM ANÁLISE OU EM FASE DE FORMALIZAÇÃO JUNTO AOS CONCEDENTES.
2027;2461;AGÊNCIA DE DESENVOLVIMENTO DA REGIÃO METROPOLITANA DO VALE DO AÇO;ARMVA;1.6.1.1.01.0.1.99.001;SERVIÇOS ADM. COMERC. GER. - PRINC. - DEMAIS - SERVIÇOS ADMINISTRATIVOS;1;6;1;1;1;0;1;99;1;60;51000;51000;Para o exercício de 2027, estima-se uma arrecadação no montante de R$ 51.000,00 (cinquenta e um mil reais), valor este apurado com base no comportamento das receitas auferidas por esta Autarquia nos exercícios de 2023 a 2025. A projeção considera a média histórica de arrecadação, bem como a expectativa de manutenção da demanda pelos serviços prestados, ainda que sujeita a variações decorrentes da dinâmica do setor imobiliário.
2027;2461;AGÊNCIA DE DESENVOLVIMENTO DA REGIÃO METROPOLITANA DO VALE DO AÇO;ARMVA;1.9.2.2.99.0.1.99.000;OUTRAS RESTITUIÇÕES - PRINC. - DEMAIS;1;9;2;2;99;0;1;99;0;24;4000;4000;VALOR ESTIMADO COM BASE NOS INSTRUMENTOS JURÍDICOS VIGENTES, NAS RESPECTIVAS PREVISÕES DE INGRESSO DE RECURSOS E, QUANDO APLICÁVEL, EM PROPOSTAS DE NOVOS INSTRUMENTOS EM ANÁLISE OU EM FASE DE FORMALIZAÇÃO JUNTO AOS CONCEDENTES.
2027;2481;DEPARTAMENTO ESTADUAL DE TRÂNSITO DE MINAS GERAIS;DETRANMG;1.3.2.1.01.0.1.01.000;REMUNERAÇÃO DEPÓSITOS BANCÁRIOS - PRINC.;1;3;2;1;1;0;1;1;0;74;0;30000;RECEITA TRANSFERIDA PARA A UNIDADE ORÇAMENTÁRIA DO DETRAN, CONFORME SOLICITADO PELA UO SEPLAG E CONFIRMADO PELA SEC. CASA CIVIL.
2027;2481;DEPARTAMENTO ESTADUAL DE TRÂNSITO DE MINAS GERAIS;DETRANMG;1.9.2.2.99.0.1.99.000;OUTRAS RESTITUIÇÕES - PRINC. - DEMAIS;1;9;2;2;99;0;1;99;0;74;0;1000;RECEITA TRANSFERIDA PARA A UNIDADE ORÇAMENTÁRIA DO DETRAN, CONFORME SOLICITADO PELA UO SEPLAG E CONFIRMADO PELA SEC. CASA CIVIL.
2027;3041;EMPRESA DE ASSISTÊNCIA TÉCNICA E EXTENSÃO RURAL DO ESTADO DE MINAS GERAIS;EMATER;1.3.2.1.01.0.1.01.000;REMUNERAÇÃO DEPÓSITOS BANCÁRIOS - PRINC.;1;3;2;1;1;0;1;1;0;1;1000;1000;VALOR ESTIMADO COM BASE NOS INSTRUMENTOS JURÍDICOS VIGENTES, NAS RESPECTIVAS PREVISÕES DE INGRESSO DE RECURSOS E, QUANDO APLICÁVEL, EM PROPOSTAS DE NOVOS INSTRUMENTOS EM ANÁLISE OU EM FASE DE FORMALIZAÇÃO JUNTO AOS CONCEDENTES.
2027;3041;EMPRESA DE ASSISTÊNCIA TÉCNICA E EXTENSÃO RURAL DO ESTADO DE MINAS GERAIS;EMATER;1.3.2.1.01.0.1.01.000;REMUNERAÇÃO DEPÓSITOS BANCÁRIOS - PRINC.;1;3;2;1;1;0;1;1;0;2;1000;1000;VALOR ESTIMADO COM BASE NOS INSTRUMENTOS JURÍDICOS VIGENTES, NAS RESPECTIVAS PREVISÕES DE INGRESSO DE RECURSOS E, QUANDO APLICÁVEL, EM PROPOSTAS DE NOVOS INSTRUMENTOS EM ANÁLISE OU EM FASE DE FORMALIZAÇÃO JUNTO AOS CONCEDENTES.
2027;3041;EMPRESA DE ASSISTÊNCIA TÉCNICA E EXTENSÃO RURAL DO ESTADO DE MINAS GERAIS;EMATER;1.3.2.1.01.0.1.01.000;REMUNERAÇÃO DEPÓSITOS BANCÁRIOS - PRINC.;1;3;2;1;1;0;1;1;0;24;1000;1000;VALOR ESTIMADO COM BASE NOS INSTRUMENTOS JURÍDICOS VIGENTES, NAS RESPECTIVAS PREVISÕES DE INGRESSO DE RECURSOS E, QUANDO APLICÁVEL, EM PROPOSTAS DE NOVOS INSTRUMENTOS EM ANÁLISE OU EM FASE DE FORMALIZAÇÃO JUNTO AOS CONCEDENTES.
2027;3041;EMPRESA DE ASSISTÊNCIA TÉCNICA E EXTENSÃO RURAL DO ESTADO DE MINAS GERAIS;EMATER;1.6.1.1.01.0.1.28.000;SERVIÇOS ADM. COMERC. GER. - PRINC. - CONSULTORIA, ASSISTÊNCIA TÉCNICA E ANÁLISE DE PROJETOS;1;6;1;1;1;0;1;28;0;60;64000000;64000000;Contratos a serem assinados com os Governos, Federal, Estadual e Municipal e outros parceiros.
2027;3041;EMPRESA DE ASSISTÊNCIA TÉCNICA E EXTENSÃO RURAL DO ESTADO DE MINAS GERAIS;EMATER;1.7.1.7.99.0.1.05.002;AGROPECUÁRIA - MINISTÉRIO DA AGRICULTURA, PECUÁRIA E ABASTECIMENTO;1;7;1;7;99;0;1;5;2;1;1575750;1575750;VALOR ESTIMADO COM BASE NOS INSTRUMENTOS JURÍDICOS VIGENTES, NAS RESPECTIVAS PREVISÕES DE INGRESSO DE RECURSOS E, QUANDO APLICÁVEL, EM PROPOSTAS DE NOVOS INSTRUMENTOS EM ANÁLISE OU EM FASE DE FORMALIZAÇÃO JUNTO AOS CONCEDENTES.
2027;3041;EMPRESA DE ASSISTÊNCIA TÉCNICA E EXTENSÃO RURAL DO ESTADO DE MINAS GERAIS;EMATER;1.7.1.7.99.0.1.05.007;AGROPECUÁRIA - MINISTÉRIO DO DESENVOLVIMENTO AGRÁRIO E AGRICULTURA FAMILIAR;1;7;1;7;99;0;1;5;7;2;23480072;23480072;VALOR ESTIMADO COM BASE NOS INSTRUMENTOS JURÍDICOS VIGENTES, NAS RESPECTIVAS PREVISÕES DE INGRESSO DE RECURSOS E, QUANDO APLICÁVEL, EM PROPOSTAS DE NOVOS INSTRUMENTOS EM ANÁLISE OU EM FASE DE FORMALIZAÇÃO JUNTO AOS CONCEDENTES.
2027;3041;EMPRESA DE ASSISTÊNCIA TÉCNICA E EXTENSÃO RURAL DO ESTADO DE MINAS GERAIS;EMATER;1.7.3.9.99.0.1.09.001;AGROPECUÁRIA - DIVERSOS MUNICÍPIOS;1;7;3;9;99;0;1;9;1;67;;110000000;Inclui receita prevista pela Emater - Previsão de novas receitas na LOA 2027 em relação à LDO 2027
2027;3041;EMPRESA DE ASSISTÊNCIA TÉCNICA E EXTENSÃO RURAL DO ESTADO DE MINAS GERAIS;EMATER;1.9.2.2.52.0.1.01.000;RESTITUIÇÃO REMUNERAÇÃO FOLHA PAGAMENTO - PESSOAL ATIVO - PRINC.;1;9;2;2;52;0;1;1;0;60;;1000;Inclui as receitas de restituição que não possuem fontes já fechadas de pessoal
2027;3041;EMPRESA DE ASSISTÊNCIA TÉCNICA E EXTENSÃO RURAL DO ESTADO DE MINAS GERAIS;EMATER;1.9.2.2.52.0.1.01.000;RESTITUIÇÃO REMUNERAÇÃO FOLHA PAGAMENTO - PESSOAL ATIVO - PRINC.;1;9;2;2;52;0;1;1;0;67;;1000;Inclui as receitas de restituição que não possuem fontes já fechadas de pessoal
2027;3041;EMPRESA DE ASSISTÊNCIA TÉCNICA E EXTENSÃO RURAL DO ESTADO DE MINAS GERAIS;EMATER;1.9.2.2.99.0.1.99.000;OUTRAS RESTITUIÇÕES - PRINC. - DEMAIS;1;9;2;2;99;0;1;99;0;1;1000;1000;VALOR ESTIMADO COM BASE NOS INSTRUMENTOS JURÍDICOS VIGENTES, NAS RESPECTIVAS PREVISÕES DE INGRESSO DE RECURSOS E, QUANDO APLICÁVEL, EM PROPOSTAS DE NOVOS INSTRUMENTOS EM ANÁLISE OU EM FASE DE FORMALIZAÇÃO JUNTO AOS CONCEDENTES.
2027;3041;EMPRESA DE ASSISTÊNCIA TÉCNICA E EXTENSÃO RURAL DO ESTADO DE MINAS GERAIS;EMATER;1.9.2.2.99.0.1.99.000;OUTRAS RESTITUIÇÕES - PRINC. - DEMAIS;1;9;2;2;99;0;1;99;0;2;1000;1000;VALOR ESTIMADO COM BASE NOS INSTRUMENTOS JURÍDICOS VIGENTES, NAS RESPECTIVAS PREVISÕES DE INGRESSO DE RECURSOS E, QUANDO APLICÁVEL, EM PROPOSTAS DE NOVOS INSTRUMENTOS EM ANÁLISE OU EM FASE DE FORMALIZAÇÃO JUNTO AOS CONCEDENTES.
2027;3041;EMPRESA DE ASSISTÊNCIA TÉCNICA E EXTENSÃO RURAL DO ESTADO DE MINAS GERAIS;EMATER;1.9.2.2.99.0.1.99.000;OUTRAS RESTITUIÇÕES - PRINC. - DEMAIS;1;9;2;2;99;0;1;99;0;24;1000;1000;VALOR ESTIMADO COM BASE NOS INSTRUMENTOS JURÍDICOS VIGENTES, NAS RESPECTIVAS PREVISÕES DE INGRESSO DE RECURSOS E, QUANDO APLICÁVEL, EM PROPOSTAS DE NOVOS INSTRUMENTOS EM ANÁLISE OU EM FASE DE FORMALIZAÇÃO JUNTO AOS CONCEDENTES.
2027;3041;EMPRESA DE ASSISTÊNCIA TÉCNICA E EXTENSÃO RURAL DO ESTADO DE MINAS GERAIS;EMATER;1.9.2.2.99.0.1.99.000;OUTRAS RESTITUIÇÕES - PRINC. - DEMAIS;1;9;2;2;99;0;1;99;0;60;;1000;Inclui as receitas de restituição que não possuem fontes já fechadas de pessoal
2027;3041;EMPRESA DE ASSISTÊNCIA TÉCNICA E EXTENSÃO RURAL DO ESTADO DE MINAS GERAIS;EMATER;1.9.2.2.99.0.1.99.000;OUTRAS RESTITUIÇÕES - PRINC. - DEMAIS;1;9;2;2;99;0;1;99;0;67;;1000;Inclui as receitas de restituição que não possuem fontes já fechadas de pessoal
2027;3041;EMPRESA DE ASSISTÊNCIA TÉCNICA E EXTENSÃO RURAL DO ESTADO DE MINAS GERAIS;EMATER;2.4.1.4.53.0.1.04.000;MEIO AMBIENTE - MINISTÉRIO DA INTEGRAÇÃO E DO DESENVOLVIMENTO REGIONAL;2;4;1;4;53;0;1;4;0;24;8117500;8117500;VALOR ESTIMADO COM BASE NOS INSTRUMENTOS JURÍDICOS VIGENTES, NAS RESPECTIVAS PREVISÕES DE INGRESSO DE RECURSOS E, QUANDO APLICÁVEL, EM PROPOSTAS DE NOVOS INSTRUMENTOS EM ANÁLISE OU EM FASE DE FORMALIZAÇÃO JUNTO AOS CONCEDENTES.
2027;3041;EMPRESA DE ASSISTÊNCIA TÉCNICA E EXTENSÃO RURAL DO ESTADO DE MINAS GERAIS;EMATER;2.4.1.4.99.0.1.07.001;AGROPECUÁRIA - MINISTÉRIO DA AGRICULTURA, PECUÁRIA E ABASTECIMENTO;2;4;1;4;99;0;1;7;1;2;802628;802628;VALOR ESTIMADO COM BASE NOS INSTRUMENTOS JURÍDICOS VIGENTES, NAS RESPECTIVAS PREVISÕES DE INGRESSO DE RECURSOS E, QUANDO APLICÁVEL, EM PROPOSTAS DE NOVOS INSTRUMENTOS EM ANÁLISE OU EM FASE DE FORMALIZAÇÃO JUNTO AOS CONCEDENTES.
2027;3051;EMPRESA DE PESQUISA AGROPECUÁRIA DE MINAS GERAIS;EPAMIG;1.3.2.1.01.0.1.01.000;REMUNERAÇÃO DEPÓSITOS BANCÁRIOS - PRINC.;1;3;2;1;1;0;1;1;0;2;1000;1000;VALOR ESTIMADO COM BASE NOS INSTRUMENTOS JURÍDICOS VIGENTES, NAS RESPECTIVAS PREVISÕES DE INGRESSO DE RECURSOS E, QUANDO APLICÁVEL, EM PROPOSTAS DE NOVOS INSTRUMENTOS EM ANÁLISE OU EM FASE DE FORMALIZAÇÃO JUNTO AOS CONCEDENTES.
2027;3051;EMPRESA DE PESQUISA AGROPECUÁRIA DE MINAS GERAIS;EPAMIG;1.3.2.1.01.0.1.01.000;REMUNERAÇÃO DEPÓSITOS BANCÁRIOS - PRINC.;1;3;2;1;1;0;1;1;0;24;1000;1000;VALOR ESTIMADO COM BASE NOS INSTRUMENTOS JURÍDICOS VIGENTES, NAS RESPECTIVAS PREVISÕES DE INGRESSO DE RECURSOS E, QUANDO APLICÁVEL, EM PROPOSTAS DE NOVOS INSTRUMENTOS EM ANÁLISE OU EM FASE DE FORMALIZAÇÃO JUNTO AOS CONCEDENTES.
2027;3051;EMPRESA DE PESQUISA AGROPECUÁRIA DE MINAS GERAIS;EPAMIG;1.3.2.1.01.0.1.01.000;REMUNERAÇÃO DEPÓSITOS BANCÁRIOS - PRINC.;1;3;2;1;1;0;1;1;0;70;1000;1000;VALOR ESTIMADO COM BASE NOS INSTRUMENTOS JURÍDICOS VIGENTES, NAS RESPECTIVAS PREVISÕES DE INGRESSO DE RECURSOS E, QUANDO APLICÁVEL, EM PROPOSTAS DE NOVOS INSTRUMENTOS EM ANÁLISE OU EM FASE DE FORMALIZAÇÃO JUNTO AOS CONCEDENTES.
2027;3051;EMPRESA DE PESQUISA AGROPECUÁRIA DE MINAS GERAIS;EPAMIG;1.4.1.1.01.0.1.01.000;REC. AGROPECUÁRIA - PRINC. - PRODUÇÃO VEGETAL;1;4;1;1;1;0;1;1;0;60;7733550;7733550;"""VALORES PREVISTOS COM BASE NA PRODUÇÃO E COMERCIALIZAÇÃO DOS SEGUINTES INSUMOS QUALIFICADOS:
- 104.200 QUILOS DE SEMENTE DE FEIJÃO TRIGO E CAFÉ, COM ARRECADAÇÃO DE R$1.845.850,00; 
- 170.600 MUDAS, DAS SEGUINTES CULTIVARES: CAFÉ, VIDEIRA, NATIVAS, ORNAMENTAIS E FRUTÍFERAS, COM ARRECADAÇÃO DE R$462.500,00;
- 652.600 QUILOS DE GRÃO DE MILHO, COM ARRECADAÇÃO DE R$773.650,00;
- 6.475 SACAS DE CAFÉ BENEFICIADO, COM ARRECADAÇÃO DE R$4.180.000,00;
- 360 SACAS DE SOJA, COM ARRECADAÇÃO DE R$43.200,00;
- 7.500 CAIXAS DE BANANAS, COM ARRECADAÇÃO DE R$ 249.000,00;
- 2.500 QUILOS DE GRÃO DE FEIJÃO, COM ARRECADAÇÃO DE R$11.250,00;
- 215 METROS CÚBUCOS DE MADEIRA, COM ARRECADAÇÃO DE R$140.000,00
- 8.000 QUILOS DE FRUTAS, COM ARRECADAÇÃO DE R$17.600,00
- 10.000 RAQUETES DE PALMA FORRAGEIRA, COM ARRECADAÇÃO DE R$3.000,00; E
- 50 TONELADAS DE SILAGEM, COM ARRECADAÇÃO DE R$7.500,00.  
A ESTIMATIVA DA RECEITA CONSIDERA OS PREÇOS DAS COMODITES AGROPECUÁRIAS NO MERCADO FUTURO."""
2027;3051;EMPRESA DE PESQUISA AGROPECUÁRIA DE MINAS GERAIS;EPAMIG;1.4.1.1.01.0.1.02.999;REC. AGROPECUÁRIA - PRINC. - PRODUÇÃO ANIMAL DERIVADOS - OUTROS;1;4;1;1;1;0;1;2;999;60;4914821;4914821;"""VALORES PREVISTOS COM BASE NA PRODUÇÃO E COMERCIALIZAÇÃO DOS SEGUINTES PRODUTOS:
- 1.455.392 LITROS DE LEITE IN NATURA, COM ARRECADAÇÃO DE R$3.145.201,00;
- 70 BEZERRAS FIV, COM ARRECADAÇÃO DE R$440.000,00;
- 5 REPRODUTORES DE GADO BOVINO, COM ARRECADAÇÃO DE R$62.000,00;
- 25 MATRIZES DE GADO BOVINO, COM ARRECADAÇÃO DE R$310.000,00;
- 338 CABEÇAS DE GADO BOVINO DESCARTE, COM ARRECADAÇÃO DE R$910.620,00;
- 120.000 ALEVINO DE PEIXE TILÁPIA, COM ARRECADAÇÃO DE R$30.000,00;
- 1.000 QUILOS DE TILÁPIA, COM ARRECADAÇÃO DE R$15.000,00; E
- 1.000 PEIXES ORNAMENTAIS, COM ARRECADAÇÃO DE R$2.000,00.
A ESTIMATIVA DA RECEITA CONSIDERA OS PREÇOS DAS COMODITES AGROPECUÁRIAS NO MERCADO FUTURO."""
2027;3051;EMPRESA DE PESQUISA AGROPECUÁRIA DE MINAS GERAIS;EPAMIG;1.4.1.1.01.0.1.99.000;REC. AGROPECUÁRIA - PRINC. - DEMAIS;1;4;1;1;1;0;1;99;0;60;1000;1000;"""A REDUÇÃO DA RECEITA, EM COMPARAÇÃO AOS EXERCÍCIOS ANTERIORES, DEVE-SE AO FATO DA RECLASSIFICAÇÃO DESTA EM OUTRAS MAIS ADEQUADAS."""
2027;3051;EMPRESA DE PESQUISA AGROPECUÁRIA DE MINAS GERAIS;EPAMIG;1.5.1.1.01.0.1.01.004;REC. INDUSTRIAL - PRINC. - INDÚSTRIA TRANSFORMAÇÃO - INDÚSTRIA DE PRODUTOS ALIMENTARES;1;5;1;1;1;0;1;1;4;60;936949;936949;"""VALORES PREVISTOS COM BASE NA PRODUÇÃO E COMERCIALIZAÇÃO DOS SEGUINTES PRODUTOS, CONSIDERANDO:
- 5.461 QUILOS DE CAFÉ EM PÓ, COM ARRECADAÇÃO DE R$374.000,00;
- 921 LATAS DE DOCE DE LEITE, COM ARRECADAÇÃO DE R$29.447,00;
- 1.960 GARRAFAS DE VINHOS, COM ARRECADAÇÃO DE R$172.221,00;
- 3.763 QUILOS DE QUEIJO, COM ARRECADAÇÃO DE R$178815,00;
- 2.560 GARRAFAS DE AZEITE DE OLIVA, COM ARRECADAÇÃO DE R$158.200,00; E
- 2.427 LITROS DE IORGUTE, COM ARRECADAÇÃO DE R$24.266,00.
A ESTIMATIVA DA RECEITA CONSIDERA OS PREÇOS PRATICADOS PELA EPAMIG, TENDO COMO PARÂMETRO OS VALORES DE MERCADO."""
2027;3051;EMPRESA DE PESQUISA AGROPECUÁRIA DE MINAS GERAIS;EPAMIG;1.6.1.1.01.0.1.24.000;SERVIÇOS ADM. COMERC. GER. - PRINC. - EDUCACIONAIS E CAPACITAÇÃO;1;6;1;1;1;0;1;24;0;60;1000;1000;"""A PREVISÃO DA RECEITA CONSIDERA PREÇO DOS SERVIÇOS PRESTADOS COM CURSOS DE CURTA DURAÇÃO E CAPACITAÇÃO DE PESQUISADORES, ESTENCIONISTAS E DEMAIS PÚBLICOS EXTERNO, CONFORME SEGUE:
- CURSOS NA EXPOQUEIJO, COM ARRECADAÇÃO DE R$1.000,00.
A ESTIMATIVA DA RECEITA CONSIDERA OS PREÇOS PRATICADOS PELA EPAMIG, TENDO COMO PARÂMETRO OS VALORES DE MERCADO."""
2027;3051;EMPRESA DE PESQUISA AGROPECUÁRIA DE MINAS GERAIS;EPAMIG;1.6.1.1.01.0.1.30.000;SERVIÇOS ADM. COMERC. GER. - PRINC. - ESTUDOS E PESQUISA;1;6;1;1;1;0;1;30;0;60;7535100;7535100;"""A PREVISÃO DA RECEITA CONSIDERA PREÇO DOS SERVIÇOS PRESTADOS, BEM COMO AO ADITIVO AO CONTRATO P&D N°4320000360/530 - 4320000361/530, ENTRE EPAMIG, CEMIG E CPQD, CONFORME SEGUE:
- 30.815 ANÁLISES DE SOLO, FOLIAR E DE AZEITE, COM ARRECADAÇÃO DE R$375.100,00; E
- ADITIVO AO CONTRATO P&D N°4320000360/530 - 4320000361/530, ENTRE EPAMIG, CEMIG E CPQD, COM ARRECADAÇÃO DE R$7.160.000,00. 
A ESTIMATIVA DA RECEITA CONSIDERA OS PREÇOS PRATICADOS PELA EPAMIG, TENDO COMO PARÂMETRO OS VALORES DE MERCADO.
"
2027;3051;EMPRESA DE PESQUISA AGROPECUÁRIA DE MINAS GERAIS;EPAMIG;1.6.1.1.04.0.1.02.000;SERVIÇOS INFORMAÇÃO TECNOLOGIA - PRINC. - INFORMAÇÕES CIENTÍFICAS E TECNOLÓGICAS;1;6;1;1;4;0;1;2;0;60;79717;79717;"""A PREVISÃO DA RECEITA CONSIDERA A PRODUÇÃO E COMERCIALIZAÇÃO DE LIVROS, REVISTAS, BOLETINS TÉCNICOS E INSERÇÕES PUBLICITÁRIAS, CONFORME SEGUE:
- COMERCIALIZAÇÃO DE INFORMES AGROPECUÁRIOS, LIVROS E BOLETINS TÉCNICOS, COM ARRECADAÇÃO DE R$64.717,00; E
- INSERÇÕES PUBLICITÁRIAS, COM ARRECADAÇÃO DE R$15.000,00.
A ESTIMATIVA DA RECEITA CONSIDERA OS PREÇOS PRATICADOS PELA EPAMIG, TENDO COMO PARÂMETRO OS VALORES DE MERCADO.""
"
2027;3051;EMPRESA DE PESQUISA AGROPECUÁRIA DE MINAS GERAIS;EPAMIG;1.6.9.9.99.0.1.01.000;OUTROS SERVIÇOS - PRINC.;1;6;9;9;99;0;1;1;0;60;96500;96500;"""A PREVISÃO DA RECEITA CONSIDERA O SERVIÇO DE INDUSTRIALIZAÇÃO DE VINHOS FINOS POR ENCOMENDA, PALESTRAS E CAPACITAÇÕES TÉCNICAS:
- PALESTRAS EXPOQUEIJO, COM ARRECADAÇÃO DE R$76.500,00
- INDUSTRIALIZAÇÃO DE VINHOS FINOS POR ENCOMENDA, COM ARRECADAÇÃO DE R$20.000,00.
A ESTIMATIVA CONSIDERA VALOR DA INDUSTRALIZAÇÃO DE VINHO PARA TERCEIROS E OS PREÇOS DOS SERVIÇOS PRETICADOS PELA EPAMIG, TENDO COMO PARÂMETRO OS VALORES DE MERCADO.""

"
2027;3051;EMPRESA DE PESQUISA AGROPECUÁRIA DE MINAS GERAIS;EPAMIG;1.7.1.7.99.0.1.05.006;AGROPECUÁRIA - EMPRESA BRASILEIRA DE PESQUISA AGROPECUÁRIA - EMBRAPA;1;7;1;7;99;0;1;5;6;24;1107353;1107353;VALOR ESTIMADO COM BASE NOS INSTRUMENTOS JURÍDICOS VIGENTES, NAS RESPECTIVAS PREVISÕES DE INGRESSO DE RECURSOS E, QUANDO APLICÁVEL, EM PROPOSTAS DE NOVOS INSTRUMENTOS EM ANÁLISE OU EM FASE DE FORMALIZAÇÃO JUNTO AOS CONCEDENTES.
2027;3051;EMPRESA DE PESQUISA AGROPECUÁRIA DE MINAS GERAIS;EPAMIG;1.7.1.7.99.0.1.05.009;AGROPECUÁRIA - BANCO DO NORDESTE - BNB;1;7;1;7;99;0;1;5;9;24;50400;50400;VALOR ESTIMADO COM BASE NOS INSTRUMENTOS JURÍDICOS VIGENTES, NAS RESPECTIVAS PREVISÕES DE INGRESSO DE RECURSOS E, QUANDO APLICÁVEL, EM PROPOSTAS DE NOVOS INSTRUMENTOS EM ANÁLISE OU EM FASE DE FORMALIZAÇÃO JUNTO AOS CONCEDENTES.
2027;3051;EMPRESA DE PESQUISA AGROPECUÁRIA DE MINAS GERAIS;EPAMIG;1.7.3.2.99.0.1.08.001;AGROPECUÁRIA - DIVERSOS MUNICÍPIOS;1;7;3;2;99;0;1;8;1;70;106493;321986;VALOR ESTIMADO COM BASE NOS INSTRUMENTOS JURÍDICOS VIGENTES, NAS RESPECTIVAS PREVISÕES DE INGRESSO DE RECURSOS E, QUANDO APLICÁVEL, EM PROPOSTAS DE NOVOS INSTRUMENTOS EM ANÁLISE OU EM FASE DE FORMALIZAÇÃO JUNTO AOS CONCEDENTES.
2027;3051;EMPRESA DE PESQUISA AGROPECUÁRIA DE MINAS GERAIS;EPAMIG;1.9.2.2.99.0.1.99.000;OUTRAS RESTITUIÇÕES - PRINC. - DEMAIS;1;9;2;2;99;0;1;99;0;2;1000;1000;VALOR ESTIMADO COM BASE NOS INSTRUMENTOS JURÍDICOS VIGENTES, NAS RESPECTIVAS PREVISÕES DE INGRESSO DE RECURSOS E, QUANDO APLICÁVEL, EM PROPOSTAS DE NOVOS INSTRUMENTOS EM ANÁLISE OU EM FASE DE FORMALIZAÇÃO JUNTO AOS CONCEDENTES.
2027;3051;EMPRESA DE PESQUISA AGROPECUÁRIA DE MINAS GERAIS;EPAMIG;1.9.2.2.99.0.1.99.000;OUTRAS RESTITUIÇÕES - PRINC. - DEMAIS;1;9;2;2;99;0;1;99;0;24;1000;1000;VALOR ESTIMADO COM BASE NOS INSTRUMENTOS JURÍDICOS VIGENTES, NAS RESPECTIVAS PREVISÕES DE INGRESSO DE RECURSOS E, QUANDO APLICÁVEL, EM PROPOSTAS DE NOVOS INSTRUMENTOS EM ANÁLISE OU EM FASE DE FORMALIZAÇÃO JUNTO AOS CONCEDENTES.
2027;3051;EMPRESA DE PESQUISA AGROPECUÁRIA DE MINAS GERAIS;EPAMIG;1.9.2.2.99.0.1.99.000;OUTRAS RESTITUIÇÕES - PRINC. - DEMAIS;1;9;2;2;99;0;1;99;0;70;1000;1000;VALOR ESTIMADO COM BASE NOS INSTRUMENTOS JURÍDICOS VIGENTES, NAS RESPECTIVAS PREVISÕES DE INGRESSO DE RECURSOS E, QUANDO APLICÁVEL, EM PROPOSTAS DE NOVOS INSTRUMENTOS EM ANÁLISE OU EM FASE DE FORMALIZAÇÃO JUNTO AOS CONCEDENTES.
2027;3051;EMPRESA DE PESQUISA AGROPECUÁRIA DE MINAS GERAIS;EPAMIG;1.9.9.9.99.2.1.99.000;OUTRAS REC. - PRIMÁRIAS - PRINC. - DEMAIS;1;9;9;9;99;2;1;99;0;60;471384;471384;"""A PREVISÃO DA RECEITA CONSIDERA OS VALORES PACTUADOS DOS ARRENDAMENTOS MERCANTIS, CONFORME SEGUE:
- ARRENDAMENTO MERCANTIL, COM ARRECADAÇÃO DE R$471.384,00.
A ESTIMATIVA DA RECEITA CONSIDERA OS PREÇOS PRATICADOS PELA EPAMIG, TENDO COMO PARÂMETRO OS VALORES DE MERCADO."""
2027;3051;EMPRESA DE PESQUISA AGROPECUÁRIA DE MINAS GERAIS;EPAMIG;2.4.3.2.99.0.1.07.001;AGROPECUÁRIA - DIVERSOS MUNICÍPIOS;2;4;3;2;99;0;1;7;1;70;35498;107329;VALOR ESTIMADO COM BASE NOS INSTRUMENTOS JURÍDICOS VIGENTES, NAS RESPECTIVAS PREVISÕES DE INGRESSO DE RECURSOS E, QUANDO APLICÁVEL, EM PROPOSTAS DE NOVOS INSTRUMENTOS EM ANÁLISE OU EM FASE DE FORMALIZAÇÃO JUNTO AOS CONCEDENTES.
2027;3051;EMPRESA DE PESQUISA AGROPECUÁRIA DE MINAS GERAIS;EPAMIG;7.5.1.1.01.0.1.01.004;REC. INTRA. - REC. INDUSTRIAL - PRINC. - INDÚSTRIA TRANSFORMAÇÃO - INDÚSTRIA DE PRODUTOS ALIMENTARES;7;5;1;1;1;0;1;1;4;60;1558452;1558452;"""A PREVISÃO DA RECEITA CONSIDERA OS VALORES PACTUADOS EM CONTRATOS FIRMADOS COM ÓRGÃOS DA ADIMINISTRAÇÃO PÚBLICA ESTADUAL:
- 22.620 QUILOS DE CAFÉ EM PÓ FORNECIDOS PARA ASSEMBLÉIA LEGISLATIVA DE MINAS GERAIS, GABINETE MILITAR DO GOVERNADOR, COMPANHIA DE DESENVOLVIMENTO DE MINAS GERAIS, DENFENSORIA PÚBLICA DO ESTADO DE MINAS GERAIS E MINISTÉRIO PÚBLICO DO ESTADO DE MINAS GERAIS, COM ARRECADAÇÃO DE R$1.558.452,00.
A ESTIMATIVA DA RECEITA CONSIDERA OS PREÇOS PRATICADOS PELA EPAMIG, TENDO COMO PARÂMETRO OS VALORES DE MERCADO."""
2027;3151;EMPRESA MINEIRA DE COMUNICAÇÃO;EMC;1.6.1.1.01.0.1.07.000;SERVIÇOS ADM. COMERC. GER. - PRINC. - COMUNICAÇÃO;1;6;1;1;1;0;1;7;0;60;2500000;2500000;Estimativa baseada na média aritmética dos valores executados em 2024 e 2025, adotando critério de prudência para evitar frustração de receita.
2027;4031;FUNDO ESPECIAL DO PODER JUDICIÁRIO DO ESTADO DE MINAS GERAIS;FEPJ;1.1.2.1.01.0.1.02.000;TX. INSP. CONTR. FISC. - PRINC. - TAXA DE FISCALIZAÇÃO JUDICIÁRIA;1;1;2;1;1;0;1;2;0;77;1966585424;1966585425;Para o ano de 2027 está sendo sugerido um reajuste de 5,59% sobre a projeção de arrecadação para o ano de 2026, sendo 3,79% referente à previsão do IPCA e 1,80% referente à previsão do PIB. Pode haver diferenças para mais ou para menos considerando o cenário econômico.
2027;4031;FUNDO ESPECIAL DO PODER JUDICIÁRIO DO ESTADO DE MINAS GERAIS;FEPJ;1.1.2.1.01.0.2.02.000;TX. INSP. CONTR. FISC. - MJM - TAXA DE FISCALIZAÇÃO JUDICIÁRIA;1;1;2;1;1;0;2;2;0;77;1478932;1478932;Para o ano de 2027 está sendo sugerido um reajuste de 5,59% sobre a projeção de arrecadação para o ano de 2026, sendo 3,79% referente à previsão do IPCA e 1,80% referente à previsão do PIB. Pode haver diferenças para mais ou para menos considerando o cenário econômico.
2027;4031;FUNDO ESPECIAL DO PODER JUDICIÁRIO DO ESTADO DE MINAS GERAIS;FEPJ;1.1.2.1.01.0.3.02.000;TX. INSP. CONTR. FISC. - DA - TAXA DE FISCALIZAÇÃO JUDICIÁRIA;1;1;2;1;1;0;3;2;0;77;249063;253381;Valor estimado a partir da média da receita realizada nos últimos três anos (2023, 2024 e 2025), com projeção para os anos de 2026 e 2027 pelo PIB somado ao IPCA previstos para os respectivos anos, conforme Boletim Focus de 10/04/2026. Receita com arrecadação irregular ao longo dos anos.
2027;4031;FUNDO ESPECIAL DO PODER JUDICIÁRIO DO ESTADO DE MINAS GERAIS;FEPJ;1.1.2.1.01.0.4.02.000;TX. INSP. CONTR. FISC. - DA-MJM - TAXA DE FISCALIZAÇÃO JUDICIÁRIA;1;1;2;1;1;0;4;2;0;77;365707;372048;Valor estimado a partir da média da receita realizada nos últimos três anos (2023, 2024 e 2025), com projeção para os anos de 2026 e 2027 pelo PIB somado ao IPCA previstos para os respectivos anos, conforme Boletim Focus de 10/04/2026. Receita com arrecadação irregular ao longo dos anos.
2027;4031;FUNDO ESPECIAL DO PODER JUDICIÁRIO DO ESTADO DE MINAS GERAIS;FEPJ;1.1.2.2.02.0.1.01.000;EMOLUMENTOS CUSTAS JUDICIAIS - PRINC. - CUSTAS JUDICIAIS - JUSTIÇA COMUM;1;1;2;2;2;0;1;1;0;77;342694206;345970350;"""Utilização dos seguintes Métodos: 
 1) Receitas de 2022 até 2025 atualizados pelo IPCA-Acumulado;
 2) Receitas de 2026 são os valores da Planilha GEREC;
 3) Para as Receitas de 2027 aplicou-se o percentual relativo à Taxa Anual de Crescimento Médio da Distribuição de Feitos no período (5,02% - pelo método da regressão logarítimica) + IPCA projetado para o ano de 2026 (4,10% - pelo Banco Central)."""
2027;4031;FUNDO ESPECIAL DO PODER JUDICIÁRIO DO ESTADO DE MINAS GERAIS;FEPJ;1.1.2.2.02.0.1.02.000;EMOLUMENTOS CUSTAS JUDICIAIS - PRINC. - CUSTAS JUDICIAIS - JUIZADO ESPECIAL;1;1;2;2;2;0;1;2;0;77;26412444;26669016;"""Utilização dos seguintes Métodos: 
 1) Receitas de 2022 até 2025 atualizados pelo IPCA-Acumulado;
 2) Receitas de 2026 são os valores da Planilha GEREC;
 3) Para as Receitas de 2027 aplicou-se o percentual relativo à Taxa Anual de Crescimento Médio da Distribuição de Feitos no período (5,02% - pelo método da regressão logarítimica) + IPCA projetado para o ano de 2026 (4,10% - pelo Banco Central)."""
2027;4031;FUNDO ESPECIAL DO PODER JUDICIÁRIO DO ESTADO DE MINAS GERAIS;FEPJ;1.1.2.2.02.0.1.03.000;EMOLUMENTOS CUSTAS JUDICIAIS - PRINC. - TAXA JUDICIÁRIA;1;1;2;2;2;0;1;3;0;77;212026747;214084459;"""Utilização dos seguintes Métodos: 
 1) Receitas de 2022 até 2025 atualizados pelo IPCA-Acumulado;
 2) Receitas de 2026 são os valores da Planilha GEREC;
 3) Para as Receitas de 2027 aplicou-se o percentual relativo à Taxa Anual de Crescimento Médio da Distribuição de Feitos no período (5,02% - pelo método da regressão logarítimica) + IPCA projetado para o ano de 2026 (4,10% - pelo Banco Central)."""
2027;4031;FUNDO ESPECIAL DO PODER JUDICIÁRIO DO ESTADO DE MINAS GERAIS;FEPJ;1.1.2.2.02.0.2.01.000;EMOLUMENTOS CUSTAS JUDICIAIS - MJM - CUSTAS JUDICIAIS - JUSTIÇA COMUM;1;1;2;2;2;0;2;1;0;77;508;516;Valor estimado a partir da média da receita realizada nos últimos três anos (2023, 2024 e 2025), com projeção para os anos de 2026 e 2027 pelo PIB somado ao IPCA previstos para os respectivos anos, conforme Boletim Focus de 10/04/2026. Receita com arrecadação irregular ao longo dos anos.
2027;4031;FUNDO ESPECIAL DO PODER JUDICIÁRIO DO ESTADO DE MINAS GERAIS;FEPJ;1.1.2.2.02.0.2.02.000;EMOLUMENTOS CUSTAS JUDICIAIS - MJM - CUSTAS JUDICIAIS - JUIZADO ESPECIAL;1;1;2;2;2;0;2;2;0;77;75;77;Valor estimado a partir da média da receita realizada nos últimos três anos (2023, 2024 e 2025), com projeção para os anos de 2026 e 2027 pelo PIB somado ao IPCA previstos para os respectivos anos, conforme Boletim Focus de 10/04/2026. Receita com arrecadação irregular ao longo dos anos.
2027;4031;FUNDO ESPECIAL DO PODER JUDICIÁRIO DO ESTADO DE MINAS GERAIS;FEPJ;1.1.2.2.02.0.2.03.000;EMOLUMENTOS CUSTAS JUDICIAIS - MJM - TAXA JUDICIÁRIA;1;1;2;2;2;0;2;3;0;77;849224;863949;Valor estimado a partir da média da receita realizada nos últimos três anos (2023, 2024 e 2025), com projeção para os anos de 2026 e 2027 pelo PIB somado ao IPCA previstos para os respectivos anos, conforme Boletim Focus de 10/04/2026. Receita com arrecadação irregular ao longo dos anos.
2027;4031;FUNDO ESPECIAL DO PODER JUDICIÁRIO DO ESTADO DE MINAS GERAIS;FEPJ;1.1.2.2.02.0.3.01.000;EMOLUMENTOS CUSTAS JUDICIAIS - DA - CUSTAS JUDICIAIS - JUSTIÇA COMUM;1;1;2;2;2;0;3;1;0;77;9151143;9309817;Valor estimado a partir da média da receita realizada nos últimos três anos (2023, 2024 e 2025), com projeção para os anos de 2026 e 2027 pelo PIB somado ao IPCA previstos para os respectivos anos, conforme Boletim Focus de 10/04/2026. Receita com arrecadação irregular ao longo dos anos.
2027;4031;FUNDO ESPECIAL DO PODER JUDICIÁRIO DO ESTADO DE MINAS GERAIS;FEPJ;1.1.2.2.02.0.3.02.000;EMOLUMENTOS CUSTAS JUDICIAIS - DA - CUSTAS JUDICIAIS - JUIZADO ESPECIAL;1;1;2;2;2;0;3;2;0;77;1032757;1050665;Valor estimado a partir da média da receita realizada nos últimos três anos (2023, 2024 e 2025), com projeção para os anos de 2026 e 2027 pelo PIB somado ao IPCA previstos para os respectivos anos, conforme Boletim Focus de 10/04/2026. Receita com arrecadação irregular ao longo dos anos.
2027;4031;FUNDO ESPECIAL DO PODER JUDICIÁRIO DO ESTADO DE MINAS GERAIS;FEPJ;1.1.2.2.02.0.3.03.000;EMOLUMENTOS CUSTAS JUDICIAIS - DA - TAXA JUDICIÁRIA;1;1;2;2;2;0;3;3;0;77;4368406;4444151;Valor estimado a partir da média da receita realizada nos últimos três anos (2023, 2024 e 2025), com projeção para os anos de 2026 e 2027 pelo PIB somado ao IPCA previstos para os respectivos anos, conforme Boletim Focus de 10/04/2026. Receita com arrecadação irregular ao longo dos anos.
2027;4031;FUNDO ESPECIAL DO PODER JUDICIÁRIO DO ESTADO DE MINAS GERAIS;FEPJ;1.1.2.2.02.0.4.01.000;EMOLUMENTOS CUSTAS JUDICIAIS - DA-MJM - CUSTAS JUDICIAIS - JUSTIÇA COMUM;1;1;2;2;2;0;4;1;0;77;1751507;1781877;Valor estimado a partir da média da receita realizada nos últimos três anos (2023, 2024 e 2025), com projeção para os anos de 2026 e 2027 pelo PIB somado ao IPCA previstos para os respectivos anos, conforme Boletim Focus de 10/04/2026. Receita com arrecadação irregular ao longo dos anos.
2027;4031;FUNDO ESPECIAL DO PODER JUDICIÁRIO DO ESTADO DE MINAS GERAIS;FEPJ;1.1.2.2.02.0.4.02.000;EMOLUMENTOS CUSTAS JUDICIAIS - DA-MJM - CUSTAS JUDICIAIS - JUIZADO ESPECIAL;1;1;2;2;2;0;4;2;0;77;4368406;4444151;Valor estimado a partir da média da receita realizada nos últimos três anos (2023, 2024 e 2025), com projeção para os anos de 2026 e 2027 pelo PIB somado ao IPCA previstos para os respectivos anos, conforme Boletim Focus de 10/04/2026. Receita com arrecadação irregular ao longo dos anos.
2027;4031;FUNDO ESPECIAL DO PODER JUDICIÁRIO DO ESTADO DE MINAS GERAIS;FEPJ;1.1.2.2.02.0.4.03.000;EMOLUMENTOS CUSTAS JUDICIAIS - DA-MJM - TAXA JUDICIÁRIA;1;1;2;2;2;0;4;3;0;77;849224;863949;Valor estimado a partir da média da receita realizada nos últimos três anos (2023, 2024 e 2025), com projeção para os anos de 2026 e 2027 pelo PIB somado ao IPCA previstos para os respectivos anos, conforme Boletim Focus de 10/04/2026. Receita com arrecadação irregular ao longo dos anos.
2027;4031;FUNDO ESPECIAL DO PODER JUDICIÁRIO DO ESTADO DE MINAS GERAIS;FEPJ;1.3.1.1.02.0.1.01.000;CONC. PERM. AUTOR. CESSÃO DIR. USO BENS IMÓV. PÚB. - PRINC. - CONCESSÃO DE DIREITO REAL DE USO DE ÁREA PÚBLICA;1;3;1;1;2;0;1;1;0;60;1168739;1168739;Os valores apresentados correspondem às formalização ocorridas até a presente data (31/03/2026). Os valores foram previstos conforme a data base do aniversário do reajuste e índice IPCA.
2027;4031;FUNDO ESPECIAL DO PODER JUDICIÁRIO DO ESTADO DE MINAS GERAIS;FEPJ;1.3.2.1.01.0.1.01.000;REMUNERAÇÃO DEPÓSITOS BANCÁRIOS - PRINC.;1;3;2;1;1;0;1;1;0;60;862416503;789350794;Após previsto o saldo para  final de dezembro/26 no Fluxo de Caixa, foi confeccionada a planilha de previsão dos saldos mensais ao longo do ano de 2027 seguindo a tendência de evolução, conforme as projeções de entrada e saídas de recursos. Do final de dezembro/26 foram deduzidos os saldos das contas de depósitos judiciais em poder do FEPJ .Sobre esses saldos foram aplicadas as rentabilidades previstas para os fundos de acordo com a evolução da taxa Selic/CDI previstas para 2027, ( Projeções obtidas por pesquisa  ao mercado financeiro, relatório Focus e as Assets do Itaú, BB e CEF).
2027;4031;FUNDO ESPECIAL DO PODER JUDICIÁRIO DO ESTADO DE MINAS GERAIS;FEPJ;1.3.2.1.01.0.1.01.000;REMUNERAÇÃO DEPÓSITOS BANCÁRIOS - PRINC.;1;3;2;1;1;0;1;1;0;70;9454;10341;Rendimentos calculados sobre os saldos médios das contas de convênio Municipais/Estadual previsto para o ano de 2027. Sobre esses saldos utilizamos as rentabilidades previstas para os fundos, calculadas  de acordo com a evolução da Taxa Selic/CDI previstas para 2027, com a média das previsões pesquisadas junto ao mercado financeiro, relatório Focus e as Assets do Itaú, BB e CEF.
2027;4031;FUNDO ESPECIAL DO PODER JUDICIÁRIO DO ESTADO DE MINAS GERAIS;FEPJ;1.3.6.1.01.1.1.01.000;CESSÃO DIR. OPERAC. PAG. - PODERES EXECUTIVO LEGISLATIVO - PRINC. - FOLHA DE PESSOAL;1;3;6;1;1;1;1;1;0;60;171619645;171619645;Valor da licitação anterior, corrigido monetariamente pela variação histórica do IPCA até 2026 somado ao previsto para 2027.
2027;4031;FUNDO ESPECIAL DO PODER JUDICIÁRIO DO ESTADO DE MINAS GERAIS;FEPJ;1.6.1.1.01.0.1.01.000;SERVIÇOS ADM. COMERC. GER. - PRINC. - ADMINISTRAÇÃO DE DEPÓSITOS JUDICIAIS;1;6;1;1;1;0;1;1;0;60;600052846;688932471;Base de cálculo: Projeção do saldo médio dos depósitos judicias com base na tendência do crescimento histórico mensal. Para o cálculo da reciprocidade, foi considerada a variação da SELIC ao longo do ano orçamentário (baseada em pesquisa junto aos bancos Itaú, Caixa Econômica Federal e Banco do Brasil e relatório Focus, datado de 20/03/2026) e aplicado o percentual de acordo com a tabela majorada devido ao aumento do saldo médio previsto na cláusula 10.3 do contrato 425/2022 vigente.
2027;4031;FUNDO ESPECIAL DO PODER JUDICIÁRIO DO ESTADO DE MINAS GERAIS;FEPJ;1.6.1.1.01.0.1.23.002;SERVIÇOS ADM. COMERC. GER. - PRINC. - PODER JUDIC. - DESPESAS PROCESSUAIS;1;6;1;1;1;0;1;23;2;60;46798656;47248140;"""Utilização dos seguintes Métodos: 
 1) Receitas de 2022 até 2025 atualizados pelo IPCA-Acumulado;
 2) Receitas de 2026 são os valores da Planilha GEREC;
 3) Para as Receitas de 2027 aplicou-se o percentual relativo à Taxa Anual de Crescimento Médio da Distribuição de Feitos no período (5,02% - pelo método da regressão logarítimica) + IPCA projetado para o ano de 2026 (4,10% - pelo Banco Central)."""
2027;4031;FUNDO ESPECIAL DO PODER JUDICIÁRIO DO ESTADO DE MINAS GERAIS;FEPJ;1.6.1.1.01.0.1.23.003;SERVIÇOS ADM. COMERC. GER. - PRINC. - PODER JUDIC. - VERBA INDENIZATÓRIA DE TRANSPORTE CUSTEADA PELAS PARTES;1;6;1;1;1;0;1;23;3;61;91459092;91724664;"""Foram adotados os seguintes parâmetros:
1) estimativa efetiva de receita de 2025 como base de cálculo;
2) aplicação do percentual de 4,68% para projeção da receita de 2026, mais 9% considerando a média de execução nos últimos ano, para apuração da projeção de 2027;
3) acréscimo do IPCA de 4,36%, apurado em abril do corrente ano, sobre o valor projetado para 2027."""
2027;4031;FUNDO ESPECIAL DO PODER JUDICIÁRIO DO ESTADO DE MINAS GERAIS;FEPJ;1.6.1.1.01.0.2.23.002;SERVIÇOS ADM. COMERC. GER. - MJM - PODER JUDIC. - DESPESAS PROCESSUAIS;1;6;1;1;1;0;2;23;2;60;166;169;Valor estimado a partir da média da receita realizada nos últimos três anos (2023, 2024 e 2025), com projeção para os anos de 2026 e 2027 pelo PIB somado ao IPCA previstos para os respectivos anos, conforme Boletim Focus de 10/04/2026. Receita com arrecadação irregular ao longo dos anos.
2027;4031;FUNDO ESPECIAL DO PODER JUDICIÁRIO DO ESTADO DE MINAS GERAIS;FEPJ;1.6.1.1.01.0.3.23.002;SERVIÇOS ADM. COMERC. GER. - DA - PODER JUDIC. - DESPESAS PROCESSUAIS;1;6;1;1;1;0;3;23;2;60;2487006;2530129;Valor estimado a partir da média da receita realizada nos últimos três anos (2023, 2024 e 2025), com projeção para os anos de 2026 e 2027 pelo PIB somado ao IPCA previstos para os respectivos anos, conforme Boletim Focus de 10/04/2026. Receita com arrecadação irregular ao longo dos anos.
2027;4031;FUNDO ESPECIAL DO PODER JUDICIÁRIO DO ESTADO DE MINAS GERAIS;FEPJ;1.6.1.1.01.0.4.23.002;SERVIÇOS ADM. COMERC. GER. - DA-MJM - PODER JUDIC. - DESPESAS PROCESSUAIS;1;6;1;1;1;0;4;23;2;60;487297;495747;Valor estimado a partir da média da receita realizada nos últimos três anos (2023, 2024 e 2025), com projeção para os anos de 2026 e 2027 pelo PIB somado ao IPCA previstos para os respectivos anos, conforme Boletim Focus de 10/04/2026. Receita com arrecadação irregular ao longo dos anos.
2027;4031;FUNDO ESPECIAL DO PODER JUDICIÁRIO DO ESTADO DE MINAS GERAIS;FEPJ;1.6.1.1.02.0.1.01.000;INSCRIÇÃO CONCURSOS PROCESSOS SELETIVOS - PRINC.;1;6;1;1;2;0;1;1;0;60;13040000;13040000;"Concurso de Servidores: Previsão de recolhimento da arrecadação em fevereiro/2027. O valor médio da taxa de inscrição é de R$ 120,00, com estimativa média de 100.000 candidatos, com base nas últimas estimativas em contratos do TJMG. 
Concurso Extrajudicial: Previsão de recolhimento da arrecadação em maio/2027. A taxa de inscrição é de R$ 400,00, com número estimado de 2.600 candidatos, obtido mediante a aplicação do gráfico de tendência e atualização com o número de inscritos no Concurso 1/2024."
2027;4031;FUNDO ESPECIAL DO PODER JUDICIÁRIO DO ESTADO DE MINAS GERAIS;FEPJ;1.6.1.1.04.0.1.05.000;SERVIÇOS INFORMAÇÃO TECNOLOGIA - PRINC. - PROCESSAMENTO DAS CONSIGNAÇÕES DA FOLHA DE PESSOAL;1;6;1;1;4;0;1;5;0;60;2620334;2620334;"""Considerado crescimento mensal de 2% (dois por cento) Base legal: Resolução 853/2017 Valores relativos a retenção de 1%"""
2027;4031;FUNDO ESPECIAL DO PODER JUDICIÁRIO DO ESTADO DE MINAS GERAIS;FEPJ;1.6.9.9.99.0.1.01.000;OUTROS SERVIÇOS - PRINC.;1;6;9;9;99;0;1;1;0;60;6000;6000;Receita de difícil estimativa, sem arrecadação no ano de 2025, mas com possibilidade de arrecadação futura. 
2027;4031;FUNDO ESPECIAL DO PODER JUDICIÁRIO DO ESTADO DE MINAS GERAIS;FEPJ;1.7.3.2.99.0.1.05.001;AÇÕES JUDICIÁRIAS - DIVERSOS MUNICÍPIOS;1;7;3;2;99;0;1;5;1;70;1020000;1020000;Valores estimados com base no cronograma de desembolso financeiro de cada convênio. Considerou-se ainda a possibilidade de celebração de novo convênio para o mesmo objeto.
2027;4031;FUNDO ESPECIAL DO PODER JUDICIÁRIO DO ESTADO DE MINAS GERAIS;FEPJ;1.9.1.1.01.0.1.08.001;MULTAS LEGISL. ESPECÍFICA - PRINC. - MULTA ADM. DISCIPLINAR - NOTÁRIOS REGISTRADORES - PRINC.;1;9;1;1;1;0;1;8;1;60;1572294;1572294;Para o ano de 2027 está sendo sugerido um reajuste de 5,59% sobre a projeção de arrecadação para o ano de 2026, sendo 3,79% referente à previsão do IPCA e 1,80% referente à previsão do PIB. Pode haver diferenças para mais ou para menos considerando o cenário econômico.
2027;4031;FUNDO ESPECIAL DO PODER JUDICIÁRIO DO ESTADO DE MINAS GERAIS;FEPJ;1.9.1.1.01.0.1.08.002;MULTAS LEGISL. ESPECÍFICA - PRINC. - MULTA ADM. DISCIPLINAR - NOTÁRIOS REGISTRADORES - CORREÇÃO MONETÁRIA;1;9;1;1;1;0;1;8;2;60;18342;18342;Para o ano de 2027 está sendo sugerido um reajuste de 5,59% sobre a projeção de arrecadação para o ano de 2026, sendo 3,79% referente à previsão do IPCA e 1,80% referente à previsão do PIB. Pode haver diferenças para mais ou para menos considerando o cenário econômico.
2027;4031;FUNDO ESPECIAL DO PODER JUDICIÁRIO DO ESTADO DE MINAS GERAIS;FEPJ;1.9.1.1.01.0.2.08.001;MULTAS LEGISL. ESPECÍFICA - MJM - MULTA ADM. DISCIPLINAR - NOTÁRIOS REGISTRADORES - PRINC.;1;9;1;1;1;0;2;8;1;60;12829;12829;"Para o ano de 2026 está sendo sugerido um reajuste de 6,10% sobre a projeção de arrecadação para o ano de 2025, sendo 4,40% referente à previsão do IPCA e 1,70% referente à previsão do PIB.
Pode haver diferenças para mais ou para menos considerando o cenário econômico."
2027;4031;FUNDO ESPECIAL DO PODER JUDICIÁRIO DO ESTADO DE MINAS GERAIS;FEPJ;1.9.1.1.01.0.3.08.001;MULTAS LEGISL. ESPECÍFICA - DA - MULTA ADM. DISCIPLINAR - NOTÁRIOS REGISTRADORES - PRINC.;1;9;1;1;1;0;3;8;1;60;27552;28030;Receita de difícil estimativa, sem arrecadação no ano de 2025, mas com possibilidade de arrecadação futura. 
2027;4031;FUNDO ESPECIAL DO PODER JUDICIÁRIO DO ESTADO DE MINAS GERAIS;FEPJ;1.9.1.1.08.0.1.01.000;MULTAS SENTENÇAS JUDICIAIS - PRINC. - MULTAS PECUNIÁRIAS E JUROS DE MORA;1;9;1;1;8;0;1;1;0;77;3595740;3630672;"""Utilização dos seguintes Métodos: 
 1) Receitas de 2022 até 2025 atualizados pelo IPCA-Acumulado;
 2) Receitas de 2026 são os valores da Planilha GEREC;
 3) Para as Receitas de 2027 aplicou-se o percentual relativo à Taxa Anual de Crescimento Médio da Distribuição de Feitos no período (5,02% - pelo método da regressão logarítimica) + IPCA projetado para o ano de 2026 (4,10% - pelo Banco Central)."""
2027;4031;FUNDO ESPECIAL DO PODER JUDICIÁRIO DO ESTADO DE MINAS GERAIS;FEPJ;1.9.1.1.08.0.3.01.000;MULTAS SENTENÇAS JUDICIAIS - DA - MULTAS PECUNIÁRIAS E JUROS DE MORA;1;9;1;1;8;0;3;1;0;77;72452;73708;Valor estimado a partir da média da receita realizada nos últimos três anos (2023, 2024 e 2025), com projeção para os anos de 2026 e 2027 pelo PIB somado ao IPCA previstos para os respectivos anos, conforme Boletim Focus de 10/04/2026. Receita com arrecadação irregular ao longo dos anos.
2027;4031;FUNDO ESPECIAL DO PODER JUDICIÁRIO DO ESTADO DE MINAS GERAIS;FEPJ;1.9.1.1.08.0.4.01.000;MULTAS SENTENÇAS JUDICIAIS - DA-MJM - MULTAS PECUNIÁRIAS E JUROS DE MORA;1;9;1;1;8;0;4;1;0;77;9308;9470;Valor estimado a partir da média da receita realizada nos últimos três anos (2023, 2024 e 2025), com projeção para os anos de 2026 e 2027 pelo PIB somado ao IPCA previstos para os respectivos anos, conforme Boletim Focus de 10/04/2026. Receita com arrecadação irregular ao longo dos anos.
2027;4031;FUNDO ESPECIAL DO PODER JUDICIÁRIO DO ESTADO DE MINAS GERAIS;FEPJ;1.9.1.1.09.0.1.99.000;MULTAS JUROS PREVISTOS CONTRATOS - PRINC. - DEMAIS;1;9;1;1;9;0;1;99;0;60;3862288;3929257;Valor estimado a partir da média da receita realizada nos últimos três anos (2023, 2024 e 2025), com projeção para os anos de 2026 e 2027 pelo PIB somado ao IPCA previstos para os respectivos anos, conforme Boletim Focus de 10/04/2026. Receita com arrecadação irregular ao longo dos anos.
2027;4031;FUNDO ESPECIAL DO PODER JUDICIÁRIO DO ESTADO DE MINAS GERAIS;FEPJ;1.9.1.1.09.0.1.99.000;MULTAS JUROS PREVISTOS CONTRATOS - PRINC. - DEMAIS;1;9;1;1;9;0;1;99;0;77;1349269;1372664;Valor estimado a partir da média da receita realizada nos últimos três anos (2023, 2024 e 2025), com projeção para os anos de 2026 e 2027 pelo PIB somado ao IPCA previstos para os respectivos anos, conforme Boletim Focus de 10/04/2026. Receita com arrecadação irregular ao longo dos anos.
2027;4031;FUNDO ESPECIAL DO PODER JUDICIÁRIO DO ESTADO DE MINAS GERAIS;FEPJ;1.9.1.1.09.0.3.99.000;MULTAS JUROS PREVISTOS CONTRATOS - DA;1;9;1;1;9;0;3;99;0;60;579500;589548;Valor estimado a partir da média da receita realizada nos últimos três anos (2023, 2024 e 2025), com projeção para os anos de 2026 e 2027 pelo PIB somado ao IPCA previstos para os respectivos anos, conforme Boletim Focus de 10/04/2026. Receita com arrecadação irregular ao longo dos anos.
2027;4031;FUNDO ESPECIAL DO PODER JUDICIÁRIO DO ESTADO DE MINAS GERAIS;FEPJ;1.9.1.1.09.0.3.99.000;MULTAS JUROS PREVISTOS CONTRATOS - DA;1;9;1;1;9;0;3;99;0;77;83910;85364;Valor estimado a partir da média da receita realizada nos últimos três anos (2023, 2024 e 2025), com projeção para os anos de 2026 e 2027 pelo PIB somado ao IPCA previstos para os respectivos anos, conforme Boletim Focus de 10/04/2026. Receita com arrecadação irregular ao longo dos anos.
2027;4031;FUNDO ESPECIAL DO PODER JUDICIÁRIO DO ESTADO DE MINAS GERAIS;FEPJ;1.9.1.1.09.0.4.99.000;MULTAS JUROS PREVISTOS CONTRATOS - DA-MJM - DEMAIS;1;9;1;1;9;0;4;99;0;60;290294;295327;Valor estimado a partir da média da receita realizada nos últimos três anos (2023, 2024 e 2025), com projeção para os anos de 2026 e 2027 pelo PIB somado ao IPCA previstos para os respectivos anos, conforme Boletim Focus de 10/04/2026. Receita com arrecadação irregular ao longo dos anos.
2027;4031;FUNDO ESPECIAL DO PODER JUDICIÁRIO DO ESTADO DE MINAS GERAIS;FEPJ;1.9.1.1.09.0.4.99.000;MULTAS JUROS PREVISTOS CONTRATOS - DA-MJM - DEMAIS;1;9;1;1;9;0;4;99;0;77;6000;6000;Receita de difícil estimativa, sem arrecadação nos anos anteriores, mas com possibilidade de arrecadação futura.
2027;4031;FUNDO ESPECIAL DO PODER JUDICIÁRIO DO ESTADO DE MINAS GERAIS;FEPJ;1.9.2.1.99.0.1.99.000;OUTRAS INDENIZAÇÕES - PRINC. - DEMAIS;1;9;2;1;99;0;1;99;0;60;207312;210907;Valor estimado a partir da média da receita realizada nos últimos três anos (2023, 2024 e 2025), com projeção para os anos de 2026 e 2027 pelo PIB somado ao IPCA previstos para os respectivos anos, conforme Boletim Focus de 10/04/2026. Receita com arrecadação irregular ao longo dos anos.
2027;4031;FUNDO ESPECIAL DO PODER JUDICIÁRIO DO ESTADO DE MINAS GERAIS;FEPJ;1.9.2.1.99.0.1.99.000;OUTRAS INDENIZAÇÕES - PRINC. - DEMAIS;1;9;2;1;99;0;1;99;0;77;26353;26810;Valor estimado a partir da média da receita realizada nos últimos três anos (2023, 2024 e 2025), com projeção para os anos de 2026 e 2027 pelo PIB somado ao IPCA previstos para os respectivos anos, conforme Boletim Focus de 10/04/2026. Receita com arrecadação irregular ao longo dos anos.
2027;4031;FUNDO ESPECIAL DO PODER JUDICIÁRIO DO ESTADO DE MINAS GERAIS;FEPJ;1.9.2.2.99.0.1.99.000;OUTRAS RESTITUIÇÕES - PRINC. - DEMAIS;1;9;2;2;99;0;1;99;0;60;737414;750200;Valor estimado a partir da média da receita realizada nos últimos três anos (2023, 2024 e 2025), com projeção para os anos de 2026 e 2027 pelo PIB somado ao IPCA previstos para os respectivos anos, conforme Boletim Focus de 10/04/2026. Receita com arrecadação irregular ao longo dos anos.
2027;4031;FUNDO ESPECIAL DO PODER JUDICIÁRIO DO ESTADO DE MINAS GERAIS;FEPJ;1.9.2.2.99.0.1.99.000;OUTRAS RESTITUIÇÕES - PRINC. - DEMAIS;1;9;2;2;99;0;1;99;0;77;645162;656348;Valor estimado a partir da média da receita realizada nos últimos três anos (2023, 2024 e 2025), com projeção para os anos de 2026 e 2027 pelo PIB somado ao IPCA previstos para os respectivos anos, conforme Boletim Focus de 10/04/2026. Receita com arrecadação irregular ao longo dos anos.
2027;4031;FUNDO ESPECIAL DO PODER JUDICIÁRIO DO ESTADO DE MINAS GERAIS;FEPJ;1.9.9.9.99.2.1.09.001;OUTRAS REC. - PRIMÁRIAS - PRINC. - EXCEDENTE TETO INTERINOS - PRINC.;1;9;9;9;99;2;1;9;1;60;282083671;352604589;Para o ano de 2027 está sendo sugerido um reajuste de 5,59% sobre a projeção de arrecadação para o ano de 2026, sendo 3,79% referente à previsão do IPCA e 1,80% referente à previsão do PIB. Pode haver diferenças para mais ou para menos considerando o cenário econômico.
2027;4031;FUNDO ESPECIAL DO PODER JUDICIÁRIO DO ESTADO DE MINAS GERAIS;FEPJ;1.9.9.9.99.2.1.09.002;OUTRAS REC. - PRIMÁRIAS - PRINC. - EXCEDENTE TETO INTERINOS - CORREÇÃO MONETÁRIA;1;9;9;9;99;2;1;9;2;60;35588;35588;Para o ano de 2027 está sendo sugerido um reajuste de 5,59% sobre a projeção de arrecadação para o ano de 2026, sendo 3,79% referente à previsão do IPCA e 1,80% referente à previsão do PIB. Pode haver diferenças para mais ou para menos considerando o cenário econômico.
2027;4031;FUNDO ESPECIAL DO PODER JUDICIÁRIO DO ESTADO DE MINAS GERAIS;FEPJ;1.9.9.9.99.2.1.99.000;OUTRAS REC. - PRIMÁRIAS - PRINC. - DEMAIS;1;9;9;9;99;2;1;99;0;60;194120;197486;Valor estimado a partir do valor arrecadado em 2025, com projeção para os anos de 2026 e, posteriormente, para 2027 pelo PIB somado ao IPCA, conforme Boletim Focus de 10/04/2026. Receita com arrecadação irregular ao longo dos anos. Não foi possível utilizar a média dos valores arrecadados nos últimos três anos, pois, em 2024 houve uma volumosa arrecadação atípica, que alteraria de forma não fidedigna o resultado.
2027;4031;FUNDO ESPECIAL DO PODER JUDICIÁRIO DO ESTADO DE MINAS GERAIS;FEPJ;1.9.9.9.99.2.1.99.000;OUTRAS REC. - PRIMÁRIAS - PRINC. - DEMAIS;1;9;9;9;99;2;1;99;0;77;594;605;Valor estimado a partir da média da receita realizada nos últimos três anos (2023, 2024 e 2025), com projeção para os anos de 2026 e 2027 pelo PIB somado ao IPCA previstos para os respectivos anos, conforme Boletim Focus de 10/04/2026. Receita com arrecadação irregular ao longo dos anos.
2027;4031;FUNDO ESPECIAL DO PODER JUDICIÁRIO DO ESTADO DE MINAS GERAIS;FEPJ;1.9.9.9.99.2.2.09.001;OUTRAS REC. - PRIMÁRIAS - MJM - EXCEDENTE TETO INTERINOS - PRINC.;1;9;9;9;99;2;2;9;1;60;56581;56581;Para o ano de 2027 está sendo sugerido um reajuste de 5,59% sobre a projeção de arrecadação para o ano de 2026, sendo 3,79% referente à previsão do IPCA e 1,80% referente à previsão do PIB. Pode haver diferenças para mais ou para menos considerando o cenário econômico.
2027;4031;FUNDO ESPECIAL DO PODER JUDICIÁRIO DO ESTADO DE MINAS GERAIS;FEPJ;2.2.1.3.01.0.1.01.000;ALIENAÇÃO BENS MÓVEIS SEMOVENTES - PRINC.;2;2;1;3;1;0;1;1;0;47;496692;496692;"Com base, nos leilões anteriores; tabelas, com base de cálculo(valor fracionado, do IPVA), juntamente, com o valor de mercado e deste, subtraindo + ou ¿ 30%"
2027;4031;FUNDO ESPECIAL DO PODER JUDICIÁRIO DO ESTADO DE MINAS GERAIS;FEPJ;7.3.1.1.02.0.1.01.000;REC. INTRA. - CONC. PERM. AUTOR. CESSÃO DIR. USO BENS IMÓV. PÚB. - PRINC. - CONCESSÃO DE DIREITO REAL DE USO DE ÁREA PÚBLICA;7;3;1;1;2;0;1;1;0;60;3606859;3606859;Os valores apresentados correspondem às formalização ocorridas até a presente data (31/03/2026). Os valores foram previstos conforme a data base do aniversário do reajuste e índice IPCA.
2027;4031;FUNDO ESPECIAL DO PODER JUDICIÁRIO DO ESTADO DE MINAS GERAIS;FEPJ;7.6.1.1.01.0.1.01.000;REC. INTRA. - SERVIÇOS ADM. COMERC. GER. - PRINC. - ADMINISTRAÇÃO DE DEPÓSITOS JUDICIAIS;7;6;1;1;1;0;1;1;0;60;;6927209;LDO 2027 consolidada na tabela dinâmica - Previsão de novas receitas na LOA 2027 em relação à LDO 2027
2027;4091;FUNDO PARA A INFÂNCIA E A ADOLESCÊNCIA;FIA;1.7.4.1.99.0.1.41.999;DIR. HUMANOS CIDADANIA - OUTROS;1;7;4;1;99;0;1;41;999;45;459584;459584;Valor projetado da receita em cenario que preve incremento de 10 sobre a arrecadacao de 2025 considerando a manutencao das condicoes vigentes
2027;4091;FUNDO PARA A INFÂNCIA E A ADOLESCÊNCIA;FIA;1.7.9.1.99.0.1.14.000;OUTRAS TRANSF. PESSOAS FÍSICAS - PRINC. - DIREITOS HUMANOS E DE CIDADANIA;1;7;9;1;99;0;1;14;0;45;36696;36696;Valor projetado da receita em cenario que preve incremento de 10 por cento sobre a arrecadacao de 2025 considerando a manutencao das condicoes vigentes
2027;4091;FUNDO PARA A INFÂNCIA E A ADOLESCÊNCIA;FIA;1.9.1.1.01.0.1.99.000;MULTAS LEGISL. ESPECÍFICA - PRINC. - DEMAIS;1;9;1;1;1;0;1;99;0;60;63815;63815;Valor projetado da receita em cenário que prevê incremento de 10 por cento sobre a arrecadação de 2025, considerando a manutenção das condições vigentes.
2027;4091;FUNDO PARA A INFÂNCIA E A ADOLESCÊNCIA;FIA;2.4.4.1.99.0.1.41.999;DIR. HUMANOS CIDADANIA - OUTROS;2;4;4;1;99;0;1;41;999;45;100000;100000;Valor projetado da receita em cenario que preve incremento de 10 sobre a arrecadacao de 2025 considerando a manutencao das condicoes vigentes
2027;4101;FUNDO ESTADUAL DE HABITAÇÃO;FEH;2.3.1.1.07.1.1.99.000;AMORTIZAÇÃO FINANCIAMENTOS GERAL - PRINC. - DEMAIS;2;3;1;1;7;1;1;99;0;60;41571088;41571088;A estimativa da receita do Fundo Estadual de Habitação ¿ FEH para o exercício de 2027 foi elaborada com base na série histórica de arrecadação da receita de Amortização de Financiamentos ¿ Geral ¿ Principal, Fonte 60 ¿ Recursos Diretamente Arrecadados, executada nos exercícios de 2021, 2022, 2023, 2024, 2025 e 2026. Foi adotada a média simples dos valores efetivamente arrecadados no período, considerando o caráter recorrente da receita e a inexistência, até o momento, de alterações legais ou operacionais que indiquem mudança significativa no comportamento da arrecadação para o exercício de 2027.
2027;4111;FUNDO DE FOMENTO E DESENVOLVIMENTO SOCIOECONÔMICO DO ESTADO DE MINAS GERAIS;FUNDESE;1.6.4.1.01.0.1.01.000;RETORNO OPER. JUROS ENCARG. FINANCEIROS - PRINC. - JUROS DE EMPRÉSTIMOS;1;6;4;1;1;0;1;1;0;60;38000;38000;"BASEADO NA MÉDIA ANUAL DA RECEITA CONTABILIZADA NOS ÚLTIMOS 2 EXERCÍCIOS E A ESTIMADA PARA 2026, ARREDONDADA POR NÍVEL DE SIGNIFICÂNCIA.
"
2027;4111;FUNDO DE FOMENTO E DESENVOLVIMENTO SOCIOECONÔMICO DO ESTADO DE MINAS GERAIS;FUNDESE;1.6.4.1.01.0.1.01.000;RETORNO OPER. JUROS ENCARG. FINANCEIROS - PRINC. - JUROS DE EMPRÉSTIMOS;1;6;4;1;1;0;1;1;0;61;34000;34000;"BASEADO NA MÉDIA ANUAL DA RECEITA CONTABILIZADA NOS ÚLTIMOS 2 EXERCÍCIOS E A ESTIMADA PARA 2026, ARREDONDADA POR NÍVEL DE SIGNIFICÂNCIA.
"
2027;4111;FUNDO DE FOMENTO E DESENVOLVIMENTO SOCIOECONÔMICO DO ESTADO DE MINAS GERAIS;FUNDESE;2.3.1.1.07.1.1.99.000;AMORTIZAÇÃO FINANCIAMENTOS GERAL - PRINC. - DEMAIS;2;3;1;1;7;1;1;99;0;60;688000;688000;"BASEADO NA MÉDIA ANUAL DA RECEITA CONTABILIZADA NOS ÚLTIMOS 2 EXERCÍCIOS E A ESTIMADA PARA 2026, ARREDONDADA POR NÍVEL DE SIGNIFICÂNCIA.
"
2027;4111;FUNDO DE FOMENTO E DESENVOLVIMENTO SOCIOECONÔMICO DO ESTADO DE MINAS GERAIS;FUNDESE;2.3.1.1.07.1.1.99.000;AMORTIZAÇÃO FINANCIAMENTOS GERAL - PRINC. - DEMAIS;2;3;1;1;7;1;1;99;0;61;64000;64000;"BASEADO NA MÉDIA ANUAL DA RECEITA CONTABILIZADA NOS ÚLTIMOS 2 EXERCÍCIOS E A ESTIMADA PARA 2026, ARREDONDADA POR NÍVEL DE SIGNIFICÂNCIA.
"
2027;4121;FUNDO ESPECIAL DA ASSEMBLEIA LEGISLATIVA DO ESTADO DE MINAS GERAIS;FUNDALEMG;1.3.2.1.01.0.1.01.000;REMUNERAÇÃO DEPÓSITOS BANCÁRIOS - PRINC.;1;3;2;1;1;0;1;1;0;60;15400000;15400000;Considerando previsoes de queda da SELIC e possivel utilizacao do principal
2027;4121;FUNDO ESPECIAL DA ASSEMBLEIA LEGISLATIVA DO ESTADO DE MINAS GERAIS;FUNDALEMG;1.6.4.1.01.0.1.01.000;RETORNO OPER. JUROS ENCARG. FINANCEIROS - PRINC. - JUROS DE EMPRÉSTIMOS;1;6;4;1;1;0;1;1;0;60;600000;600000;Foi feita uma estimativa baseada em valores arrecadados em anos anteriores
2027;4121;FUNDO ESPECIAL DA ASSEMBLEIA LEGISLATIVA DO ESTADO DE MINAS GERAIS;FUNDALEMG;2.3.1.1.06.0.1.01.000;AMORTIZAÇÃO EMPRÉSTIMOS CONTRATUAIS - PRINC.;2;3;1;1;6;0;1;1;0;60;4000000;4000000;Foi feita uma estimativa baseada em valores arrecadados em anos anteriores
2027;4141;FUNDO PENITENCIÁRIO ESTADUAL;FPE;1.3.2.1.01.0.1.01.000;REMUNERAÇÃO DEPÓSITOS BANCÁRIOS - PRINC.;1;3;2;1;1;0;1;1;0;57;1000;1000;VALOR ESTIMADO COM BASE NOS INSTRUMENTOS JURÍDICOS VIGENTES, NAS RESPECTIVAS PREVISÕES DE INGRESSO DE RECURSOS E, QUANDO APLICÁVEL, EM PROPOSTAS DE NOVOS INSTRUMENTOS EM ANÁLISE OU EM FASE DE FORMALIZAÇÃO JUNTO AOS CONCEDENTES.
2027;4141;FUNDO PENITENCIÁRIO ESTADUAL;FPE;1.7.1.9.53.0.1.01.000;TRANSF. RECURSOS FUPEN - PRINC.;1;7;1;9;53;0;1;1;0;57;5874689;5874689;VALOR ESTIMADO COM BASE NOS INSTRUMENTOS JURÍDICOS VIGENTES, NAS RESPECTIVAS PREVISÕES DE INGRESSO DE RECURSOS E, QUANDO APLICÁVEL, EM PROPOSTAS DE NOVOS INSTRUMENTOS EM ANÁLISE OU EM FASE DE FORMALIZAÇÃO JUNTO AOS CONCEDENTES.
2027;4141;FUNDO PENITENCIÁRIO ESTADUAL;FPE;1.9.1.1.08.0.1.01.000;MULTAS SENTENÇAS JUDICIAIS - PRINC. - MULTAS PECUNIÁRIAS E JUROS DE MORA;1;9;1;1;8;0;1;1;0;39;5900000;5900000;A ESTIMATIVA PARA O ANO DE 2027 FOI COM BASE NA ARRECADAÇÃO NO EXERCÍCIO 2025, SUBTRAINDO VALORES EXCEPCIONAIS, E PRIMEIRO TRIMESTRE 2026 EM COMPARAÇÃO COM ESTA.
2027;4141;FUNDO PENITENCIÁRIO ESTADUAL;FPE;1.9.2.2.99.0.1.99.000;OUTRAS RESTITUIÇÕES - PRINC. - DEMAIS;1;9;2;2;99;0;1;99;0;57;1000;1000;VALOR ESTIMADO COM BASE NOS INSTRUMENTOS JURÍDICOS VIGENTES, NAS RESPECTIVAS PREVISÕES DE INGRESSO DE RECURSOS E, QUANDO APLICÁVEL, EM PROPOSTAS DE NOVOS INSTRUMENTOS EM ANÁLISE OU EM FASE DE FORMALIZAÇÃO JUNTO AOS CONCEDENTES.
2027;4141;FUNDO PENITENCIÁRIO ESTADUAL;FPE;2.4.1.9.99.0.1.23.001;SEGURANÇA PÚBLICA - FUNDO PENITENCIÁRIO NACIONAL;2;4;1;9;99;0;1;23;1;57;20126516;20126516;VALOR ESTIMADO COM BASE NOS INSTRUMENTOS JURÍDICOS VIGENTES, NAS RESPECTIVAS PREVISÕES DE INGRESSO DE RECURSOS E, QUANDO APLICÁVEL, EM PROPOSTAS DE NOVOS INSTRUMENTOS EM ANÁLISE OU EM FASE DE FORMALIZAÇÃO JUNTO AOS CONCEDENTES.
2027;4251;FUNDO ESTADUAL DE ASSISTÊNCIA SOCIAL;FEAS;1.3.2.1.01.0.1.01.000;REMUNERAÇÃO DEPÓSITOS BANCÁRIOS - PRINC.;1;3;2;1;1;0;1;1;0;5;1000;1000;VALOR ESTIMADO COM BASE NOS INSTRUMENTOS JURÍDICOS VIGENTES, NAS RESPECTIVAS PREVISÕES DE INGRESSO DE RECURSOS E, QUANDO APLICÁVEL, EM PROPOSTAS DE NOVOS INSTRUMENTOS EM ANÁLISE OU EM FASE DE FORMALIZAÇÃO JUNTO AOS CONCEDENTES.
2027;4251;FUNDO ESTADUAL DE ASSISTÊNCIA SOCIAL;FEAS;1.3.2.1.01.0.1.01.000;REMUNERAÇÃO DEPÓSITOS BANCÁRIOS - PRINC.;1;3;2;1;1;0;1;1;0;6;1000;1000;VALOR ESTIMADO COM BASE NOS INSTRUMENTOS JURÍDICOS VIGENTES, NAS RESPECTIVAS PREVISÕES DE INGRESSO DE RECURSOS E, QUANDO APLICÁVEL, EM PROPOSTAS DE NOVOS INSTRUMENTOS EM ANÁLISE OU EM FASE DE FORMALIZAÇÃO JUNTO AOS CONCEDENTES.
2027;4251;FUNDO ESTADUAL DE ASSISTÊNCIA SOCIAL;FEAS;1.3.2.1.01.0.1.01.000;REMUNERAÇÃO DEPÓSITOS BANCÁRIOS - PRINC.;1;3;2;1;1;0;1;1;0;56;1191838;1191838;VALOR ESTIMADO COM BASE NOS INSTRUMENTOS JURÍDICOS VIGENTES, NAS RESPECTIVAS PREVISÕES DE INGRESSO DE RECURSOS E, QUANDO APLICÁVEL, EM PROPOSTAS DE NOVOS INSTRUMENTOS EM ANÁLISE OU EM FASE DE FORMALIZAÇÃO JUNTO AOS CONCEDENTES.
2027;4251;FUNDO ESTADUAL DE ASSISTÊNCIA SOCIAL;FEAS;1.7.1.6.50.0.1.02.000;TRANSF. RECURSOS FNAS - PRINC. - IGDE;1;7;1;6;50;0;1;2;0;56;1567194;1567194;VALOR ESTIMADO COM BASE NOS INSTRUMENTOS JURÍDICOS VIGENTES, NAS RESPECTIVAS PREVISÕES DE INGRESSO DE RECURSOS E, QUANDO APLICÁVEL, EM PROPOSTAS DE NOVOS INSTRUMENTOS EM ANÁLISE OU EM FASE DE FORMALIZAÇÃO JUNTO AOS CONCEDENTES.
2027;4251;FUNDO ESTADUAL DE ASSISTÊNCIA SOCIAL;FEAS;1.7.1.6.50.0.1.99.000;TRANSF. RECURSOS FNAS - PRINC. - DEMAIS;1;7;1;6;50;0;1;99;0;56;6513059;6513059;VALOR ESTIMADO COM BASE NOS INSTRUMENTOS JURÍDICOS VIGENTES, NAS RESPECTIVAS PREVISÕES DE INGRESSO DE RECURSOS E, QUANDO APLICÁVEL, EM PROPOSTAS DE NOVOS INSTRUMENTOS EM ANÁLISE OU EM FASE DE FORMALIZAÇÃO JUNTO AOS CONCEDENTES.
2027;4251;FUNDO ESTADUAL DE ASSISTÊNCIA SOCIAL;FEAS;1.9.2.2.99.0.1.99.000;OUTRAS RESTITUIÇÕES - PRINC. - DEMAIS;1;9;2;2;99;0;1;99;0;5;1000;1000;VALOR ESTIMADO COM BASE NOS INSTRUMENTOS JURÍDICOS VIGENTES, NAS RESPECTIVAS PREVISÕES DE INGRESSO DE RECURSOS E, QUANDO APLICÁVEL, EM PROPOSTAS DE NOVOS INSTRUMENTOS EM ANÁLISE OU EM FASE DE FORMALIZAÇÃO JUNTO AOS CONCEDENTES.
2027;4251;FUNDO ESTADUAL DE ASSISTÊNCIA SOCIAL;FEAS;1.9.2.2.99.0.1.99.000;OUTRAS RESTITUIÇÕES - PRINC. - DEMAIS;1;9;2;2;99;0;1;99;0;6;1000;1000;VALOR ESTIMADO COM BASE NOS INSTRUMENTOS JURÍDICOS VIGENTES, NAS RESPECTIVAS PREVISÕES DE INGRESSO DE RECURSOS E, QUANDO APLICÁVEL, EM PROPOSTAS DE NOVOS INSTRUMENTOS EM ANÁLISE OU EM FASE DE FORMALIZAÇÃO JUNTO AOS CONCEDENTES.
2027;4251;FUNDO ESTADUAL DE ASSISTÊNCIA SOCIAL;FEAS;1.9.2.2.99.0.1.99.000;OUTRAS RESTITUIÇÕES - PRINC. - DEMAIS;1;9;2;2;99;0;1;99;0;56;1000;1000;VALOR ESTIMADO COM BASE NOS INSTRUMENTOS JURÍDICOS VIGENTES, NAS RESPECTIVAS PREVISÕES DE INGRESSO DE RECURSOS E, QUANDO APLICÁVEL, EM PROPOSTAS DE NOVOS INSTRUMENTOS EM ANÁLISE OU EM FASE DE FORMALIZAÇÃO JUNTO AOS CONCEDENTES.
2027;4251;FUNDO ESTADUAL DE ASSISTÊNCIA SOCIAL;FEAS;2.4.1.3.50.0.1.99.000;ASSISTÊNCIA SOCIAL - FNAS - DEMAIS;2;4;1;3;50;0;1;99;0;5;98000;98000;VALOR ESTIMADO COM BASE NOS INSTRUMENTOS JURÍDICOS VIGENTES, NAS RESPECTIVAS PREVISÕES DE INGRESSO DE RECURSOS E, QUANDO APLICÁVEL, EM PROPOSTAS DE NOVOS INSTRUMENTOS EM ANÁLISE OU EM FASE DE FORMALIZAÇÃO JUNTO AOS CONCEDENTES.
2027;4251;FUNDO ESTADUAL DE ASSISTÊNCIA SOCIAL;FEAS;2.4.1.3.50.0.1.99.000;ASSISTÊNCIA SOCIAL - FNAS - DEMAIS;2;4;1;3;50;0;1;99;0;6;98000;98000;VALOR ESTIMADO COM BASE NOS INSTRUMENTOS JURÍDICOS VIGENTES, NAS RESPECTIVAS PREVISÕES DE INGRESSO DE RECURSOS E, QUANDO APLICÁVEL, EM PROPOSTAS DE NOVOS INSTRUMENTOS EM ANÁLISE OU EM FASE DE FORMALIZAÇÃO JUNTO AOS CONCEDENTES.
2027;4291;FUNDO ESTADUAL DE SAÚDE;FES;1.3.2.1.01.0.1.01.000;REMUNERAÇÃO DEPÓSITOS BANCÁRIOS - PRINC.;1;3;2;1;1;0;1;1;0;24;600000;600000;VALOR ESTIMADO COM BASE NOS INSTRUMENTOS JURÍDICOS VIGENTES, NAS RESPECTIVAS PREVISÕES DE INGRESSO DE RECURSOS E, QUANDO APLICÁVEL, EM PROPOSTAS DE NOVOS INSTRUMENTOS EM ANÁLISE OU EM FASE DE FORMALIZAÇÃO JUNTO AOS CONCEDENTES.
2027;4291;FUNDO ESTADUAL DE SAÚDE;FES;1.3.2.1.01.0.1.01.000;REMUNERAÇÃO DEPÓSITOS BANCÁRIOS - PRINC.;1;3;2;1;1;0;1;1;0;37;1000000;1000000;VALOR ESTIMADO COM BASE NOS INSTRUMENTOS JURÍDICOS VIGENTES, NAS RESPECTIVAS PREVISÕES DE INGRESSO DE RECURSOS E, QUANDO APLICÁVEL, EM PROPOSTAS DE NOVOS INSTRUMENTOS EM ANÁLISE OU EM FASE DE FORMALIZAÇÃO JUNTO AOS CONCEDENTES.
2027;4291;FUNDO ESTADUAL DE SAÚDE;FES;1.3.2.1.01.0.1.01.000;REMUNERAÇÃO DEPÓSITOS BANCÁRIOS - PRINC.;1;3;2;1;1;0;1;1;0;57;636885;636885;VALOR ESTIMADO COM BASE NOS INSTRUMENTOS JURÍDICOS VIGENTES, NAS RESPECTIVAS PREVISÕES DE INGRESSO DE RECURSOS E, QUANDO APLICÁVEL, EM PROPOSTAS DE NOVOS INSTRUMENTOS EM ANÁLISE OU EM FASE DE FORMALIZAÇÃO JUNTO AOS CONCEDENTES.
2027;4291;FUNDO ESTADUAL DE SAÚDE;FES;1.3.2.1.01.0.1.01.000;REMUNERAÇÃO DEPÓSITOS BANCÁRIOS - PRINC.;1;3;2;1;1;0;1;1;0;60;14000000;14000000;Estimativa de rendimentos financeiros em 2027. Com base em série histórica.
2027;4291;FUNDO ESTADUAL DE SAÚDE;FES;1.3.2.1.01.0.1.01.000;REMUNERAÇÃO DEPÓSITOS BANCÁRIOS - PRINC.;1;3;2;1;1;0;1;1;0;62;1500000;1500000;VALOR ESTIMADO COM BASE NOS INSTRUMENTOS JURÍDICOS VIGENTES, NAS RESPECTIVAS PREVISÕES DE INGRESSO DE RECURSOS E, QUANDO APLICÁVEL, EM PROPOSTAS DE NOVOS INSTRUMENTOS EM ANÁLISE OU EM FASE DE FORMALIZAÇÃO JUNTO AOS CONCEDENTES.
2027;4291;FUNDO ESTADUAL DE SAÚDE;FES;1.3.2.1.01.0.1.01.000;REMUNERAÇÃO DEPÓSITOS BANCÁRIOS - PRINC.;1;3;2;1;1;0;1;1;0;63;500000;500000;VALOR ESTIMADO COM BASE NOS INSTRUMENTOS JURÍDICOS VIGENTES, NAS RESPECTIVAS PREVISÕES DE INGRESSO DE RECURSOS E, QUANDO APLICÁVEL, EM PROPOSTAS DE NOVOS INSTRUMENTOS EM ANÁLISE OU EM FASE DE FORMALIZAÇÃO JUNTO AOS CONCEDENTES.
2027;4291;FUNDO ESTADUAL DE SAÚDE;FES;1.3.2.1.01.0.1.01.000;REMUNERAÇÃO DEPÓSITOS BANCÁRIOS - PRINC.;1;3;2;1;1;0;1;1;0;64;50000;50000;VALOR ESTIMADO COM BASE NOS INSTRUMENTOS JURÍDICOS VIGENTES, NAS RESPECTIVAS PREVISÕES DE INGRESSO DE RECURSOS E, QUANDO APLICÁVEL, EM PROPOSTAS DE NOVOS INSTRUMENTOS EM ANÁLISE OU EM FASE DE FORMALIZAÇÃO JUNTO AOS CONCEDENTES.
2027;4291;FUNDO ESTADUAL DE SAÚDE;FES;1.3.2.1.01.0.1.01.000;REMUNERAÇÃO DEPÓSITOS BANCÁRIOS - PRINC.;1;3;2;1;1;0;1;1;0;65;1000;1000;VALOR ESTIMADO COM BASE NOS INSTRUMENTOS JURÍDICOS VIGENTES, NAS RESPECTIVAS PREVISÕES DE INGRESSO DE RECURSOS E, QUANDO APLICÁVEL, EM PROPOSTAS DE NOVOS INSTRUMENTOS EM ANÁLISE OU EM FASE DE FORMALIZAÇÃO JUNTO AOS CONCEDENTES.
2027;4291;FUNDO ESTADUAL DE SAÚDE;FES;1.3.2.1.01.0.1.01.000;REMUNERAÇÃO DEPÓSITOS BANCÁRIOS - PRINC.;1;3;2;1;1;0;1;1;0;92;78842615;78842615;VALOR ESTIMADO COM BASE NOS INSTRUMENTOS JURÍDICOS VIGENTES, NAS RESPECTIVAS PREVISÕES DE INGRESSO DE RECURSOS E, QUANDO APLICÁVEL, EM PROPOSTAS DE NOVOS INSTRUMENTOS EM ANÁLISE OU EM FASE DE FORMALIZAÇÃO JUNTO AOS CONCEDENTES.
2027;4291;FUNDO ESTADUAL DE SAÚDE;FES;1.3.2.1.01.0.1.01.000;REMUNERAÇÃO DEPÓSITOS BANCÁRIOS - PRINC.;1;3;2;1;1;0;1;1;0;93;1000000;1000000;VALOR ESTIMADO COM BASE NOS INSTRUMENTOS JURÍDICOS VIGENTES, NAS RESPECTIVAS PREVISÕES DE INGRESSO DE RECURSOS E, QUANDO APLICÁVEL, EM PROPOSTAS DE NOVOS INSTRUMENTOS EM ANÁLISE OU EM FASE DE FORMALIZAÇÃO JUNTO AOS CONCEDENTES.
2027;4291;FUNDO ESTADUAL DE SAÚDE;FES;1.3.2.1.01.0.1.01.000;REMUNERAÇÃO DEPÓSITOS BANCÁRIOS - PRINC.;1;3;2;1;1;0;1;1;0;98;1000;1000;VALOR ESTIMADO COM BASE NOS INSTRUMENTOS JURÍDICOS VIGENTES, NAS RESPECTIVAS PREVISÕES DE INGRESSO DE RECURSOS E, QUANDO APLICÁVEL, EM PROPOSTAS DE NOVOS INSTRUMENTOS EM ANÁLISE OU EM FASE DE FORMALIZAÇÃO JUNTO AOS CONCEDENTES.
2027;4291;FUNDO ESTADUAL DE SAÚDE;FES;1.6.3.1.99.0.1.99.000;OUTROS SERV. ATEND. SAÚDE - PRINC. - DEMAIS;1;6;3;1;99;0;1;99;0;60;26000000;26000000;Estimativa de captação de recursos. Com base na série histórica.
2027;4291;FUNDO ESTADUAL DE SAÚDE;FES;1.7.1.3.50.1.1.04.000;TRANSF. BLOCO MANUT. ASPS - ATENÇÃO PRIMÁRIA - IMP. DA SEG. AL. E NUT. NA SAÚDE;1;7;1;3;50;1;1;4;0;92;729012;729012;VALOR ESTIMADO COM BASE NOS INSTRUMENTOS JURÍDICOS VIGENTES, NAS RESPECTIVAS PREVISÕES DE INGRESSO DE RECURSOS E, QUANDO APLICÁVEL, EM PROPOSTAS DE NOVOS INSTRUMENTOS EM ANÁLISE OU EM FASE DE FORMALIZAÇÃO JUNTO AOS CONCEDENTES.
2027;4291;FUNDO ESTADUAL DE SAÚDE;FES;1.7.1.3.50.2.1.01.001;TRANSF. BLOCO MANUT. ASPS - ATENÇÃO ESPECIALIZADA - PRINC. - ATENÇÃO MAC - PRESTADORES AMBULATORIAIS E HOSPITALARES;1;7;1;3;50;2;1;1;1;92;8596800;158890360;VALOR ESTIMADO COM BASE NOS INSTRUMENTOS JURÍDICOS VIGENTES, NAS RESPECTIVAS PREVISÕES DE INGRESSO DE RECURSOS E, QUANDO APLICÁVEL, EM PROPOSTAS DE NOVOS INSTRUMENTOS EM ANÁLISE OU EM FASE DE FORMALIZAÇÃO JUNTO AOS CONCEDENTES.
2027;4291;FUNDO ESTADUAL DE SAÚDE;FES;1.7.1.3.50.2.1.01.002;TRANSF. BLOCO MANUT. ASPS - ATENÇÃO ESPECIALIZADA - PRINC. - ATENÇÃO MAC - SAMU;1;7;1;3;50;2;1;1;2;92;166279078;192210077;VALOR ESTIMADO COM BASE NOS INSTRUMENTOS JURÍDICOS VIGENTES, NAS RESPECTIVAS PREVISÕES DE INGRESSO DE RECURSOS E, QUANDO APLICÁVEL, EM PROPOSTAS DE NOVOS INSTRUMENTOS EM ANÁLISE OU EM FASE DE FORMALIZAÇÃO JUNTO AOS CONCEDENTES.
2027;4291;FUNDO ESTADUAL DE SAÚDE;FES;1.7.1.3.50.2.1.01.003;TRANSF. BLOCO MANUT. ASPS - ATENÇÃO ESPECIALIZADA - PRINC. - ATENÇÃO MAC - TRANSPLANTES;1;7;1;3;50;2;1;1;3;92;8725155;8725155;VALOR ESTIMADO COM BASE NOS INSTRUMENTOS JURÍDICOS VIGENTES, NAS RESPECTIVAS PREVISÕES DE INGRESSO DE RECURSOS E, QUANDO APLICÁVEL, EM PROPOSTAS DE NOVOS INSTRUMENTOS EM ANÁLISE OU EM FASE DE FORMALIZAÇÃO JUNTO AOS CONCEDENTES.
2027;4291;FUNDO ESTADUAL DE SAÚDE;FES;1.7.1.3.50.2.1.01.004;TRANSF. BLOCO MANUT. ASPS - ATENÇÃO ESPECIALIZADA - PRINC. - ATENÇÃO MAC - FUNDO DE AÇÕES ESTRATÉGICAS E COMPENSAÇÃO - FAEC;1;7;1;3;50;2;1;1;4;92;1000000;1000000;VALOR ESTIMADO COM BASE NOS INSTRUMENTOS JURÍDICOS VIGENTES, NAS RESPECTIVAS PREVISÕES DE INGRESSO DE RECURSOS E, QUANDO APLICÁVEL, EM PROPOSTAS DE NOVOS INSTRUMENTOS EM ANÁLISE OU EM FASE DE FORMALIZAÇÃO JUNTO AOS CONCEDENTES.
2027;4291;FUNDO ESTADUAL DE SAÚDE;FES;1.7.1.3.50.2.1.01.999;TRANSF. BLOCO MANUT. ASPS - ATENÇÃO ESPECIALIZADA - PRINC. - ATENÇÃO MAC - OUTROS PROGRAMAS;1;7;1;3;50;2;1;1;999;62;0;400000;VALOR ESTIMADO COM BASE NOS INSTRUMENTOS JURÍDICOS VIGENTES, NAS RESPECTIVAS PREVISÕES DE INGRESSO DE RECURSOS E, QUANDO APLICÁVEL, EM PROPOSTAS DE NOVOS INSTRUMENTOS EM ANÁLISE OU EM FASE DE FORMALIZAÇÃO JUNTO AOS CONCEDENTES.
2027;4291;FUNDO ESTADUAL DE SAÚDE;FES;1.7.1.3.50.2.1.01.999;TRANSF. BLOCO MANUT. ASPS - ATENÇÃO ESPECIALIZADA - PRINC. - ATENÇÃO MAC - OUTROS PROGRAMAS;1;7;1;3;50;2;1;1;999;63;1000;400000;VALOR ESTIMADO COM BASE NOS INSTRUMENTOS JURÍDICOS VIGENTES, NAS RESPECTIVAS PREVISÕES DE INGRESSO DE RECURSOS E, QUANDO APLICÁVEL, EM PROPOSTAS DE NOVOS INSTRUMENTOS EM ANÁLISE OU EM FASE DE FORMALIZAÇÃO JUNTO AOS CONCEDENTES.
2027;4291;FUNDO ESTADUAL DE SAÚDE;FES;1.7.1.3.50.3.1.01.000;TRANSF. BLOCO MANUT. ASPS - VIGILÂNCIA SAÚDE - PRINC. - VIGILÂNCIA EPIDEMIOLÓGICA;1;7;1;3;50;3;1;1;0;92;42625504;42625504;VALOR ESTIMADO COM BASE NOS INSTRUMENTOS JURÍDICOS VIGENTES, NAS RESPECTIVAS PREVISÕES DE INGRESSO DE RECURSOS E, QUANDO APLICÁVEL, EM PROPOSTAS DE NOVOS INSTRUMENTOS EM ANÁLISE OU EM FASE DE FORMALIZAÇÃO JUNTO AOS CONCEDENTES.
2027;4291;FUNDO ESTADUAL DE SAÚDE;FES;1.7.1.3.50.3.1.02.000;TRANSF. BLOCO MANUT. ASPS - VIGILÂNCIA SAÚDE - PRINC. - HIV-AIDS;1;7;1;3;50;3;1;2;0;92;2613300;2613300;VALOR ESTIMADO COM BASE NOS INSTRUMENTOS JURÍDICOS VIGENTES, NAS RESPECTIVAS PREVISÕES DE INGRESSO DE RECURSOS E, QUANDO APLICÁVEL, EM PROPOSTAS DE NOVOS INSTRUMENTOS EM ANÁLISE OU EM FASE DE FORMALIZAÇÃO JUNTO AOS CONCEDENTES.
2027;4291;FUNDO ESTADUAL DE SAÚDE;FES;1.7.1.3.50.3.1.03.000;TRANSF. BLOCO MANUT. ASPS - VIGILÂNCIA SAÚDE - PRINC. - VIGILÂNCIA SANITÁRIA;1;7;1;3;50;3;1;3;0;92;6423588;6423588;VALOR ESTIMADO COM BASE NOS INSTRUMENTOS JURÍDICOS VIGENTES, NAS RESPECTIVAS PREVISÕES DE INGRESSO DE RECURSOS E, QUANDO APLICÁVEL, EM PROPOSTAS DE NOVOS INSTRUMENTOS EM ANÁLISE OU EM FASE DE FORMALIZAÇÃO JUNTO AOS CONCEDENTES.
2027;4291;FUNDO ESTADUAL DE SAÚDE;FES;1.7.1.3.50.4.1.01.000;TRANSF. BLOCO MANUT. ASPS - ASSISTÊNCIA FARMACÊUTICA - PRINC. - MEDICAMENTOS BÁSICOS;1;7;1;3;50;4;1;1;0;92;1125197;1125197;VALOR ESTIMADO COM BASE NOS INSTRUMENTOS JURÍDICOS VIGENTES, NAS RESPECTIVAS PREVISÕES DE INGRESSO DE RECURSOS E, QUANDO APLICÁVEL, EM PROPOSTAS DE NOVOS INSTRUMENTOS EM ANÁLISE OU EM FASE DE FORMALIZAÇÃO JUNTO AOS CONCEDENTES.
2027;4291;FUNDO ESTADUAL DE SAÚDE;FES;1.7.1.3.50.4.1.02.000;TRANSF. BLOCO MANUT. ASPS - ASSISTÊNCIA FARMACÊUTICA - PRINC. - MEDICAMENTOS EXCEPCIONAIS;1;7;1;3;50;4;1;2;0;92;189952479;189952479;VALOR ESTIMADO COM BASE NOS INSTRUMENTOS JURÍDICOS VIGENTES, NAS RESPECTIVAS PREVISÕES DE INGRESSO DE RECURSOS E, QUANDO APLICÁVEL, EM PROPOSTAS DE NOVOS INSTRUMENTOS EM ANÁLISE OU EM FASE DE FORMALIZAÇÃO JUNTO AOS CONCEDENTES.
2027;4291;FUNDO ESTADUAL DE SAÚDE;FES;1.7.1.3.50.5.1.04.000;TRANSF. BLOCO MANUT. ASPS - GESTÃO SUS - PRINC. - PISO DA ENFERMAGEM;1;7;1;3;50;5;1;4;0;57;63688574;63688574;VALOR ESTIMADO COM BASE NOS INSTRUMENTOS JURÍDICOS VIGENTES, NAS RESPECTIVAS PREVISÕES DE INGRESSO DE RECURSOS E, QUANDO APLICÁVEL, EM PROPOSTAS DE NOVOS INSTRUMENTOS EM ANÁLISE OU EM FASE DE FORMALIZAÇÃO JUNTO AOS CONCEDENTES.
2027;4291;FUNDO ESTADUAL DE SAÚDE;FES;1.7.1.3.50.5.1.05.000;TRANSF. BLOCO MANUT. ASPS - GESTÃO SUS - PRINC. - VALORIZAGTES-SUS;1;7;1;3;50;5;1;5;0;92;3709000;3709000;VALOR ESTIMADO COM BASE NOS INSTRUMENTOS JURÍDICOS VIGENTES, NAS RESPECTIVAS PREVISÕES DE INGRESSO DE RECURSOS E, QUANDO APLICÁVEL, EM PROPOSTAS DE NOVOS INSTRUMENTOS EM ANÁLISE OU EM FASE DE FORMALIZAÇÃO JUNTO AOS CONCEDENTES.
2027;4291;FUNDO ESTADUAL DE SAÚDE;FES;1.7.1.3.51.2.1.01.999;TRANSF. BLOCO ESTRUT. REDE ASPS - ATENÇÃO ESPECIALIZADA - PRINC. - ATENÇÃO MAC - OUTROS PROGRAMAS;1;7;1;3;51;2;1;1;999;64;;400000;Conforme solicitação da SEC GERAL no email de 05/08/2026 às 14:14 de Carlos Eduardo Morais Passos <carlos.passos@governo.mg.gov.br>
2027;4291;FUNDO ESTADUAL DE SAÚDE;FES;1.7.1.3.51.2.1.01.999;TRANSF. BLOCO ESTRUT. REDE ASPS - ATENÇÃO ESPECIALIZADA - PRINC. - ATENÇÃO MAC - OUTROS PROGRAMAS;1;7;1;3;51;2;1;1;999;65;;400000;Conforme solicitação da SEC GERAL no email de 05/08/2026 às 14:14 de Carlos Eduardo Morais Passos <carlos.passos@governo.mg.gov.br>
2027;4291;FUNDO ESTADUAL DE SAÚDE;FES;1.7.1.9.57.0.1.01.000;TRANSF. ESPECIAL UNIÃO - PRINC. - EMENDAS PARLAMENTARES INDIVIDUAIS;1;7;1;9;57;0;1;1;0;98;1000;1000;VALOR ESTIMADO COM BASE NOS INSTRUMENTOS JURÍDICOS VIGENTES, NAS RESPECTIVAS PREVISÕES DE INGRESSO DE RECURSOS E, QUANDO APLICÁVEL, EM PROPOSTAS DE NOVOS INSTRUMENTOS EM ANÁLISE OU EM FASE DE FORMALIZAÇÃO JUNTO AOS CONCEDENTES.
2027;4291;FUNDO ESTADUAL DE SAÚDE;FES;1.9.2.2.52.0.1.01.000;RESTITUIÇÃO REMUNERAÇÃO FOLHA PAGAMENTO - PESSOAL ATIVO - PRINC.;1;9;2;2;52;0;1;1;0;57;;1000;Inclui as receitas de restituição que não possuem fontes já fechadas de pessoal
2027;4291;FUNDO ESTADUAL DE SAÚDE;FES;1.9.2.2.99.0.1.01.000;OUTRAS RESTITUIÇÕES - PRINC. - RECURSOS ORIGINÁRIOS DO FUNDO ESTADUAL DE SAÚDE - FES;1;9;2;2;99;0;1;1;0;10;35000;35000;Estimativa de restituições. Valor calculado baseado na Série Histórica.
2027;4291;FUNDO ESTADUAL DE SAÚDE;FES;1.9.2.2.99.0.1.99.000;OUTRAS RESTITUIÇÕES - PRINC. - DEMAIS;1;9;2;2;99;0;1;99;0;24;100000;100000;VALOR ESTIMADO COM BASE NOS INSTRUMENTOS JURÍDICOS VIGENTES, NAS RESPECTIVAS PREVISÕES DE INGRESSO DE RECURSOS E, QUANDO APLICÁVEL, EM PROPOSTAS DE NOVOS INSTRUMENTOS EM ANÁLISE OU EM FASE DE FORMALIZAÇÃO JUNTO AOS CONCEDENTES.
2027;4291;FUNDO ESTADUAL DE SAÚDE;FES;1.9.2.2.99.0.1.99.000;OUTRAS RESTITUIÇÕES - PRINC. - DEMAIS;1;9;2;2;99;0;1;99;0;37;5000000;5000000;VALOR ESTIMADO COM BASE NOS INSTRUMENTOS JURÍDICOS VIGENTES, NAS RESPECTIVAS PREVISÕES DE INGRESSO DE RECURSOS E, QUANDO APLICÁVEL, EM PROPOSTAS DE NOVOS INSTRUMENTOS EM ANÁLISE OU EM FASE DE FORMALIZAÇÃO JUNTO AOS CONCEDENTES.
2027;4291;FUNDO ESTADUAL DE SAÚDE;FES;1.9.2.2.99.0.1.99.000;OUTRAS RESTITUIÇÕES - PRINC. - DEMAIS;1;9;2;2;99;0;1;99;0;57;1000;1000;VALOR ESTIMADO COM BASE NOS INSTRUMENTOS JURÍDICOS VIGENTES, NAS RESPECTIVAS PREVISÕES DE INGRESSO DE RECURSOS E, QUANDO APLICÁVEL, EM PROPOSTAS DE NOVOS INSTRUMENTOS EM ANÁLISE OU EM FASE DE FORMALIZAÇÃO JUNTO AOS CONCEDENTES.
2027;4291;FUNDO ESTADUAL DE SAÚDE;FES;1.9.2.2.99.0.1.99.000;OUTRAS RESTITUIÇÕES - PRINC. - DEMAIS;1;9;2;2;99;0;1;99;0;60;2000000;2000000;Estimativa de restituições em 2027. Com base em série histórica.
2027;4291;FUNDO ESTADUAL DE SAÚDE;FES;1.9.2.2.99.0.1.99.000;OUTRAS RESTITUIÇÕES - PRINC. - DEMAIS;1;9;2;2;99;0;1;99;0;62;1000;1000;VALOR ESTIMADO COM BASE NOS INSTRUMENTOS JURÍDICOS VIGENTES, NAS RESPECTIVAS PREVISÕES DE INGRESSO DE RECURSOS E, QUANDO APLICÁVEL, EM PROPOSTAS DE NOVOS INSTRUMENTOS EM ANÁLISE OU EM FASE DE FORMALIZAÇÃO JUNTO AOS CONCEDENTES.
2027;4291;FUNDO ESTADUAL DE SAÚDE;FES;1.9.2.2.99.0.1.99.000;OUTRAS RESTITUIÇÕES - PRINC. - DEMAIS;1;9;2;2;99;0;1;99;0;63;1000;1000;VALOR ESTIMADO COM BASE NOS INSTRUMENTOS JURÍDICOS VIGENTES, NAS RESPECTIVAS PREVISÕES DE INGRESSO DE RECURSOS E, QUANDO APLICÁVEL, EM PROPOSTAS DE NOVOS INSTRUMENTOS EM ANÁLISE OU EM FASE DE FORMALIZAÇÃO JUNTO AOS CONCEDENTES.
2027;4291;FUNDO ESTADUAL DE SAÚDE;FES;1.9.2.2.99.0.1.99.000;OUTRAS RESTITUIÇÕES - PRINC. - DEMAIS;1;9;2;2;99;0;1;99;0;64;1000;1000;VALOR ESTIMADO COM BASE NOS INSTRUMENTOS JURÍDICOS VIGENTES, NAS RESPECTIVAS PREVISÕES DE INGRESSO DE RECURSOS E, QUANDO APLICÁVEL, EM PROPOSTAS DE NOVOS INSTRUMENTOS EM ANÁLISE OU EM FASE DE FORMALIZAÇÃO JUNTO AOS CONCEDENTES.
2027;4291;FUNDO ESTADUAL DE SAÚDE;FES;1.9.2.2.99.0.1.99.000;OUTRAS RESTITUIÇÕES - PRINC. - DEMAIS;1;9;2;2;99;0;1;99;0;65;1000;1000;VALOR ESTIMADO COM BASE NOS INSTRUMENTOS JURÍDICOS VIGENTES, NAS RESPECTIVAS PREVISÕES DE INGRESSO DE RECURSOS E, QUANDO APLICÁVEL, EM PROPOSTAS DE NOVOS INSTRUMENTOS EM ANÁLISE OU EM FASE DE FORMALIZAÇÃO JUNTO AOS CONCEDENTES.
2027;4291;FUNDO ESTADUAL DE SAÚDE;FES;1.9.2.2.99.0.1.99.000;OUTRAS RESTITUIÇÕES - PRINC. - DEMAIS;1;9;2;2;99;0;1;99;0;92;100000;100000;VALOR ESTIMADO COM BASE NOS INSTRUMENTOS JURÍDICOS VIGENTES, NAS RESPECTIVAS PREVISÕES DE INGRESSO DE RECURSOS E, QUANDO APLICÁVEL, EM PROPOSTAS DE NOVOS INSTRUMENTOS EM ANÁLISE OU EM FASE DE FORMALIZAÇÃO JUNTO AOS CONCEDENTES.
2027;4291;FUNDO ESTADUAL DE SAÚDE;FES;1.9.2.2.99.0.1.99.000;OUTRAS RESTITUIÇÕES - PRINC. - DEMAIS;1;9;2;2;99;0;1;99;0;93;1000;1000;VALOR ESTIMADO COM BASE NOS INSTRUMENTOS JURÍDICOS VIGENTES, NAS RESPECTIVAS PREVISÕES DE INGRESSO DE RECURSOS E, QUANDO APLICÁVEL, EM PROPOSTAS DE NOVOS INSTRUMENTOS EM ANÁLISE OU EM FASE DE FORMALIZAÇÃO JUNTO AOS CONCEDENTES.
2027;4291;FUNDO ESTADUAL DE SAÚDE;FES;1.9.2.2.99.0.1.99.000;OUTRAS RESTITUIÇÕES - PRINC. - DEMAIS;1;9;2;2;99;0;1;99;0;98;1000;1000;VALOR ESTIMADO COM BASE NOS INSTRUMENTOS JURÍDICOS VIGENTES, NAS RESPECTIVAS PREVISÕES DE INGRESSO DE RECURSOS E, QUANDO APLICÁVEL, EM PROPOSTAS DE NOVOS INSTRUMENTOS EM ANÁLISE OU EM FASE DE FORMALIZAÇÃO JUNTO AOS CONCEDENTES.
2027;4291;FUNDO ESTADUAL DE SAÚDE;FES;2.4.1.9.51.0.1.01.000;TRANSF. ESPECIAL UNIÃO - PRINC. - EMENDAS PARLAMENTARES INDIVIDUAIS;2;4;1;9;51;0;1;1;0;98;1000;1000;VALOR ESTIMADO COM BASE NOS INSTRUMENTOS JURÍDICOS VIGENTES, NAS RESPECTIVAS PREVISÕES DE INGRESSO DE RECURSOS E, QUANDO APLICÁVEL, EM PROPOSTAS DE NOVOS INSTRUMENTOS EM ANÁLISE OU EM FASE DE FORMALIZAÇÃO JUNTO AOS CONCEDENTES.
2027;4331;FUNDO DE DESENVOLVIMENTO METROPOLITANO;FDM;1.7.3.9.99.0.1.26.001;URBANISMO - DIVERSOS MUNICÍPIOS;1;7;3;9;99;0;1;26;1;59;3764680;3764680;"O valor estimado de repasse ao FDM pelos municípios, será valor previsto p/ 2027. Reforça-se ainda que a estimativa segue a definição de que o aporte de recursos, fonte 59, que corresponderá 50% dos recursos do FDM, sendo proporcional à receita corrente liquida dos municípios, conforme previsto no inciso I, do artigo 21º, da Lei Complementar 88, de 12/01/2006; em contrapartida o Estado corresponderá 50% dos recursos em fonte do tesouro para 2027, fonte 10.Art. 21. Constituem recursos do FDM:I ¿ os recursos do Estado e dos Municípios a ele destinados por disposição legal, na proporção de 50% de recursos do Estado e 50% de recursos dos Municípios que integram a região metropolitana, proporcionalmente à receita corrente líquida de cada Município; Outro ponto a se observar, é que os depósitos dos municípios têm reduzido de forma considerável no período de 2015 até 2022, considerando-se um dos motivos a crise econômica que assola o Estado de Minas Gerais, dificultando os repasses obrigatórios do Governo aos municípios, consequentemente o depósito dos municípios ao Fundo Metropolitano.
A expectativa é de que os municípios voltem a depositar novamente os recursos na subconta do FDM."
2027;4331;FUNDO DE DESENVOLVIMENTO METROPOLITANO;FDM;1.9.9.9.99.2.2.99.000;OUTRAS REC. - PRIMÁRIAS - MJM - DEMAIS;1;9;9;9;99;2;2;99;0;59;150000;150000;O valor estimado para arrecadação, para 2027, por meio da aplicação de multas aplicadas aos processos de infração, os quais serão destinados para o Fundo de Desenvolvimento Metropolitano, conforme art. 14 da Lei Complementar 107 de 12 de janeiro de 2009 foi realizado a partir da previsão do ano anterior ¿ exercício 2026.
2027;4341;FUNDO DE RECUPERAÇÃO, PROTEÇÃO E DESENVOLVIMENTO SUSTENTÁVEL DAS BACIAS HIDROGRÁFICAS DO ESTADO DE MINAS GERAIS;FHIDRO;1.9.1.1.01.0.1.12.000;MULTAS LEGISL. ESPECÍFICA - PRINC. - INFRAÇÃO À LEGISLAÇÃO DE ABASTECIMENTO DE ÁGUA E ESGOTAMENTO SANITÁRIO;1;9;1;1;1;0;1;12;0;61;253551;253551;Corresponde à arrecadação média entre 2024 e 2026, majorada pelo fator de crescimento esperado do PIB em 2026, 1,6% na estimativa do BACEN, disponível em https://agenciabrasil.ebc.com.br/economia/noticia/2026-03/banco-central-preve-crescimento-de-16-para-o-pib-em-2026
2027;4381;FUNDO ESTADUAL DE DESENVOLVIMENTO DE TRANSPORTES;FUNTRANS;1.1.2.1.01.0.1.03.000;TX. INSP. CONTR. FISC. - PRINC. - TAXA DE LICENCIAMENTO PARA USO OU OCUPAÇÃO DA FAIXA DE DOMÍNIO DAS RODOVIAS;1;1;2;1;1;0;1;3;0;54;6389268;6389268;"Valor atualizado pela UFEMG.
Valor contabilizado 2025 multiplicado pela medida UFEMG 2025 dividida pela UFEMG 2026.
Fórmula:
contabilizado 2025 * (5,7899/5,531)
"
2027;4381;FUNDO ESTADUAL DE DESENVOLVIMENTO DE TRANSPORTES;FUNTRANS;1.1.2.1.01.0.2.03.000;TX. INSP. CONTR. FISC. - MJM - TAXA DE LICENCIAMENTO PARA USO OU OCUPAÇÃO DA FAIXA DE DOMÍNIO DAS RODOVIAS;1;1;2;1;1;0;2;3;0;54;146285;146285;"Valor atualizado pela UFEMG.
Valor contabilizado 2025 multiplicado pela medida UFEMG 2025 dividida pela UFEMG 2026.
Fórmula:
contabilizado 2025 * (5,7899/5,531)
"
2027;4381;FUNDO ESTADUAL DE DESENVOLVIMENTO DE TRANSPORTES;FUNTRANS;1.3.3.1.01.0.1.01.002;DELEG. PREST. SERV. TRANSP. RODOVIÁRIO - PRINC. - FUNTRANS - INTERMUNICIPAL;1;3;3;1;1;0;1;1;2;60;146461;146461;"Valor atualizado pela UFEMG.
Valor contabilizado 2025 multiplicado pela medida UFEMG 2025 dividida pela UFEMG 2026.
Fórmula:
contabilizado 2025 * (5,7899/5,531)
"
2027;4381;FUNDO ESTADUAL DE DESENVOLVIMENTO DE TRANSPORTES;FUNTRANS;1.3.3.2.01.1.1.01.000;DELEG. EXPLOR. INFRA. TRANSP. RODOVIÁRIO SETOR PRIVADO - PRINC. - FUNDO ESTADUAL DE DESENVOLVIMENTO DE TRANSPORTES - FUNTRANS;1;3;3;2;1;1;1;1;0;60;29846211;29846211;A estimativa do valor a ser arrecadado foi elaborada pela SEINFRA com base nos criterios e premissas adotados pela unidade responsavelContrato BR 135 valor de 122 946 134 70
2027;4381;FUNDO ESTADUAL DE DESENVOLVIMENTO DE TRANSPORTES;FUNTRANS;1.6.1.1.03.0.1.99.000;SERVIÇOS REG. CERTIF. FISCALIZ. - PRINC. - DEMAIS;1;6;1;1;3;0;1;99;0;60;19137681;19137681;A estimativa do valor a ser arrecadado foi elaborada pela SEINFRA com base nos criterios e premissas adotados pela unidade responsavelContratos BR 135 valor de 3 451 205 40 e Lote 01 valor de 7 011 906 09 e Lote 02 valor de 3 837 865 83 e Lote 03 valor de 4 836 703 22
2027;4381;FUNDO ESTADUAL DE DESENVOLVIMENTO DE TRANSPORTES;FUNTRANS;1.9.1.1.01.0.1.03.002;MULTAS LEGISL. ESPECÍFICA - PRINC. - LEGISL. TRÂNSITO - COTA PARTE DO DEPARTAMENTO DE EDIFICAÇÕES E ESTRADAS DE RODAGEM DO ESTADO DE MINAS GERAIS - DERMG;1;9;1;1;1;0;1;3;2;83;208049881;208049881;"Valor atualizado pela UFEMG.
Valor contabilizado 2025 multiplicado pela medida UFEMG 2025 dividida pela UFEMG 2026.
Fórmula:
contabilizado 2025 * (5,7899/5,531)
"
2027;4381;FUNDO ESTADUAL DE DESENVOLVIMENTO DE TRANSPORTES;FUNTRANS;1.9.1.1.01.0.1.03.003;MULTAS LEGISL. ESPECÍFICA - PRINC. - LEGISL. TRÂNSITO - COTA PARTE DO FUNDO NACIONAL DE SEGURANÇA E EDUCAÇÃO NO TRÂNSITO - FUNSET;1;9;1;1;1;0;1;3;3;83;15642849;15642849;"Valor atualizado pela UFEMG.
Valor contabilizado 2025 multiplicado pela medida UFEMG 2025 dividida pela UFEMG 2026.
Fórmula:
contabilizado 2025 * (5,7899/5,531)
"
2027;4381;FUNDO ESTADUAL DE DESENVOLVIMENTO DE TRANSPORTES;FUNTRANS;1.9.1.1.09.0.1.99.000;MULTAS JUROS PREVISTOS CONTRATOS - PRINC. - DEMAIS;1;9;1;1;9;0;1;99;0;60;248176;248176;A estimativa do valor a ser arrecadado foi elaborada pela SEINFRA com base nos criterios e premissas adotados pela unidade responsavelContratos BR 135 valor de 248 175 58
2027;4381;FUNDO ESTADUAL DE DESENVOLVIMENTO DE TRANSPORTES;FUNTRANS;1.9.2.2.99.0.1.99.000;OUTRAS RESTITUIÇÕES - PRINC. - DEMAIS;1;9;2;2;99;0;1;99;0;83;4146;4146;"Valor atualizado pela UFEMG.
Valor contabilizado 2025 multiplicado pela medida UFEMG 2025 dividida pela UFEMG 2026.
Fórmula:
contabilizado 2025 * (5,7899/5,531)
"
2027;4381;FUNDO ESTADUAL DE DESENVOLVIMENTO DE TRANSPORTES;FUNTRANS;9.9.1.1.01.0.1.03.003;DEDUÇÃO REC. - MULTAS LEGISL. ESPECÍFICA - PRINC. - LEGISL. TRÂNSITO - COTA PARTE DO FUNDO NACIONAL DE SEGURANÇA E EDUCAÇÃO NO TRÂNSITO - FUNSET;9;9;1;1;1;0;1;3;3;83;-15642849;-15642849;"Valor atualizado pela UFEMG.
Valor contabilizado 2025 multiplicado pela medida UFEMG 2025 dividida pela UFEMG 2026.
Fórmula:
contabilizado 2025 * (5,7899/5,531)
"
2027;4421;FUNDO ESTADUAL DE DEFESA DE DIREITOS DIFUSOS;FUNDIF;1.9.1.1.08.0.1.01.000;MULTAS SENTENÇAS JUDICIAIS - PRINC. - MULTAS PECUNIÁRIAS E JUROS DE MORA;1;9;1;1;8;0;1;1;0;39;8906618;8906618;Valor projetado da receita em cenario que preve incremento de 10 por cento sobre a arrecadacao de 2025 considerando a manutencao das condicoes vigentes
2027;4441;FUNDO ESPECIAL DO MINISTÉRIO PÚBLICO DO ESTADO DE MINAS GERAIS;FUNEMP;1.3.2.1.01.0.1.01.000;REMUNERAÇÃO DEPÓSITOS BANCÁRIOS - PRINC.;1;3;2;1;1;0;1;1;0;60;16700000;16700000;O período utilizado como referência foi a média dos últimos 36 (trinta e seis) meses de arrecadação, incluindo os 3 primeiros meses de 2026.
2027;4441;FUNDO ESPECIAL DO MINISTÉRIO PÚBLICO DO ESTADO DE MINAS GERAIS;FUNEMP;1.9.1.1.04.0.1.03.000;MULTAS LEGISL. DEFESA DIR. DIFUSOS - PRINC. - TERMO DE AJUSTAMENTO DE CONDUTA - TAC;1;9;1;1;4;0;1;3;0;60;50400000;50400000;O período utilizado como referência foi a média dos últimos 36 (trinta e seis) meses de arrecadação, incluindo os 3 primeiros meses de 2026.
2027;4441;FUNDO ESPECIAL DO MINISTÉRIO PÚBLICO DO ESTADO DE MINAS GERAIS;FUNEMP;1.9.2.2.01.1.1.01.000;RESTITUIÇÃO CONVÊNIOS - PRIMÁRIAS - PRINC.;1;9;2;2;1;1;1;1;0;60;800000;800000;O período utilizado como referência foi a média dos últimos 36 (trinta e seis) meses de arrecadação, incluindo os 3 primeiros meses de 2026.
2027;4441;FUNDO ESPECIAL DO MINISTÉRIO PÚBLICO DO ESTADO DE MINAS GERAIS;FUNEMP;1.9.2.2.99.0.1.99.000;OUTRAS RESTITUIÇÕES - PRINC. - DEMAIS;1;9;2;2;99;0;1;99;0;60;1000;1000;O período utilizado como referência foi a média dos últimos 36 (trinta e seis) meses de arrecadação, incluindo os 3 primeiros meses de 2026.
2027;4451;FUNDO ESTADUAL DE PROTEÇÃO E DEFESA DO CONSUMIDOR;FEPDC;1.3.2.1.01.0.1.01.000;REMUNERAÇÃO DEPÓSITOS BANCÁRIOS - PRINC.;1;3;2;1;1;0;1;1;0;60;22200000;22200000;O período utilizado como referência foi a média dos últimos 36 (trinta e seis) meses de arrecadação, incluindo os 3 primeiros meses de 2026.
2027;4451;FUNDO ESTADUAL DE PROTEÇÃO E DEFESA DO CONSUMIDOR;FEPDC;1.9.1.1.01.0.1.12.000;MULTAS LEGISL. ESPECÍFICA - PRINC. - INFRAÇÃO À LEGISLAÇÃO DE ABASTECIMENTO DE ÁGUA E ESGOTAMENTO SANITÁRIO;1;9;1;1;1;0;1;12;0;60;100000;100000;O período utilizado como referência foi a média dos últimos 36 (trinta e seis) meses de arrecadação, incluindo os 3 primeiros meses de 2026.
2027;4451;FUNDO ESTADUAL DE PROTEÇÃO E DEFESA DO CONSUMIDOR;FEPDC;1.9.1.1.04.0.1.02.000;MULTAS LEGISL. DEFESA DIR. DIFUSOS - PRINC. - APLICADAS PELO PROCON-MG;1;9;1;1;4;0;1;2;0;60;50500000;50500000;O período utilizado como referência foi a média dos últimos 36 (trinta e seis) meses de arrecadação, incluindo os 3 primeiros meses de 2026.
2027;4451;FUNDO ESTADUAL DE PROTEÇÃO E DEFESA DO CONSUMIDOR;FEPDC;1.9.1.1.09.0.1.99.000;MULTAS JUROS PREVISTOS CONTRATOS - PRINC. - DEMAIS;1;9;1;1;9;0;1;99;0;60;40000;40000;O período utilizado como referência foi a média dos últimos 36 (trinta e seis) meses de arrecadação, incluindo os 3 primeiros meses de 2026.
2027;4451;FUNDO ESTADUAL DE PROTEÇÃO E DEFESA DO CONSUMIDOR;FEPDC;1.9.2.2.01.1.1.01.000;RESTITUIÇÃO CONVÊNIOS - PRIMÁRIAS - PRINC.;1;9;2;2;1;1;1;1;0;60;210000;210000;O período utilizado como referência foi a média dos últimos 36 (trinta e seis) meses de arrecadação, incluindo os 3 primeiros meses de 2026.
2027;4451;FUNDO ESTADUAL DE PROTEÇÃO E DEFESA DO CONSUMIDOR;FEPDC;1.9.2.2.99.0.1.99.000;OUTRAS RESTITUIÇÕES - PRINC. - DEMAIS;1;9;2;2;99;0;1;99;0;60;3000;3000;O período utilizado como referência foi a média dos últimos 36 (trinta e seis) meses de arrecadação, incluindo os 3 primeiros meses de 2026.
2027;4491;FUNDO ESTADUAL DE CULTURA;FEC;1.3.2.1.01.0.1.01.000;REMUNERAÇÃO DEPÓSITOS BANCÁRIOS - PRINC.;1;3;2;1;1;0;1;1;0;59;1000000;1000000;Projeção com base na arrecadação da receita nos últimos anos.
2027;4491;FUNDO ESTADUAL DE CULTURA;FEC;1.7.1.9.99.0.1.14.001;CULTURA - MINISTÉRIO DA CULTURA;1;7;1;9;99;0;1;14;1;16;0;130000000;Adequação solicitada pela UO para recebimento do recurso - Gustavo Hermont Duarte (SECULT) <gustavo.duarte@secult.mg.gov.br>
2027;4491;FUNDO ESTADUAL DE CULTURA;FEC;1.9.9.9.99.2.1.99.000;OUTRAS REC. - PRIMÁRIAS - PRINC. - DEMAIS;1;9;9;9;99;2;1;99;0;59;31000000;31000000;Projeção com base na arrecadação da receita nos últimos anos.
2027;4541;FUNDO DE APOIO HABITACIONAL AOS MILITARES DO ESTADO DE MINAS GERAIS;FAHMEMG;1.6.4.1.01.0.1.01.000;RETORNO OPER. JUROS ENCARG. FINANCEIROS - PRINC. - JUROS DE EMPRÉSTIMOS;1;6;4;1;1;0;1;1;0;60;2617568;2617568;A estimativa dessa receita e baseada na media aritmetica dos valores arrecadados nos dois ultimos anos
2027;4541;FUNDO DE APOIO HABITACIONAL AOS MILITARES DO ESTADO DE MINAS GERAIS;FAHMEMG;2.3.1.1.06.0.1.01.000;AMORTIZAÇÃO EMPRÉSTIMOS CONTRATUAIS - PRINC.;2;3;1;1;6;0;1;1;0;60;24806004;24806004;A estimativa dessa receita e baseada na media aritmetica dos valores arrecadados nos dois ultimos anos
2027;4551;FUNDO DE ASSISTÊNCIA AO PECÚLIO DOS SERVIDORES DO ESTADO DE MINAS GERAIS;FUNAPEC;1.2.1.9.99.1.1.06.000;DEMAIS CONTRIB. SOC. - PRINC. - PECÚLIO;1;2;1;9;99;1;1;6;0;59;57886386;57886386;Média aritmética simples dos ultimos 6 meses  +  reajuste linear de 5,4% para servidores ativos, inativos e pensionistas do Executivo estadual multiplicados por 12 meses de arrecadação.
2027;4551;FUNDO DE ASSISTÊNCIA AO PECÚLIO DOS SERVIDORES DO ESTADO DE MINAS GERAIS;FUNAPEC;1.2.1.9.99.1.1.07.000;DEMAIS CONTRIB. SOC. - PRINC. - SEGURO COLETIVO;1;2;1;9;99;1;1;7;0;59;27687555;27687555;Média aritmética simples dos ultimos 6 meses  +  reajuste linear de 5,4% para servidores ativos, inativos e pensionistas do Executivo estadual multiplicados por 12 meses de arrecadação.
2027;4551;FUNDO DE ASSISTÊNCIA AO PECÚLIO DOS SERVIDORES DO ESTADO DE MINAS GERAIS;FUNAPEC;1.2.1.9.99.1.1.08.000;DEMAIS CONTRIB. SOC. - PRINC. - SEGURO DO CÔNJUGE;1;2;1;9;99;1;1;8;0;59;1153649;1153649;Média aritmética simples dos ultimos 6 meses  +  reajuste linear de 5,4% para servidores ativos, inativos e pensionistas do Executivo estadual multiplicados por 12 meses de arrecadação.
2027;4601;FUNDO ESTADUAL DOS DIREITOS DO IDOSO;FEI;1.7.4.1.99.0.1.41.999;DIR. HUMANOS CIDADANIA - OUTROS;1;7;4;1;99;0;1;41;999;45;1312225;1312225;Valor projetado da receita em cenario que preve incremento de 10 por cento sobre a arrecadacao de 2025 considerando a manutencao das condicoes vigentes
2027;4601;FUNDO ESTADUAL DOS DIREITOS DO IDOSO;FEI;1.7.9.1.99.0.1.14.000;OUTRAS TRANSF. PESSOAS FÍSICAS - PRINC. - DIREITOS HUMANOS E DE CIDADANIA;1;7;9;1;99;0;1;14;0;45;385;385;Valor projetado da receita em cenario que preve incremento de 10 por cento sobre a arrecadacao de 2024
2027;4611;FUNDO DO TRIBUNAL DE CONTAS DO ESTADO DE MINAS GERAIS;FUNCONTAS;1.3.1.1.02.0.1.01.000;CONC. PERM. AUTOR. CESSÃO DIR. USO BENS IMÓV. PÚB. - PRINC. - CONCESSÃO DE DIREITO REAL DE USO DE ÁREA PÚBLICA;1;3;1;1;2;0;1;1;0;60;333070;333070;Média últimos 3 anos  Rem. Dep. Bancário corrigido em 93,4%  da Taxa Selic prevista 2027 de 10,5% - B Focus 27/03/26 - Demais vr. projetado 2026 corrigido pelo IPCA 2027 -3,84%
2027;4611;FUNDO DO TRIBUNAL DE CONTAS DO ESTADO DE MINAS GERAIS;FUNCONTAS;1.3.2.1.01.0.1.01.000;REMUNERAÇÃO DEPÓSITOS BANCÁRIOS - PRINC.;1;3;2;1;1;0;1;1;0;60;2770267;2770267;Média últimos 3 anos  Rem. Dep. Bancário corrigido em 93,4%  da Taxa Selic prevista 2027 de 10,5% - B Focus 27/03/26 - Demais vr. projetado 2026 corrigido pelo IPCA 2027 -3,84%
2027;4611;FUNDO DO TRIBUNAL DE CONTAS DO ESTADO DE MINAS GERAIS;FUNCONTAS;1.3.6.1.01.1.1.01.000;CESSÃO DIR. OPERAC. PAG. - PODERES EXECUTIVO LEGISLATIVO - PRINC. - FOLHA DE PESSOAL;1;3;6;1;1;1;1;1;0;60;850000;850000;Valores utilizados na última cessão do direito de operacionalização de pagamentos atualizados pelo IPCA.
2027;4611;FUNDO DO TRIBUNAL DE CONTAS DO ESTADO DE MINAS GERAIS;FUNCONTAS;1.6.1.1.02.0.1.01.000;INSCRIÇÃO CONCURSOS PROCESSOS SELETIVOS - PRINC.;1;6;1;1;2;0;1;1;0;60;1000;1000;Necessidade de manter registro de abertura em caso de lançamento futuro.
2027;4611;FUNDO DO TRIBUNAL DE CONTAS DO ESTADO DE MINAS GERAIS;FUNCONTAS;1.9.1.1.09.0.1.99.000;MULTAS JUROS PREVISTOS CONTRATOS - PRINC. - DEMAIS;1;9;1;1;9;0;1;99;0;60;1000;1000;Necessidade de manter registro de abertura em caso de lançamento futuro.
2027;4611;FUNDO DO TRIBUNAL DE CONTAS DO ESTADO DE MINAS GERAIS;FUNCONTAS;1.9.2.1.99.0.1.99.000;OUTRAS INDENIZAÇÕES - PRINC. - DEMAIS;1;9;2;1;99;0;1;99;0;60;1000;1000;Necessidade de manter registro de abertura em caso de lançamento futuro.
2027;4611;FUNDO DO TRIBUNAL DE CONTAS DO ESTADO DE MINAS GERAIS;FUNCONTAS;1.9.2.2.99.0.1.99.000;OUTRAS RESTITUIÇÕES - PRINC. - DEMAIS;1;9;2;2;99;0;1;99;0;60;91027;91027;Média últimos 3 anos  Rem. Dep. Bancário corrigido em 93,4%  da Taxa Selic prevista 2027 de 10,5% - B Focus 27/03/26 - Demais vr. projetado 2026 corrigido pelo IPCA 2027 -3,84%
2027;4611;FUNDO DO TRIBUNAL DE CONTAS DO ESTADO DE MINAS GERAIS;FUNCONTAS;1.9.9.9.99.2.1.99.000;OUTRAS REC. - PRIMÁRIAS - PRINC. - DEMAIS;1;9;9;9;99;2;1;99;0;60;0;7500000;Nova receita primaria prevista pelo Tribunal de Contas do Estado de Minas Gerais. 
2027;4611;FUNDO DO TRIBUNAL DE CONTAS DO ESTADO DE MINAS GERAIS;FUNCONTAS;1.9.9.9.99.2.2.99.000;OUTRAS REC. - PRIMÁRIAS - MJM - DEMAIS;1;9;9;9;99;2;2;99;0;60;2698580;2698580;Média últimos 3 anos  Rem. Dep. Bancário corrigido em 93,4%  da Taxa Selic prevista 2027 de 10,5% - B Focus 27/03/26 - Demais vr. projetado 2026 corrigido pelo IPCA 2027 -3,84%
2027;4621;FUNDO DE INVESTIMENTO DO ESTADO DE MINAS GERAIS;MG INVESTE;1.3.2.1.05.0.1.01.000;JUROS TÍTULOS RENDA - PRINC. - RENDIMENTO DE APLICAÇÃO FINANCEIRA - TÍTULOS DE CRÉDITO;1;3;2;1;5;0;1;1;0;60;11000000;11000000;"Com base no Boletim Focus do BACEN, que tem a projeção do CDI ao final de 2026 em 12,5% a.a. Assim, o valor projetado de 12,5% sobre o valor principal aplicado de aproximadamente R$ 89 milhões, nos leva ao valor estimado de R$ 11.000.000,00.
"
2027;4621;FUNDO DE INVESTIMENTO DO ESTADO DE MINAS GERAIS;MG INVESTE;1.6.4.1.01.0.1.01.000;RETORNO OPER. JUROS ENCARG. FINANCEIROS - PRINC. - JUROS DE EMPRÉSTIMOS;1;6;4;1;1;0;1;1;0;60;38000;38000;Baseado na projeção de recebimentos de retornos de financiamentos vincendos em 2027 no âmbito deste fundo, à exceção daqueles que estão dados em garantia às Parcerias Público Privadas ou que estejam como créditos em liquidação, ou seja, abaixo do nível de risco H, devido à inadimplência
2027;4621;FUNDO DE INVESTIMENTO DO ESTADO DE MINAS GERAIS;MG INVESTE;2.3.1.1.07.1.1.99.000;AMORTIZAÇÃO FINANCIAMENTOS GERAL - PRINC. - DEMAIS;2;3;1;1;7;1;1;99;0;60;2200000;2200000;"Baseado na projeção de recebimentos de retornos de financiamentos vincendos em 2027 no âmbito deste fundo, à exceção daqueles que estão dados em garantia às Parcerias Público Privadas ou que estejam como créditos em liquidação, ou seja, abaixo do nível de risco H, devido à inadimplência. 
"
2027;4631;FUNDO DE PAGAMENTO DE PARCERIAS PÚBLICO - PRIVADAS DE MINAS GERAIS;FPP - MG;7.7.2.9.99.0.1.25.000;REC. INTRA. - OUTRAS TRANSF. ESTADOS DF - PRINC. - REPASSE DO FUNDO ESTADUAL DE SAÚDE - FES - LC FEDERAL Nº 141/12;7;7;2;9;99;0;1;25;0;10;1038;1038;Receita calculada pela SEPLAG conforme despesas projetadas para o órgão
2027;4691;FUNDO ESTADUAL DE SEGURANÇA PÚBLICA DE MINAS GERAIS;FESP-MG;1.3.2.1.01.0.1.01.000;REMUNERAÇÃO DEPÓSITOS BANCÁRIOS - PRINC.;1;3;2;1;1;0;1;1;0;57;50138066;50138066;VALOR ESTIMADO COM BASE NOS INSTRUMENTOS JURÍDICOS VIGENTES, NAS RESPECTIVAS PREVISÕES DE INGRESSO DE RECURSOS E, QUANDO APLICÁVEL, EM PROPOSTAS DE NOVOS INSTRUMENTOS EM ANÁLISE OU EM FASE DE FORMALIZAÇÃO JUNTO AOS CONCEDENTES.
2027;4701;FUNDO ESTADUAL DO TRABALHO DE MINAS GERAIS;FET-MG;1.3.2.1.01.0.1.01.000;REMUNERAÇÃO DEPÓSITOS BANCÁRIOS - PRINC.;1;3;2;1;1;0;1;1;0;57;1000;1000;VALOR ESTIMADO COM BASE NOS INSTRUMENTOS JURÍDICOS VIGENTES, NAS RESPECTIVAS PREVISÕES DE INGRESSO DE RECURSOS E, QUANDO APLICÁVEL, EM PROPOSTAS DE NOVOS INSTRUMENTOS EM ANÁLISE OU EM FASE DE FORMALIZAÇÃO JUNTO AOS CONCEDENTES.
2027;4701;FUNDO ESTADUAL DO TRABALHO DE MINAS GERAIS;FET-MG;1.7.1.9.99.0.1.25.002;TRABALHO - MINISTÉRIO DA ECONOMIA;1;7;1;9;99;0;1;25;2;57;5431372;5431372;VALOR ESTIMADO COM BASE NOS INSTRUMENTOS JURÍDICOS VIGENTES, NAS RESPECTIVAS PREVISÕES DE INGRESSO DE RECURSOS E, QUANDO APLICÁVEL, EM PROPOSTAS DE NOVOS INSTRUMENTOS EM ANÁLISE OU EM FASE DE FORMALIZAÇÃO JUNTO AOS CONCEDENTES.
2027;4701;FUNDO ESTADUAL DO TRABALHO DE MINAS GERAIS;FET-MG;1.9.2.2.99.0.1.99.000;OUTRAS RESTITUIÇÕES - PRINC. - DEMAIS;1;9;2;2;99;0;1;99;0;57;1000;1000;VALOR ESTIMADO COM BASE NOS INSTRUMENTOS JURÍDICOS VIGENTES, NAS RESPECTIVAS PREVISÕES DE INGRESSO DE RECURSOS E, QUANDO APLICÁVEL, EM PROPOSTAS DE NOVOS INSTRUMENTOS EM ANÁLISE OU EM FASE DE FORMALIZAÇÃO JUNTO AOS CONCEDENTES.
2027;4711;FUNDO FINANCEIRO DE PREVIDÊNCIA DO ESTADO DE MINAS GERAIS;FFP - MG ;1.2.1.5.01.1.1.01.000;CONTRIB. SERV. CIVIL ATIVO - PRINC. - PODER EXECUTIVO;1;2;1;5;1;1;1;1;0;43;1549095481;1587628992;Receita De Contribuições: Projeção Com Base Na Receita Executada Até Março De 2026, Incorporando Crescimento Vegetativo, Reajustes E Outros Impactos.
2027;4711;FUNDO FINANCEIRO DE PREVIDÊNCIA DO ESTADO DE MINAS GERAIS;FFP - MG ;1.2.1.5.01.1.1.02.000;CONTRIB. SERV. CIVIL ATIVO - PRINC. - ASSEMBLEIA LEGISLATIVA DO ESTADO DE MINAS GERAIS - ALMG;1;2;1;5;1;1;1;2;0;43;62632954;59810000;Receita De Contribuições: Projeção Com Base Na Receita Executada Até Março De 2026, Incorporando Crescimento Vegetativo, Reajustes E Outros Impactos.
2027;4711;FUNDO FINANCEIRO DE PREVIDÊNCIA DO ESTADO DE MINAS GERAIS;FFP - MG ;1.2.1.5.01.1.1.03.000;CONTRIB. SERV. CIVIL ATIVO - PRINC. - TRIBUNAL DE CONTAS DO ESTADO DE MINAS GERAIS - TCEMG;1;2;1;5;1;1;1;3;0;43;90798032;58171611;Receita De Contribuições: Projeção Com Base Na Receita Executada Até Março De 2026, Incorporando Crescimento Vegetativo, Reajustes E Outros Impactos.
2027;4711;FUNDO FINANCEIRO DE PREVIDÊNCIA DO ESTADO DE MINAS GERAIS;FFP - MG ;1.2.1.5.01.1.1.04.000;CONTRIB. SERV. CIVIL ATIVO - PRINC. - TRIBUNAL DE JUSTIÇA DO ESTADO DE MINAS GERAIS - TJMG;1;2;1;5;1;1;1;4;0;43;596258994;538652241;Receita De Contribuições: Projeção Com Base Na Receita Executada Até Março De 2026, Incorporando Crescimento Vegetativo, Reajustes E Outros Impactos.
2027;4711;FUNDO FINANCEIRO DE PREVIDÊNCIA DO ESTADO DE MINAS GERAIS;FFP - MG ;1.2.1.5.01.1.1.05.000;CONTRIB. SERV. CIVIL ATIVO - PRINC. - TRIBUNAL DE JUSTIÇA MILITAR DO ESTADO DE MINAS GERAIS - TJMMG;1;2;1;5;1;1;1;5;0;43;5857196;5422155;RECEITA DE CONTRIBUIÇÕES: PROJEÇÃO COM BASE NA RECEITA EXECUTADA ATÉ MARÇO DE 2025, INCORPORANDO CRESCIMENTO VEGETATIVO, REAJUSTES E OUTROS IMPACTOS.
2027;4711;FUNDO FINANCEIRO DE PREVIDÊNCIA DO ESTADO DE MINAS GERAIS;FFP - MG ;1.2.1.5.01.1.1.06.000;CONTRIB. SERV. CIVIL ATIVO - PRINC. - MINISTÉRIO PÚBLICO DO ESTADO DE MINAS GERAIS - MPMG;1;2;1;5;1;1;1;6;0;43;286260636;224028722;RECEITA DE CONTRIBUIÇÕES: PROJEÇÃO COM BASE NA RECEITA EXECUTADA ATÉ MARÇO DE 2025, INCORPORANDO CRESCIMENTO VEGETATIVO, REAJUSTES E OUTROS IMPACTOS.
2027;4711;FUNDO FINANCEIRO DE PREVIDÊNCIA DO ESTADO DE MINAS GERAIS;FFP - MG ;1.2.1.5.01.1.1.07.000;CONTRIB. SERV. CIVIL ATIVO - PRINC. - DEFENSORIA PÚBLICA DO ESTADO DE MINAS GERAIS - DEFPUB;1;2;1;5;1;1;1;7;0;43;59617251;50635052;RECEITA DE CONTRIBUIÇÕES: PROJEÇÃO COM BASE NA RECEITA EXECUTADA ATÉ MARÇO DE 2025, INCORPORANDO CRESCIMENTO VEGETATIVO, REAJUSTES E OUTROS IMPACTOS.
2027;4711;FUNDO FINANCEIRO DE PREVIDÊNCIA DO ESTADO DE MINAS GERAIS;FFP - MG ;1.2.1.5.01.1.1.99.001;CONTRIB. SERV. CIVIL ATIVO - PRINC. - DEMAIS - PESSOAL LICENCIADO/À DISPOSIÇÃO;1;2;1;5;1;1;1;99;1;43;24363925;27185500;Média aritmética simples dos ultimos 15 meses multiplicados por 12 meses de arrecadação.
2027;4711;FUNDO FINANCEIRO DE PREVIDÊNCIA DO ESTADO DE MINAS GERAIS;FFP - MG ;1.2.1.5.01.2.1.01.000;CONTRIB. SERV. CIVIL INATIVO - PRINC. - PODER EXECUTIVO;1;2;1;5;1;2;1;1;0;43;712503769;779805032;RECEITA DE CONTRIBUIÇÕES: PROJEÇÃO COM BASE NA RECEITA EXECUTADA ATÉ MARÇO DE 2025, INCORPORANDO CRESCIMENTO VEGETATIVO, REAJUSTES E OUTROS IMPACTOS.
2027;4711;FUNDO FINANCEIRO DE PREVIDÊNCIA DO ESTADO DE MINAS GERAIS;FFP - MG ;1.2.1.5.01.2.1.02.000;CONTRIB. SERV. CIVIL INATIVO - PRINC. - ASSEMBLEIA LEGISLATIVA DO ESTADO DE MINAS GERAIS - ALMG;1;2;1;5;1;2;1;2;0;43;75924161;69500000;RECEITA DE CONTRIBUIÇÕES: PROJEÇÃO COM BASE NA RECEITA EXECUTADA ATÉ MARÇO DE 2025, INCORPORANDO CRESCIMENTO VEGETATIVO, REAJUSTES E OUTROS IMPACTOS.
2027;4711;FUNDO FINANCEIRO DE PREVIDÊNCIA DO ESTADO DE MINAS GERAIS;FFP - MG ;1.2.1.5.01.2.1.03.000;CONTRIB. SERV. CIVIL INATIVO - PRINC. - TRIBUNAL DE CONTAS DO ESTADO DE MINAS GERAIS - TCEMG;1;2;1;5;1;2;1;3;0;43;118514358;75119467;RECEITA DE CONTRIBUIÇÕES: PROJEÇÃO COM BASE NA RECEITA EXECUTADA ATÉ MARÇO DE 2025, INCORPORANDO CRESCIMENTO VEGETATIVO, REAJUSTES E OUTROS IMPACTOS.
2027;4711;FUNDO FINANCEIRO DE PREVIDÊNCIA DO ESTADO DE MINAS GERAIS;FFP - MG ;1.2.1.5.01.2.1.04.000;CONTRIB. SERV. CIVIL INATIVO - PRINC. - TRIBUNAL DE JUSTIÇA DO ESTADO DE MINAS GERAIS - TJMG;1;2;1;5;1;2;1;4;0;43;251974248;205377079;RECEITA DE CONTRIBUIÇÕES: PROJEÇÃO COM BASE NA RECEITA EXECUTADA ATÉ MARÇO DE 2025, INCORPORANDO CRESCIMENTO VEGETATIVO, REAJUSTES E OUTROS IMPACTOS.
2027;4711;FUNDO FINANCEIRO DE PREVIDÊNCIA DO ESTADO DE MINAS GERAIS;FFP - MG ;1.2.1.5.01.2.1.05.000;CONTRIB. SERV. CIVIL INATIVO - PRINC. - TRIBUNAL DE JUSTIÇA MILITAR DO ESTADO DE MINAS GERAIS - TJMMG;1;2;1;5;1;2;1;5;0;43;2920362;3046093;RECEITA DE CONTRIBUIÇÕES: PROJEÇÃO COM BASE NA RECEITA EXECUTADA ATÉ MARÇO DE 2025, INCORPORANDO CRESCIMENTO VEGETATIVO, REAJUSTES E OUTROS IMPACTOS.
2027;4711;FUNDO FINANCEIRO DE PREVIDÊNCIA DO ESTADO DE MINAS GERAIS;FFP - MG ;1.2.1.5.01.2.1.06.000;CONTRIB. SERV. CIVIL INATIVO - PRINC. - MINISTÉRIO PÚBLICO DO ESTADO DE MINAS GERAIS - MPMG;1;2;1;5;1;2;1;6;0;43;75422713;58519079;RECEITA DE CONTRIBUIÇÕES: PROJEÇÃO COM BASE NA RECEITA EXECUTADA ATÉ MARÇO DE 2025, INCORPORANDO CRESCIMENTO VEGETATIVO, REAJUSTES E OUTROS IMPACTOS.
2027;4711;FUNDO FINANCEIRO DE PREVIDÊNCIA DO ESTADO DE MINAS GERAIS;FFP - MG ;1.2.1.5.01.2.1.07.000;CONTRIB. SERV. CIVIL INATIVO - PRINC. - DEFENSORIA PÚBLICA DO ESTADO DE MINAS GERAIS - DEFPUB;1;2;1;5;1;2;1;7;0;43;22210624;18707081;RECEITA DE CONTRIBUIÇÕES: PROJEÇÃO COM BASE NA RECEITA EXECUTADA ATÉ MARÇO DE 2025, INCORPORANDO CRESCIMENTO VEGETATIVO, REAJUSTES E OUTROS IMPACTOS.
2027;4711;FUNDO FINANCEIRO DE PREVIDÊNCIA DO ESTADO DE MINAS GERAIS;FFP - MG ;1.2.1.5.01.3.1.01.000;CONTRIB. SERV. CIVIL - PENSIONISTAS - PRINC. - PODER EXECUTIVO;1;2;1;5;1;3;1;1;0;43;208043868;196680486;RECEITA DE CONTRIBUIÇÕES: PROJEÇÃO COM BASE NA RECEITA EXECUTADA ATÉ MARÇO DE 2025, INCORPORANDO CRESCIMENTO VEGETATIVO, REAJUSTES E OUTROS IMPACTOS.
2027;4711;FUNDO FINANCEIRO DE PREVIDÊNCIA DO ESTADO DE MINAS GERAIS;FFP - MG ;1.2.1.5.01.3.1.02.000;CONTRIB. SERV. CIVIL - PENSIONISTAS - PRINC. - ASSEMBLEIA LEGISLATIVA DO ESTADO DE MINAS GERAIS - ALMG;1;2;1;5;1;3;1;2;0;43;288006;200000;RECEITA DE CONTRIBUIÇÕES: PROJEÇÃO COM BASE NA RECEITA EXECUTADA ATÉ MARÇO DE 2025, INCORPORANDO CRESCIMENTO VEGETATIVO, REAJUSTES E OUTROS IMPACTOS.
2027;4711;FUNDO FINANCEIRO DE PREVIDÊNCIA DO ESTADO DE MINAS GERAIS;FFP - MG ;1.2.1.5.01.3.1.03.000;CONTRIB. SERV. CIVIL - PENSIONISTAS - PRINC. - TRIBUNAL DE CONTAS DO ESTADO DE MINAS GERAIS - TCEMG;1;2;1;5;1;3;1;3;0;43;;1000;Ajusta receitas obrigatórias no GRP relacionadas à despesa de pessoal
2027;4711;FUNDO FINANCEIRO DE PREVIDÊNCIA DO ESTADO DE MINAS GERAIS;FFP - MG ;1.2.1.5.01.3.1.04.000;CONTRIB. SERV. CIVIL - PENSIONISTAS - PRINC. - TRIBUNAL DE JUSTIÇA DO ESTADO DE MINAS GERAIS - TJMG;1;2;1;5;1;3;1;4;0;43;84941556;94555002;RECEITA DE CONTRIBUIÇÕES: PROJEÇÃO COM BASE NA RECEITA EXECUTADA ATÉ MARÇO DE 2025, INCORPORANDO CRESCIMENTO VEGETATIVO, REAJUSTES E OUTROS IMPACTOS.
2027;4711;FUNDO FINANCEIRO DE PREVIDÊNCIA DO ESTADO DE MINAS GERAIS;FFP - MG ;1.2.1.5.01.3.1.05.000;CONTRIB. SERV. CIVIL - PENSIONISTAS - PRINC. - TRIBUNAL DE JUSTIÇA MILITAR DO ESTADO DE MINAS GERAIS - TJMMG;1;2;1;5;1;3;1;5;0;43;751200;332400;RECEITA DE CONTRIBUIÇÕES: PROJEÇÃO COM BASE NA RECEITA EXECUTADA ATÉ MARÇO DE 2025, INCORPORANDO CRESCIMENTO VEGETATIVO, REAJUSTES E OUTROS IMPACTOS.
2027;4711;FUNDO FINANCEIRO DE PREVIDÊNCIA DO ESTADO DE MINAS GERAIS;FFP - MG ;1.2.1.5.01.3.1.06.000;CONTRIB. SERV. CIVIL - PENSIONISTAS - PRINC. - MINISTÉRIO PÚBLICO DO ESTADO DE MINAS GERAIS - MPMG;1;2;1;5;1;3;1;6;0;43;22501947;17863850;RECEITA DE CONTRIBUIÇÕES: PROJEÇÃO COM BASE NA RECEITA EXECUTADA ATÉ MARÇO DE 2025, INCORPORANDO CRESCIMENTO VEGETATIVO, REAJUSTES E OUTROS IMPACTOS.
2027;4711;FUNDO FINANCEIRO DE PREVIDÊNCIA DO ESTADO DE MINAS GERAIS;FFP - MG ;1.2.1.5.01.3.1.07.000;CONTRIB. SERV. CIVIL - PENSIONISTAS - PRINC. - DEFENSORIA PÚBLICA DO ESTADO DE MINAS GERAIS - DEFPUB;1;2;1;5;1;3;1;7;0;43;;1000;Ajusta receitas obrigatórias no GRP relacionadas à despesa de pessoal
2027;4711;FUNDO FINANCEIRO DE PREVIDÊNCIA DO ESTADO DE MINAS GERAIS;FFP - MG ;1.2.1.5.01.4.1.01.000;CONTRIB. ORIUNDA SENT. JUDIC. - SERV. CIVIL ATIVO - PRINC.;1;2;1;5;1;4;1;1;0;43;18942514;23572692;Média aritmética simples dos ultimos 15 meses multiplicados por 12 meses de arrecadação.
2027;4711;FUNDO FINANCEIRO DE PREVIDÊNCIA DO ESTADO DE MINAS GERAIS;FFP - MG ;1.2.1.5.01.5.1.01.000;CONTRIB. ORIUNDA SENT. JUDIC. - SERV. CIVIL INATIVO - PRINC.;1;2;1;5;1;5;1;1;0;43;18919724;23558553;Média aritmética simples dos ultimos 15 meses multiplicados por 12 meses de arrecadação.
2027;4711;FUNDO FINANCEIRO DE PREVIDÊNCIA DO ESTADO DE MINAS GERAIS;FFP - MG ;1.2.1.9.99.1.3.99.000;DEMAIS CONTRIB. SOC. - DA - DEMAIS;1;2;1;9;99;1;3;99;0;61;6630075;6630075;Média aritmética simples dos ultimos 6 meses multiplicados por 12 meses de arrecadação.
2027;4711;FUNDO FINANCEIRO DE PREVIDÊNCIA DO ESTADO DE MINAS GERAIS;FFP - MG ;1.2.1.9.99.1.4.99.000;DEMAIS CONTRIB. SOC. - DA-MJM - DEMAIS;1;2;1;9;99;1;4;99;0;61;5513603;5513603;Média aritmética simples dos ultimos 6 meses multiplicados por 12 meses de arrecadação.
2027;4711;FUNDO FINANCEIRO DE PREVIDÊNCIA DO ESTADO DE MINAS GERAIS;FFP - MG ;1.3.2.1.04.0.1.01.000;REMUNERAÇÃO RECURSOS RPPS - PRINC. - RENDA FIXA;1;3;2;1;4;0;1;1;0;61;56615886;56615886;Média aritmética simples dos ultimos 6 meses multiplicados por 12 meses de arrecadação.
2027;4711;FUNDO FINANCEIRO DE PREVIDÊNCIA DO ESTADO DE MINAS GERAIS;FFP - MG ;1.3.2.1.04.0.1.02.000;REMUNERAÇÃO RECURSOS RPPS - PRINC. - RENDA VARIÁVEL;1;3;2;1;4;0;1;2;0;61;472500;472500;Média aritmética simples dos ultimos 6 meses multiplicados por 12 meses de arrecadação.
2027;4711;FUNDO FINANCEIRO DE PREVIDÊNCIA DO ESTADO DE MINAS GERAIS;FFP - MG ;1.9.2.2.03.0.1.01.000;RESTITUIÇÃO BENEFÍCIOS PREVIDENCIÁRIOS - PRINC. - FOLHA PAGAMENTO - INATIVOS E PENSIONISTAS;1;9;2;2;3;0;1;1;0;10;;1000;Inclui as receitas de restituição que não possuem fontes já fechadas de pessoal
2027;4711;FUNDO FINANCEIRO DE PREVIDÊNCIA DO ESTADO DE MINAS GERAIS;FFP - MG ;1.9.2.2.03.0.1.01.000;RESTITUIÇÃO BENEFÍCIOS PREVIDENCIÁRIOS - PRINC. - FOLHA PAGAMENTO - INATIVOS E PENSIONISTAS;1;9;2;2;3;0;1;1;0;15;;1000;Inclui as receitas de restituição que já tinham fontes já fechadas de pessoal
2027;4711;FUNDO FINANCEIRO DE PREVIDÊNCIA DO ESTADO DE MINAS GERAIS;FFP - MG ;1.9.2.2.03.0.1.01.000;RESTITUIÇÃO BENEFÍCIOS PREVIDENCIÁRIOS - PRINC. - FOLHA PAGAMENTO - INATIVOS E PENSIONISTAS;1;9;2;2;3;0;1;1;0;42;;1000;Inclui as receitas de restituição que já tinham fontes já fechadas de pessoal
2027;4711;FUNDO FINANCEIRO DE PREVIDÊNCIA DO ESTADO DE MINAS GERAIS;FFP - MG ;1.9.2.2.03.0.1.01.000;RESTITUIÇÃO BENEFÍCIOS PREVIDENCIÁRIOS - PRINC. - FOLHA PAGAMENTO - INATIVOS E PENSIONISTAS;1;9;2;2;3;0;1;1;0;43;;1000;Inclui as receitas de restituição que já tinham fontes já fechadas de pessoal
2027;4711;FUNDO FINANCEIRO DE PREVIDÊNCIA DO ESTADO DE MINAS GERAIS;FFP - MG ;1.9.2.2.03.0.1.01.000;RESTITUIÇÃO BENEFÍCIOS PREVIDENCIÁRIOS - PRINC. - FOLHA PAGAMENTO - INATIVOS E PENSIONISTAS;1;9;2;2;3;0;1;1;0;44;;1000;Inclui as receitas de restituição que já tinham fontes já fechadas de pessoal
2027;4711;FUNDO FINANCEIRO DE PREVIDÊNCIA DO ESTADO DE MINAS GERAIS;FFP - MG ;1.9.2.2.03.0.1.01.000;RESTITUIÇÃO BENEFÍCIOS PREVIDENCIÁRIOS - PRINC. - FOLHA PAGAMENTO - INATIVOS E PENSIONISTAS;1;9;2;2;3;0;1;1;0;60;50000;50000;"Abertura de receita; valor aberto para exercício de 2026. Receita prevista para evento esporádico."
2027;4711;FUNDO FINANCEIRO DE PREVIDÊNCIA DO ESTADO DE MINAS GERAIS;FFP - MG ;1.9.2.2.03.0.1.01.000;RESTITUIÇÃO BENEFÍCIOS PREVIDENCIÁRIOS - PRINC. - FOLHA PAGAMENTO - INATIVOS E PENSIONISTAS;1;9;2;2;3;0;1;1;0;61;50000;50000;"Abertura de receita; valor aberto para exercício de 2026. Receita prevista para evento esporádico."
2027;4711;FUNDO FINANCEIRO DE PREVIDÊNCIA DO ESTADO DE MINAS GERAIS;FFP - MG ;1.9.2.2.99.0.1.99.000;OUTRAS RESTITUIÇÕES - PRINC. - DEMAIS;1;9;2;2;99;0;1;99;0;42;;1000;Inclui as receitas de restituição que já tinham fontes já fechadas de pessoal
2027;4711;FUNDO FINANCEIRO DE PREVIDÊNCIA DO ESTADO DE MINAS GERAIS;FFP - MG ;1.9.2.2.99.0.1.99.000;OUTRAS RESTITUIÇÕES - PRINC. - DEMAIS;1;9;2;2;99;0;1;99;0;43;;1000;Inclui as receitas de restituição que já tinham fontes já fechadas de pessoal
2027;4711;FUNDO FINANCEIRO DE PREVIDÊNCIA DO ESTADO DE MINAS GERAIS;FFP - MG ;1.9.2.2.99.0.1.99.000;OUTRAS RESTITUIÇÕES - PRINC. - DEMAIS;1;9;2;2;99;0;1;99;0;44;;1000;Inclui as receitas de restituição que já tinham fontes já fechadas de pessoal
2027;4711;FUNDO FINANCEIRO DE PREVIDÊNCIA DO ESTADO DE MINAS GERAIS;FFP - MG ;1.9.2.2.99.0.1.99.000;OUTRAS RESTITUIÇÕES - PRINC. - DEMAIS;1;9;2;2;99;0;1;99;0;60;280736;280736;Média aritmética simples dos ultimos 6 meses multiplicados por 12 meses de arrecadação.
2027;4711;FUNDO FINANCEIRO DE PREVIDÊNCIA DO ESTADO DE MINAS GERAIS;FFP - MG ;1.9.2.2.99.0.1.99.000;OUTRAS RESTITUIÇÕES - PRINC. - DEMAIS;1;9;2;2;99;0;1;99;0;61;2629952;2629952;Média aritmética simples dos ultimos 6 meses multiplicados por 12 meses de arrecadação.
2027;4711;FUNDO FINANCEIRO DE PREVIDÊNCIA DO ESTADO DE MINAS GERAIS;FFP - MG ;1.9.9.9.03.0.1.01.000;COMPENSAÇÕES FINANCEIRAS RGPS RPPS SIST. PROTEÇÃO SOCIAL - PRINC.;1;9;9;9;3;0;1;1;0;44;81031031;81031031;Previsão para o exercício com base no valor arredado no exercício de 2025.
2027;4711;FUNDO FINANCEIRO DE PREVIDÊNCIA DO ESTADO DE MINAS GERAIS;FFP - MG ;7.2.1.5.02.1.1.01.001;REC. INTRA. - CONTRIB. PATRON. - SERV. CIVIL ATIVO - PRINC. - EXECUTIVO - CONTRIB. ORDINÁRIA;7;2;1;5;2;1;1;1;1;42;3113029956;3172971764;RECEITA DE CONTRIBUIÇÕES: PROJEÇÃO COM BASE NA RECEITA EXECUTADA ATÉ MARÇO DE 2025, INCORPORANDO CRESCIMENTO VEGETATIVO, REAJUSTES E OUTROS IMPACTOS.
2027;4711;FUNDO FINANCEIRO DE PREVIDÊNCIA DO ESTADO DE MINAS GERAIS;FFP - MG ;7.2.1.5.02.1.1.01.002;REC. INTRA. - CONTRIB. PATRON. - SERV. CIVIL ATIVO - PRINC. - EXECUTIVO - CONTRIB. SUPLEMENTAR;7;2;1;5;2;1;1;1;2;42;2625011989;2677394903;RECEITA DE CONTRIBUIÇÕES: PROJEÇÃO COM BASE NA RECEITA EXECUTADA ATÉ MARÇO DE 2025, INCORPORANDO CRESCIMENTO VEGETATIVO, REAJUSTES E OUTROS IMPACTOS.
2027;4711;FUNDO FINANCEIRO DE PREVIDÊNCIA DO ESTADO DE MINAS GERAIS;FFP - MG ;7.2.1.5.02.1.1.02.001;REC. INTRA. - CONTRIB. PATRON. - SERV. CIVIL ATIVO - PRINC. - ALMG - CONTRIB. ORDINÁRIA;7;2;1;5;2;1;1;2;1;42;125488586;120000000;RECEITA DE CONTRIBUIÇÕES: PROJEÇÃO COM BASE NA RECEITA EXECUTADA ATÉ MARÇO DE 2025, INCORPORANDO CRESCIMENTO VEGETATIVO, REAJUSTES E OUTROS IMPACTOS.
2027;4711;FUNDO FINANCEIRO DE PREVIDÊNCIA DO ESTADO DE MINAS GERAIS;FFP - MG ;7.2.1.5.02.1.1.03.001;REC. INTRA. - CONTRIB. PATRON. - SERV. CIVIL ATIVO - PRINC. - TCEMG - CONTRIB. ORDINÁRIA;7;2;1;5;2;1;1;3;1;42;179576718;115233552;RECEITA DE CONTRIBUIÇÕES: PROJEÇÃO COM BASE NA RECEITA EXECUTADA ATÉ MARÇO DE 2025, INCORPORANDO CRESCIMENTO VEGETATIVO, REAJUSTES E OUTROS IMPACTOS.
2027;4711;FUNDO FINANCEIRO DE PREVIDÊNCIA DO ESTADO DE MINAS GERAIS;FFP - MG ;7.2.1.5.02.1.1.04.001;REC. INTRA. - CONTRIB. PATRON. - SERV. CIVIL ATIVO - PRINC. - TJMG - CONTRIB. ORDINÁRIA;7;2;1;5;2;1;1;4;1;42;1473021342;1077304482;RECEITA DE CONTRIBUIÇÕES: PROJEÇÃO COM BASE NA RECEITA EXECUTADA ATÉ MARÇO DE 2025, INCORPORANDO CRESCIMENTO VEGETATIVO, REAJUSTES E OUTROS IMPACTOS.
2027;4711;FUNDO FINANCEIRO DE PREVIDÊNCIA DO ESTADO DE MINAS GERAIS;FFP - MG ;7.2.1.5.02.1.1.05.001;REC. INTRA. - CONTRIB. PATRON. - SERV. CIVIL ATIVO - PRINC. - TJMMG - CONTRIB. ORDINÁRIA;7;2;1;5;2;1;1;5;1;42;37258472;11045990;RECEITA DE CONTRIBUIÇÕES: PROJEÇÃO COM BASE NA RECEITA EXECUTADA ATÉ MARÇO DE 2025, INCORPORANDO CRESCIMENTO VEGETATIVO, REAJUSTES E OUTROS IMPACTOS.
2027;4711;FUNDO FINANCEIRO DE PREVIDÊNCIA DO ESTADO DE MINAS GERAIS;FFP - MG ;7.2.1.5.02.1.1.06.001;REC. INTRA. - CONTRIB. PATRON. - SERV. CIVIL ATIVO - PRINC. - MPMG - CONTRIB. ORDINÁRIA;7;2;1;5;2;1;1;6;1;42;535574190;448050447;RECEITA DE CONTRIBUIÇÕES: PROJEÇÃO COM BASE NA RECEITA EXECUTADA ATÉ MARÇO DE 2025, INCORPORANDO CRESCIMENTO VEGETATIVO, REAJUSTES E OUTROS IMPACTOS.
2027;4711;FUNDO FINANCEIRO DE PREVIDÊNCIA DO ESTADO DE MINAS GERAIS;FFP - MG ;7.2.1.5.02.1.1.07.001;REC. INTRA. - CONTRIB. PATRON. - SERV. CIVIL ATIVO - PRINC. - DEFPUB - CONTRIB. ORDINÁRIA;7;2;1;5;2;1;1;7;1;42;119260642;101362746;RECEITA DE CONTRIBUIÇÕES: PROJEÇÃO COM BASE NA RECEITA EXECUTADA ATÉ MARÇO DE 2025, INCORPORANDO CRESCIMENTO VEGETATIVO, REAJUSTES E OUTROS IMPACTOS.
2027;4731;FUNDO DE DESENVOLVIMENTO DO MINISTÉRIO PÚBLICO;FDMP;1.1.2.2.02.0.1.04.000;EMOLUMENTOS CUSTAS JUDICIAIS - PRINC. - EMOLUMENTOS;1;1;2;2;2;0;1;4;0;59;106720000;106720000;A metodologia de projeção foi baseanda na série histórica de arrecadação das receitas no exercício de 2026
2027;4731;FUNDO DE DESENVOLVIMENTO DO MINISTÉRIO PÚBLICO;FDMP;1.1.2.2.02.0.2.04.000;EMOLUMENTOS CUSTAS JUDICIAIS - MJM - EMOLUMENTOS;1;1;2;2;2;0;2;4;0;59;3480000;3480000;A metodologia de projeção foi baseanda na série histórica de arrecadação das receitas no exercício de 2026
2027;4731;FUNDO DE DESENVOLVIMENTO DO MINISTÉRIO PÚBLICO;FDMP;1.3.2.1.01.0.1.01.000;REMUNERAÇÃO DEPÓSITOS BANCÁRIOS - PRINC.;1;3;2;1;1;0;1;1;0;59;5800000;5800000;A metodologia de projeção foi baseanda na série histórica de arrecadação das receitas no exercício de 2026
2027;4741;FUNDO ESPECIAL DE GARANTIA DE ACESSO À JUSTIÇA;FEGAJ;1.1.2.2.02.0.1.04.000;EMOLUMENTOS CUSTAS JUDICIAIS - PRINC. - EMOLUMENTOS;1;1;2;2;2;0;1;4;0;59;106189000;106189000;O cálculo utilizado foi a média tendo como base os valores arrecadados nos meses de janeiro, fevereiro e março de 2026.
2027;4741;FUNDO ESPECIAL DE GARANTIA DE ACESSO À JUSTIÇA;FEGAJ;1.9.9.9.12.2.1.01.000;ÔNUS SUCUMBÊNCIA - PRINC. - HONORÁRIOS;1;9;9;9;12;2;1;1;0;60;7000503;7000503;O cálculo utilizado foi a média tendo como base os valores arrecadados nos meses de janeiro, fevereiro e março de 2026.
2027;4751;FUNDO ESPECIAL DA ADVOCACIA-GERAL DO ESTADO;FEAGE;1.1.2.2.02.0.1.04.000;EMOLUMENTOS CUSTAS JUDICIAIS - PRINC. - EMOLUMENTOS;1;1;2;2;2;0;1;4;0;59;12200000;12200000;Foram considerados como referência os valores arrecadados nos últimos 12 meses (04/2025 a 03/2026), que totalizaram R$12.183.327,51.
2027;4751;FUNDO ESPECIAL DA ADVOCACIA-GERAL DO ESTADO;FEAGE;1.1.2.2.02.0.2.04.000;EMOLUMENTOS CUSTAS JUDICIAIS - MJM - EMOLUMENTOS;1;1;2;2;2;0;2;4;0;59;300000;300000;Foram considerados como referência os valores arrecadados nos últimos 12 meses (04/2025 a 03/2026), que totalizaram R$270.204,87.
2027;4751;FUNDO ESPECIAL DA ADVOCACIA-GERAL DO ESTADO;FEAGE;1.9.9.9.99.2.1.99.000;OUTRAS REC. - PRIMÁRIAS - PRINC. - DEMAIS;1;9;9;9;99;2;1;99;0;59;4500000;4500000;Foram considerados como referência os valores arrecadados nos últimos 12 meses (04/2025 a 03/2026), que totalizaram R$4.500.000,00.
2027;9901;RECEITA GERAL DO ESTADO;RGE;1.1.1.2.51.0.1.01.000;IPVA - PRINC. - COTA PARTE DO ESTADO;1;1;1;2;51;0;1;1;0;10;5384212496;5384212496;A projeção do IPVA foi realizada por meio de um modelo ARIMA e alisamento exponencial. Foram usados dados correntes da série de IPVA em bases mensais, com tratamento de sazonalidades, consolidados em bases anuais.
2027;9901;RECEITA GERAL DO ESTADO;RGE;1.1.1.2.51.0.1.02.000;IPVA - PRINC. - COTA PARTE DOS MUNICÍPIOS;1;1;1;2;51;0;1;2;0;20;6730265620;6730265620;A projeção do IPVA foi realizada por meio de um modelo ARIMA e alisamento exponencial. Foram usados dados correntes da série de IPVA em bases mensais, com tratamento de sazonalidades, consolidados em bases anuais.
2027;9901;RECEITA GERAL DO ESTADO;RGE;1.1.1.2.51.0.1.03.000;IPVA - PRINC. - COTA PARTE DO ESTADO PARA O FUNDEB;1;1;1;2;51;0;1;3;0;23;1346053124;1346053124;A projeção do IPVA foi realizada por meio de um modelo ARIMA e alisamento exponencial. Foram usados dados correntes da série de IPVA em bases mensais, com tratamento de sazonalidades, consolidados em bases anuais.
2027;9901;RECEITA GERAL DO ESTADO;RGE;1.1.1.2.51.0.2.01.000;IPVA - MJM - COTA PARTE DO ESTADO;1;1;1;2;51;0;2;1;0;10;352306036;352306036;A projeção do IPVA foi realizada por meio de um modelo ARIMA e alisamento exponencial. Foram usados dados correntes da série de IPVA em bases mensais, com tratamento de sazonalidades, consolidados em bases anuais.
2027;9901;RECEITA GERAL DO ESTADO;RGE;1.1.1.2.51.0.2.02.000;IPVA - MJM - COTA PARTE DOS MUNICÍPIOS;1;1;1;2;51;0;2;2;0;20;440382545;440382545;A projeção do IPVA foi realizada por meio de um modelo ARIMA e alisamento exponencial. Foram usados dados correntes da série de IPVA em bases mensais, com tratamento de sazonalidades, consolidados em bases anuais.
2027;9901;RECEITA GERAL DO ESTADO;RGE;1.1.1.2.51.0.2.03.000;IPVA - MJM - COTA PARTE DO ESTADO PARA O FUNDEB;1;1;1;2;51;0;2;3;0;23;88076509;88076509;A projeção do IPVA foi realizada por meio de um modelo ARIMA e alisamento exponencial. Foram usados dados correntes da série de IPVA em bases mensais, com tratamento de sazonalidades, consolidados em bases anuais.
2027;9901;RECEITA GERAL DO ESTADO;RGE;1.1.1.2.51.0.3.01.000;IPVA - DA - COTA PARTE DO ESTADO;1;1;1;2;51;0;3;1;0;10;141134620;141134620;A projeção do IPVA foi realizada por meio de um modelo ARIMA e alisamento exponencial. Foram usados dados correntes da série de IPVA em bases mensais, com tratamento de sazonalidades, consolidados em bases anuais.
2027;9901;RECEITA GERAL DO ESTADO;RGE;1.1.1.2.51.0.3.02.000;IPVA - DA - COTA PARTE DOS MUNICÍPIOS;1;1;1;2;51;0;3;2;0;20;176418275;176418275;A projeção do IPVA foi realizada por meio de um modelo ARIMA e alisamento exponencial. Foram usados dados correntes da série de IPVA em bases mensais, com tratamento de sazonalidades, consolidados em bases anuais.
2027;9901;RECEITA GERAL DO ESTADO;RGE;1.1.1.2.51.0.3.03.000;IPVA - DA - COTA PARTE DO ESTADO PARA O FUNDEB;1;1;1;2;51;0;3;3;0;23;35283655;35283655;A projeção do IPVA foi realizada por meio de um modelo ARIMA e alisamento exponencial. Foram usados dados correntes da série de IPVA em bases mensais, com tratamento de sazonalidades, consolidados em bases anuais.
2027;9901;RECEITA GERAL DO ESTADO;RGE;1.1.1.2.52.0.1.01.000;ITCD - PRINC. - COTA PARTE DO ESTADO;1;1;1;2;52;0;1;1;0;10;1877986811;1877986811;As projeções de ITCD foram feitas com base no modelo ARIMA e alisamento exponencial. Foram usados dados correntes da série de ITCD em bases mensais, com tratamento de sazonalidades, consolidados em bases anuais.
2027;9901;RECEITA GERAL DO ESTADO;RGE;1.1.1.2.52.0.1.02.000;ITCD - PRINC. - COTA PARTE DO FUNDEB;1;1;1;2;52;0;1;2;0;23;469496703;469496703;As projeções de ITCD foram feitas com base no modelo ARIMA e alisamento exponencial. Foram usados dados correntes da série de ITCD em bases mensais, com tratamento de sazonalidades, consolidados em bases anuais.
2027;9901;RECEITA GERAL DO ESTADO;RGE;1.1.1.2.52.0.2.01.000;ITCD - MJM - COTA PARTE DO ESTADO;1;1;1;2;52;0;2;1;0;10;158273808;158273808;As projeções de ITCD foram feitas com base no modelo ARIMA e alisamento exponencial. Foram usados dados correntes da série de ITCD em bases mensais, com tratamento de sazonalidades, consolidados em bases anuais.
2027;9901;RECEITA GERAL DO ESTADO;RGE;1.1.1.2.52.0.2.02.000;ITCD - MJM - COTA PARTE DO FUNDEB;1;1;1;2;52;0;2;2;0;23;39568452;39568452;As projeções de ITCD foram feitas com base no modelo ARIMA e alisamento exponencial. Foram usados dados correntes da série de ITCD em bases mensais, com tratamento de sazonalidades, consolidados em bases anuais.
2027;9901;RECEITA GERAL DO ESTADO;RGE;1.1.1.2.52.0.3.01.000;ITCD - DA - COTA PARTE DO ESTADO;1;1;1;2;52;0;3;1;0;10;25409540;25409540;As projeções de ITCD foram feitas com base no modelo ARIMA e alisamento exponencial. Foram usados dados correntes da série de ITCD em bases mensais, com tratamento de sazonalidades, consolidados em bases anuais.
2027;9901;RECEITA GERAL DO ESTADO;RGE;1.1.1.2.52.0.3.02.000;ITCD - DA - COTA PARTE DO FUNDEB;1;1;1;2;52;0;3;2;0;23;6352385;6352385;As projeções de ITCD foram feitas com base no modelo ARIMA e alisamento exponencial. Foram usados dados correntes da série de ITCD em bases mensais, com tratamento de sazonalidades, consolidados em bases anuais.
2027;9901;RECEITA GERAL DO ESTADO;RGE;1.1.1.3.03.1.1.01.000;IR - RETIDO FONTE - TRABALHO - PRINC.;1;1;1;3;3;1;1;1;0;10;7993145202;8132021795;Previsão com base na receita estimada para 2026 corrigida pelo IPCA para 2027.
2027;9901;RECEITA GERAL DO ESTADO;RGE;1.1.1.3.03.4.1.01.000;IR - RETIDO FONTE - OUTROS RENDIMENTOS - PRINC.;1;1;1;3;3;4;1;1;0;10;637814439;595014936;Previsão com base na receita estimada para 2026 corrigida pelo IPCA para 2027.
2027;9901;RECEITA GERAL DO ESTADO;RGE;1.1.1.4.50.1.1.01.001;ICMS - PRINC. - COTA PARTE ESTADO;1;1;1;4;50;1;1;1;1;10;56992828391;55385633356;Foram utilizados modelos estatísticos de previsão e para a modelagem utilizou séries mensais de arrecadação de janeiro de 2014 a fevereiro de 2026, testando 81 indicadores econômicos para identificar tendências históricas.
2027;9901;RECEITA GERAL DO ESTADO;RGE;1.1.1.4.50.1.1.01.002;ICMS - PRINC. - COTA PARTE ESTADO - CESSÃO DE DIREITOS CREDITÓRIOS - LEI ESTADUAL Nº 19.266/10;1;1;1;4;50;1;1;1;2;10;493213;328488;Foram utilizados modelos estatísticos de previsão e para a modelagem utilizou séries mensais de arrecadação de janeiro de 2014 a fevereiro de 2026, testando 81 indicadores econômicos para identificar tendências históricas.
2027;9901;RECEITA GERAL DO ESTADO;RGE;1.1.1.4.50.1.1.02.000;ICMS - PRINC. - COTA PARTE DOS MUNICÍPIOS;1;1;1;4;50;1;1;2;0;20;23747217335;23077484102;Foram utilizados modelos estatísticos de previsão e para a modelagem utilizou séries mensais de arrecadação de janeiro de 2014 a fevereiro de 2026, testando 81 indicadores econômicos para identificar tendências históricas.
2027;9901;RECEITA GERAL DO ESTADO;RGE;1.1.1.4.50.1.1.03.000;ICMS - PRINC. - COTA PARTE DO ESTADO PARA O FUNDEB;1;1;1;4;50;1;1;3;0;23;14248330401;13846490461;Foram utilizados modelos estatísticos de previsão e para a modelagem utilizou séries mensais de arrecadação de janeiro de 2014 a fevereiro de 2026, testando 81 indicadores econômicos para identificar tendências históricas.
2027;9901;RECEITA GERAL DO ESTADO;RGE;1.1.1.4.50.1.2.01.001;ICMS - MJM - COTA PARTE ESTADO;1;1;1;4;50;1;2;1;1;10;611256700;611570990;Foram utilizados modelos estatísticos de previsão e para a modelagem utilizou séries mensais de arrecadação de janeiro de 2014 a fevereiro de 2026, testando 81 indicadores econômicos para identificar tendências históricas.
2027;9901;RECEITA GERAL DO ESTADO;RGE;1.1.1.4.50.1.2.01.002;ICMS - MJM - COTA PARTE ESTADO - CESSÃO DE DIREITOS CREDITÓRIOS - LEI ESTADUAL Nº 19.266/10;1;1;1;4;50;1;2;1;2;10;953233;638942;Foram utilizados modelos estatísticos de previsão e para a modelagem utilizou séries mensais de arrecadação de janeiro de 2014 a fevereiro de 2026, testando 81 indicadores econômicos para identificar tendências históricas.
2027;9901;RECEITA GERAL DO ESTADO;RGE;1.1.1.4.50.1.2.02.000;ICMS - MJM - COTA PARTE DOS MUNICÍPIOS;1;1;1;4;50;1;2;2;0;20;255087472;255087472;Foram utilizados modelos estatísticos de previsão e para a modelagem utilizou séries mensais de arrecadação de janeiro de 2014 a fevereiro de 2026, testando 81 indicadores econômicos para identificar tendências históricas.
2027;9901;RECEITA GERAL DO ESTADO;RGE;1.1.1.4.50.1.2.03.000;ICMS - MJM - COTA PARTE DO ESTADO PARA O FUNDEB;1;1;1;4;50;1;2;3;0;23;153052483;153052483;Foram utilizados modelos estatísticos de previsão e para a modelagem utilizou séries mensais de arrecadação de janeiro de 2014 a fevereiro de 2026, testando 81 indicadores econômicos para identificar tendências históricas.
2027;9901;RECEITA GERAL DO ESTADO;RGE;1.1.1.4.50.1.3.01.001;ICMS - DA - COTA PARTE ESTADO;1;1;1;4;50;1;3;1;1;10;476095457;475961225;Foram utilizados modelos estatísticos de previsão e para a modelagem utilizou séries mensais de arrecadação de janeiro de 2014 a fevereiro de 2026, testando 81 indicadores econômicos para identificar tendências históricas.
2027;9901;RECEITA GERAL DO ESTADO;RGE;1.1.1.4.50.1.3.01.002;ICMS - DA - COTA PARTE ESTADO - CESSÃO DE DIREITOS CREDITÓRIOS - LEI ESTADUAL Nº 19.266/10;1;1;1;4;50;1;3;1;2;10;7735469;7869701;Foram utilizados modelos estatísticos de previsão e para a modelagem utilizou séries mensais de arrecadação de janeiro de 2014 a fevereiro de 2026, testando 81 indicadores econômicos para identificar tendências históricas.
2027;9901;RECEITA GERAL DO ESTADO;RGE;1.1.1.4.50.1.3.02.000;ICMS - DA - COTA PARTE DOS MUNICÍPIOS;1;1;1;4;50;1;3;2;0;20;201596219;201596219;Foram utilizados modelos estatísticos de previsão e para a modelagem utilizou séries mensais de arrecadação de janeiro de 2014 a fevereiro de 2026, testando 81 indicadores econômicos para identificar tendências históricas.
2027;9901;RECEITA GERAL DO ESTADO;RGE;1.1.1.4.50.1.3.03.000;ICMS - DA - COTA PARTE DO ESTADO PARA O FUNDEB;1;1;1;4;50;1;3;3;0;23;120957732;120957732;Foram utilizados modelos estatísticos de previsão e para a modelagem utilizou séries mensais de arrecadação de janeiro de 2014 a fevereiro de 2026, testando 81 indicadores econômicos para identificar tendências históricas.
2027;9901;RECEITA GERAL DO ESTADO;RGE;1.1.1.4.50.2.1.01.000;ADICIONAL ICMS - FEM - PRINC. - COTA PARTE DO ESTADO;1;1;1;4;50;2;1;1;0;11;;268800000;Receitas SEF - Previsão de novas receitas na LOA 2027 em relação à LDO 2027
2027;9901;RECEITA GERAL DO ESTADO;RGE;1.1.1.4.50.2.1.01.000;ADICIONAL ICMS - FEM - PRINC. - COTA PARTE DO ESTADO;1;1;1;4;50;2;1;1;0;71;;627200000;Receitas SEF - Previsão de novas receitas na LOA 2027 em relação à LDO 2027
2027;9901;RECEITA GERAL DO ESTADO;RGE;1.1.1.4.50.2.1.02.000;ADICIONAL ICMS - FEM - PRINC. - COTA PARTE DO FUNDEB;1;1;1;4;50;2;1;2;0;23;;224000000;Receitas SEF - Previsão de novas receitas na LOA 2027 em relação à LDO 2027
2027;9901;RECEITA GERAL DO ESTADO;RGE;1.1.1.6.50.0.1.01.000;IBS ESTADO - PRINC. - COTA PARTE ESTADO;1;1;1;6;50;0;1;1;0;10;;57972151;Inclui IBS - Previsão de novas receitas na LOA 2027 em relação à LDO 2027
2027;9901;RECEITA GERAL DO ESTADO;RGE;1.1.1.6.50.0.1.02.000;IBS ESTADO - PRINC. - COTA PARTE DOS MUNICÍPIOS;1;1;1;6;50;0;1;2;0;20;;64413501;Inclui IBS - Previsão de novas receitas na LOA 2027 em relação à LDO 2027
2027;9901;RECEITA GERAL DO ESTADO;RGE;1.1.1.6.50.0.1.03.000;IBS ESTADO - PRINC. - COTA PARTE DO ESTADO PARA O FUNDEB;1;1;1;6;50;0;1;3;0;23;;38648101;Inclui IBS - Previsão de novas receitas na LOA 2027 em relação à LDO 2027
2027;9901;RECEITA GERAL DO ESTADO;RGE;1.1.1.6.50.0.1.04.000;IBS ESTADO - PRINC. - COTA PARTE DO ESTADO PARA O COMITÊ GESTOR DO IBS;1;1;1;6;50;0;1;4;0;20;;96620252;Inclui IBS - Previsão de novas receitas na LOA 2027 em relação à LDO 2027
2027;9901;RECEITA GERAL DO ESTADO;RGE;1.1.2.1.01.0.1.01.001;TX. INSP. CONTR. FISC. - PRINC. - TX. SEGURANÇA PÚBLICA - POLÍCIA CIVIL DO ESTADO DE MINAS GERAIS - PCMG E COORDENADORIA ESTADUAL DE GESTÃO DO TRÂNSITO - CET;1;1;2;1;1;0;1;1;1;11;413291876;403221264;Receita de desvinculação - 30% (trinta por cento) da receita desvinculada.
2027;9901;RECEITA GERAL DO ESTADO;RGE;1.1.2.1.01.0.1.01.001;TX. INSP. CONTR. FISC. - PRINC. - TX. SEGURANÇA PÚBLICA - POLÍCIA CIVIL DO ESTADO DE MINAS GERAIS - PCMG E COORDENADORIA ESTADUAL DE GESTÃO DO TRÂNSITO - CET;1;1;2;1;1;0;1;1;1;27;964347710;940849616;Foi utilizada a receita prevista para 2026 corrigida para 2027 pelo PIB e IPCA.
2027;9901;RECEITA GERAL DO ESTADO;RGE;1.1.2.1.01.0.1.01.002;TX. INSP. CONTR. FISC. - PRINC. - TX. SEGURANÇA PÚBLICA - CORPO DE BOMBEIROS MILITAR DO ESTADO DE MINAS GERAIS - CBMMG;1;1;2;1;1;0;1;1;2;11;4716789;4813981;Receita de desvinculação - 30% (trinta por cento) da receita desvinculada.
2027;9901;RECEITA GERAL DO ESTADO;RGE;1.1.2.1.01.0.1.01.002;TX. INSP. CONTR. FISC. - PRINC. - TX. SEGURANÇA PÚBLICA - CORPO DE BOMBEIROS MILITAR DO ESTADO DE MINAS GERAIS - CBMMG;1;1;2;1;1;0;1;1;2;27;11005841;11232623;Foi utilizada a receita prevista para 2026 corrigida para 2027 pelo PIB e IPCA.
2027;9901;RECEITA GERAL DO ESTADO;RGE;1.1.2.1.01.0.1.01.003;TX. INSP. CONTR. FISC. - PRINC. - TX. SEGURANÇA PÚBLICA - POLÍCIA MILITAR DO ESTADO DE MINAS GERAIS - PMMG;1;1;2;1;1;0;1;1;3;11;96219;92498;Receita de desvinculação - 30% (trinta por cento) da receita desvinculada.
2027;9901;RECEITA GERAL DO ESTADO;RGE;1.1.2.1.01.0.1.01.003;TX. INSP. CONTR. FISC. - PRINC. - TX. SEGURANÇA PÚBLICA - POLÍCIA MILITAR DO ESTADO DE MINAS GERAIS - PMMG;1;1;2;1;1;0;1;1;3;27;224512;215829;Foi utilizada a receita prevista para 2026 corrigida para 2027 pelo PIB e IPCA.
2027;9901;RECEITA GERAL DO ESTADO;RGE;1.1.2.1.01.0.1.01.004;TX. INSP. CONTR. FISC. - PRINC. - TX. SEGURANÇA PÚBLICA - TAXA DE RENOVAÇÃO DE LICENCIAMENTO ANUAL DE VEÍCULO;1;1;2;1;1;0;1;1;4;11;124250441;124250441;Foram projetados tendo por base os valores históricos observados em exercícios recentes (janeiro de 2014 a fevereiro de 2026) e foram utilizados modelos ARIMA e de Alisamento Exponencial.
2027;9901;RECEITA GERAL DO ESTADO;RGE;1.1.2.1.01.0.1.01.004;TX. INSP. CONTR. FISC. - PRINC. - TX. SEGURANÇA PÚBLICA - TAXA DE RENOVAÇÃO DE LICENCIAMENTO ANUAL DE VEÍCULO;1;1;2;1;1;0;1;1;4;27;289917696;289917696;Foram projetados tendo por base os valores históricos observados em exercícios recentes (janeiro de 2014 a fevereiro de 2026) e foram utilizados modelos ARIMA e de Alisamento Exponencial.
2027;9901;RECEITA GERAL DO ESTADO;RGE;1.1.2.1.01.0.1.01.006;TX. INSP. CONTR. FISC. - PRINC. - TX. SEGURANÇA PÚBLICA - DEPARTAMENTO DE EDIFICAÇÕES E ESTRADAS DE RODAGEM DO ESTADO DE MINAS GERAIS - DERMG;1;1;2;1;1;0;1;1;6;11;3508243;3528536;Receita de desvinculação - 30% (trinta por cento) da receita desvinculada.
2027;9901;RECEITA GERAL DO ESTADO;RGE;1.1.2.1.01.0.1.01.006;TX. INSP. CONTR. FISC. - PRINC. - TX. SEGURANÇA PÚBLICA - DEPARTAMENTO DE EDIFICAÇÕES E ESTRADAS DE RODAGEM DO ESTADO DE MINAS GERAIS - DERMG;1;1;2;1;1;0;1;1;6;27;8185899;8233250;Foi utilizada a receita prevista para 2026 corrigida para 2027 pelo PIB e IPCA.
2027;9901;RECEITA GERAL DO ESTADO;RGE;1.1.2.1.01.0.1.03.000;TX. INSP. CONTR. FISC. - PRINC. - TAXA DE LICENCIAMENTO PARA USO OU OCUPAÇÃO DA FAIXA DE DOMÍNIO DAS RODOVIAS;1;1;2;1;1;0;1;3;0;11;2738258;2738258;APLICAÇÃO DO PERCENTUAL DE DESVINCULAÇÃO PREVISTO NO ARTIGO 76-A DO ATO DAS DISPOSIÇÕES CONSTITUCIONAIS TRANSITÓRIAS (ADCT) SOBRE AS RECEITAS ESTADUAIS PASSÍVEIS DE DESVINCULAÇÃO ATÉ 2032
2027;9901;RECEITA GERAL DO ESTADO;RGE;1.1.2.1.01.0.1.07.000;TX. INSP. CONTR. FISC. - PRINC. - TX. SEGURANÇA PÚBLICA - TAXA DE REGULAÇÃO E FISCALIZAÇÃO SOBRE SERVIÇOS PÚBLICOS DE ABASTECIMENTO DE ÁGUA E DE ESGOTAMENTO SANITÁRIO;1;1;2;1;1;0;1;7;0;11;21639605;21639605;APLICAÇÃO DO PERCENTUAL DE DESVINCULAÇÃO PREVISTO NO ARTIGO 76-A DO ATO DAS DISPOSIÇÕES CONSTITUCIONAIS TRANSITÓRIAS (ADCT) SOBRE AS RECEITAS ESTADUAIS PASSÍVEIS DE DESVINCULAÇÃO ATÉ 2032
2027;9901;RECEITA GERAL DO ESTADO;RGE;1.1.2.1.01.0.1.08.000;TX. INSP. CONTR. FISC. - PRINC. - TX. SEGURANÇA PÚBLICA - TAXA DE REGULAÇÃO E FISCALIZAÇÃO DOS SERVIÇOS PÚBLICOS DE RESÍDUOS SÓLIDOS;1;1;2;1;1;0;1;8;0;11;1242348;1242348;APLICAÇÃO DO PERCENTUAL DE DESVINCULAÇÃO PREVISTO NO ARTIGO 76-A DO ATO DAS DISPOSIÇÕES CONSTITUCIONAIS TRANSITÓRIAS (ADCT) SOBRE AS RECEITAS ESTADUAIS PASSÍVEIS DE DESVINCULAÇÃO ATÉ 2032
2027;9901;RECEITA GERAL DO ESTADO;RGE;1.1.2.1.01.0.1.09.000;TX. INSP. CONTR. FISC. - PRINC. - TX. SEGURANÇA PÚBLICA - TAXA DE REGULAÇÃO E FISCALIZAÇÃO DOS SERVIÇOS PÚBLICOS DE DRENAGEM PLUVIAL URBANA;1;1;2;1;1;0;1;9;0;11;2871837;2871837;APLICAÇÃO DO PERCENTUAL DE DESVINCULAÇÃO PREVISTO NO ARTIGO 76-A DO ATO DAS DISPOSIÇÕES CONSTITUCIONAIS TRANSITÓRIAS (ADCT) SOBRE AS RECEITAS ESTADUAIS PASSÍVEIS DE DESVINCULAÇÃO ATÉ 2032
2027;9901;RECEITA GERAL DO ESTADO;RGE;1.1.2.1.01.0.1.10.000;TX. INSP. CONTR. FISC. - PRINC. - TX. SEGURANÇA PÚBLICA - TAXA DE REGULAÇÃO E FISCALIZAÇÃO DO SERVIÇO DE GÁS CANALIZADO;1;1;2;1;1;0;1;10;0;11;3668418;3668418;APLICAÇÃO DO PERCENTUAL DE DESVINCULAÇÃO PREVISTO NO ARTIGO 76-A DO ATO DAS DISPOSIÇÕES CONSTITUCIONAIS TRANSITÓRIAS (ADCT) SOBRE AS RECEITAS ESTADUAIS PASSÍVEIS DE DESVINCULAÇÃO ATÉ 2032
2027;9901;RECEITA GERAL DO ESTADO;RGE;1.1.2.1.01.0.2.01.001;TX. INSP. CONTR. FISC. - MJM - TX. SEGURANÇA PÚBLICA - POLÍCIA CIVIL DO ESTADO DE MINAS GERAIS - PCMG E COORDENADORIA ESTADUAL DE GESTÃO DO TRÂNSITO - CET;1;1;2;1;1;0;2;1;1;11;1050;795;Receita de desvinculação - 30% (trinta por cento) da receita desvinculada.
2027;9901;RECEITA GERAL DO ESTADO;RGE;1.1.2.1.01.0.2.01.001;TX. INSP. CONTR. FISC. - MJM - TX. SEGURANÇA PÚBLICA - POLÍCIA CIVIL DO ESTADO DE MINAS GERAIS - PCMG E COORDENADORIA ESTADUAL DE GESTÃO DO TRÂNSITO - CET;1;1;2;1;1;0;2;1;1;27;2449;1855;Foi utilizada a receita prevista para 2026 corrigida para 2027 pelo PIB e IPCA.
2027;9901;RECEITA GERAL DO ESTADO;RGE;1.1.2.1.01.0.2.01.004;TX. INSP. CONTR. FISC. - MJM - TX. SEGURANÇA PÚBLICA - TAXA DE RENOVAÇÃO DE LICENCIAMENTO ANUAL DE VEÍCULO;1;1;2;1;1;0;2;1;4;11;10760631;10695672;Receita de desvinculação - 30% (trinta por cento) da receita desvinculada.
2027;9901;RECEITA GERAL DO ESTADO;RGE;1.1.2.1.01.0.2.01.004;TX. INSP. CONTR. FISC. - MJM - TX. SEGURANÇA PÚBLICA - TAXA DE RENOVAÇÃO DE LICENCIAMENTO ANUAL DE VEÍCULO;1;1;2;1;1;0;2;1;4;27;25108138;24956569;Foi utilizada a receita prevista para 2026 corrigida para 2027 pelo PIB e IPCA.
2027;9901;RECEITA GERAL DO ESTADO;RGE;1.1.2.1.01.0.2.03.000;TX. INSP. CONTR. FISC. - MJM - TAXA DE LICENCIAMENTO PARA USO OU OCUPAÇÃO DA FAIXA DE DOMÍNIO DAS RODOVIAS;1;1;2;1;1;0;2;3;0;11;62694;62694;APLICAÇÃO DO PERCENTUAL DE DESVINCULAÇÃO PREVISTO NO ARTIGO 76-A DO ATO DAS DISPOSIÇÕES CONSTITUCIONAIS TRANSITÓRIAS (ADCT) SOBRE AS RECEITAS ESTADUAIS PASSÍVEIS DE DESVINCULAÇÃO ATÉ 2032
2027;9901;RECEITA GERAL DO ESTADO;RGE;1.1.2.1.01.0.3.01.003;TX. INSP. CONTR. FISC. - DA - TX. SEGURANÇA PÚBLICA - POLÍCIA MILITAR DO ESTADO DE MINAS GERAIS - PMMG;1;1;2;1;1;0;3;1;3;11;510;341;Receita de desvinculação - 30% (trinta por cento) da receita desvinculada.
2027;9901;RECEITA GERAL DO ESTADO;RGE;1.1.2.1.01.0.3.01.003;TX. INSP. CONTR. FISC. - DA - TX. SEGURANÇA PÚBLICA - POLÍCIA MILITAR DO ESTADO DE MINAS GERAIS - PMMG;1;1;2;1;1;0;3;1;3;27;1190;797;Foi utilizada a receita prevista para 2026 corrigida para 2027 pelo PIB e IPCA.
2027;9901;RECEITA GERAL DO ESTADO;RGE;1.1.2.1.01.0.4.01.003;TX. INSP. CONTR. FISC. - DA-MJM - TX. SEGURANÇA PÚBLICA - POLÍCIA MILITAR DO ESTADO DE MINAS GERAIS - PMMG;1;1;2;1;1;0;4;1;3;11;2102;1408;Receita de desvinculação - 30% (trinta por cento) da receita desvinculada.
2027;9901;RECEITA GERAL DO ESTADO;RGE;1.1.2.1.01.0.4.01.003;TX. INSP. CONTR. FISC. - DA-MJM - TX. SEGURANÇA PÚBLICA - POLÍCIA MILITAR DO ESTADO DE MINAS GERAIS - PMMG;1;1;2;1;1;0;4;1;3;27;4905;3285;Foi utilizada a receita prevista para 2026 corrigida para 2027 pelo PIB e IPCA.
2027;9901;RECEITA GERAL DO ESTADO;RGE;1.1.2.1.04.0.1.01.000;TX. CONTR. FISC. AMBIENT. - PRINC. - TAXA FLORESTAL;1;1;2;1;4;0;1;1;0;11;53945671;53945671;Receita de desvinculação - 30% (trinta por cento) da receita desvinculada.
2027;9901;RECEITA GERAL DO ESTADO;RGE;1.1.2.1.04.0.1.01.000;TX. CONTR. FISC. AMBIENT. - PRINC. - TAXA FLORESTAL;1;1;2;1;4;0;1;1;0;94;10873232;10873232;Corresponde à Receita Prevista Atualizada de 2026, majorada pelo fator de crescimento esperado do PIB em 2026, 1,6% na estimativa do BACEN.
2027;9901;RECEITA GERAL DO ESTADO;RGE;1.1.2.1.04.0.1.02.000;TX. CONTR. FISC. AMBIENT. - PRINC. - TAXA DE FISCALIZAÇÃO DE RECURSOS MINERÁRIOS;1;1;2;1;4;0;1;2;0;11;197309871;197309871;Foram projetados tendo por base os valores históricos observados em exercícios recentes (janeiro de 2014 a fevereiro de 2026) e foram utilizados modelos ARIMA e de Alisamento Exponencial.
2027;9901;RECEITA GERAL DO ESTADO;RGE;1.1.2.1.04.0.1.02.000;TX. CONTR. FISC. AMBIENT. - PRINC. - TAXA DE FISCALIZAÇÃO DE RECURSOS MINERÁRIOS;1;1;2;1;4;0;1;2;0;72;460389699;460389699;Foram projetados tendo por base os valores históricos observados em exercícios recentes (janeiro de 2014 a fevereiro de 2026) e foram utilizados modelos ARIMA e de Alisamento Exponencial.
2027;9901;RECEITA GERAL DO ESTADO;RGE;1.1.2.1.04.0.1.03.000;TX. CONTR. FISC. AMBIENT. - PRINC. - TAXA DE CONTROLE E FISCALIZAÇÃO AMBIENTAL;1;1;2;1;4;0;1;3;0;11;20657143;20657143;APLICAÇÃO DO PERCENTUAL DE DESVINCULAÇÃO PREVISTO NO ARTIGO 76-A DO ATO DAS DISPOSIÇÕES CONSTITUCIONAIS TRANSITÓRIAS (ADCT) SOBRE AS RECEITAS ESTADUAIS PASSÍVEIS DE DESVINCULAÇÃO ATÉ 2032
2027;9901;RECEITA GERAL DO ESTADO;RGE;1.1.2.1.04.0.1.04.000;TX. CONTR. FISC. AMBIENT. - PRINC. - TAXA DE REGULARIZAÇÃO AMBIENTAL;1;1;2;1;4;0;1;4;0;11;7757143;7757143;APLICAÇÃO DO PERCENTUAL DE DESVINCULAÇÃO PREVISTO NO ARTIGO 76-A DO ATO DAS DISPOSIÇÕES CONSTITUCIONAIS TRANSITÓRIAS (ADCT) SOBRE AS RECEITAS ESTADUAIS PASSÍVEIS DE DESVINCULAÇÃO ATÉ 2032
2027;9901;RECEITA GERAL DO ESTADO;RGE;1.1.2.1.04.0.1.05.000;TX. CONTR. FISC. AMBIENT. - PRINC. - TAXA DA LEI DA PESCA;1;1;2;1;4;0;1;5;0;11;1285715;1285715;APLICAÇÃO DO PERCENTUAL DE DESVINCULAÇÃO PREVISTO NO ARTIGO 76-A DO ATO DAS DISPOSIÇÕES CONSTITUCIONAIS TRANSITÓRIAS (ADCT) SOBRE AS RECEITAS ESTADUAIS PASSÍVEIS DE DESVINCULAÇÃO ATÉ 2032
2027;9901;RECEITA GERAL DO ESTADO;RGE;1.1.2.1.04.0.1.06.000;TX. CONTR. FISC. AMBIENT. - PRINC. - TAXA DE LIBERAÇÃO E MANEJO DA FAUNA E FLORA;1;1;2;1;4;0;1;6;0;11;192858;192858;APLICAÇÃO DO PERCENTUAL DE DESVINCULAÇÃO PREVISTO NO ARTIGO 76-A DO ATO DAS DISPOSIÇÕES CONSTITUCIONAIS TRANSITÓRIAS (ADCT) SOBRE AS RECEITAS ESTADUAIS PASSÍVEIS DE DESVINCULAÇÃO ATÉ 2032
2027;9901;RECEITA GERAL DO ESTADO;RGE;1.1.2.1.04.0.1.07.000;TX. CONTR. FISC. AMBIENT. - PRINC. - TAXA DA LEI DE POLÍTICA FLORESTAL;1;1;2;1;4;0;1;7;0;11;8571429;8571429;APLICAÇÃO DO PERCENTUAL DE DESVINCULAÇÃO PREVISTO NO ARTIGO 76-A DO ATO DAS DISPOSIÇÕES CONSTITUCIONAIS TRANSITÓRIAS (ADCT) SOBRE AS RECEITAS ESTADUAIS PASSÍVEIS DE DESVINCULAÇÃO ATÉ 2032
2027;9901;RECEITA GERAL DO ESTADO;RGE;1.1.2.1.04.0.1.08.000;TX. CONTR. FISC. AMBIENT. - PRINC. - TAXA DE CADASTRO PERFURAÇÃO DE POÇOS TUBULARES;1;1;2;1;4;0;1;8;0;11;429;429;APLICAÇÃO DO PERCENTUAL DE DESVINCULAÇÃO PREVISTO NO ARTIGO 76-A DO ATO DAS DISPOSIÇÕES CONSTITUCIONAIS TRANSITÓRIAS (ADCT) SOBRE AS RECEITAS ESTADUAIS PASSÍVEIS DE DESVINCULAÇÃO ATÉ 2032
2027;9901;RECEITA GERAL DO ESTADO;RGE;1.1.2.1.04.0.1.09.000;TX. CONTR. FISC. AMBIENT. - PRINC. - TAXA DE REPROGRAFIA, CERTIDÕES E JULGAMENTO DE CONTENCIOSO;1;1;2;1;4;0;1;9;0;11;522000;522000;APLICAÇÃO DO PERCENTUAL DE DESVINCULAÇÃO PREVISTO NO ARTIGO 76-A DO ATO DAS DISPOSIÇÕES CONSTITUCIONAIS TRANSITÓRIAS (ADCT) SOBRE AS RECEITAS ESTADUAIS PASSÍVEIS DE DESVINCULAÇÃO ATÉ 2032
2027;9901;RECEITA GERAL DO ESTADO;RGE;1.1.2.1.04.0.2.01.000;TX. CONTR. FISC. AMBIENT. - MJM - TAXA FLORESTAL;1;1;2;1;4;0;2;1;0;11;429;429;APLICAÇÃO DO PERCENTUAL DE DESVINCULAÇÃO PREVISTO NO ARTIGO 76-A DO ATO DAS DISPOSIÇÕES CONSTITUCIONAIS TRANSITÓRIAS (ADCT) SOBRE AS RECEITAS ESTADUAIS PASSÍVEIS DE DESVINCULAÇÃO ATÉ 2032
2027;9901;RECEITA GERAL DO ESTADO;RGE;1.1.2.1.04.0.2.02.000;TX. CONTR. FISC. AMBIENT. - MJM - TAXA DE FISCALIZAÇÃO DE RECURSOS MINERÁRIOS;1;1;2;1;4;0;2;2;0;11;566920;703529;Receita de desvinculação - 30% (trinta por cento) da receita desvinculada.
2027;9901;RECEITA GERAL DO ESTADO;RGE;1.1.2.1.04.0.2.02.000;TX. CONTR. FISC. AMBIENT. - MJM - TAXA DE FISCALIZAÇÃO DE RECURSOS MINERÁRIOS;1;1;2;1;4;0;2;2;0;72;1322814;1641568;Foi utilizada a receita prevista para 2026 corrigida para 2027 pelo PIB e IPCA.
2027;9901;RECEITA GERAL DO ESTADO;RGE;1.1.2.1.04.0.2.03.000;TX. CONTR. FISC. AMBIENT. - MJM - TAXA DE CONTROLE E FISCALIZAÇÃO AMBIENTAL;1;1;2;1;4;0;2;3;0;11;1157143;1157143;APLICAÇÃO DO PERCENTUAL DE DESVINCULAÇÃO PREVISTO NO ARTIGO 76-A DO ATO DAS DISPOSIÇÕES CONSTITUCIONAIS TRANSITÓRIAS (ADCT) SOBRE AS RECEITAS ESTADUAIS PASSÍVEIS DE DESVINCULAÇÃO ATÉ 2032
2027;9901;RECEITA GERAL DO ESTADO;RGE;1.1.2.1.04.0.3.01.000;TX. CONTR. FISC. AMBIENT. - DA - TAXA FLORESTAL;1;1;2;1;4;0;3;1;0;11;429;429;APLICAÇÃO DO PERCENTUAL DE DESVINCULAÇÃO PREVISTO NO ARTIGO 76-A DO ATO DAS DISPOSIÇÕES CONSTITUCIONAIS TRANSITÓRIAS (ADCT) SOBRE AS RECEITAS ESTADUAIS PASSÍVEIS DE DESVINCULAÇÃO ATÉ 2032
2027;9901;RECEITA GERAL DO ESTADO;RGE;1.1.2.1.04.0.3.02.000;TX. CONTR. FISC. AMBIENT. - DA - TAXA DE FISCALIZAÇÃO DE RECURSOS MINERÁRIOS;1;1;2;1;4;0;3;2;0;11;1581390;1442719;Receita de desvinculação - 30% (trinta por cento) da receita desvinculada.
2027;9901;RECEITA GERAL DO ESTADO;RGE;1.1.2.1.04.0.3.02.000;TX. CONTR. FISC. AMBIENT. - DA - TAXA DE FISCALIZAÇÃO DE RECURSOS MINERÁRIOS;1;1;2;1;4;0;3;2;0;72;3689911;3366345;Foi utilizada a receita prevista para 2026 corrigida para 2027 pelo PIB e IPCA.
2027;9901;RECEITA GERAL DO ESTADO;RGE;1.1.2.1.04.0.3.03.000;TX. CONTR. FISC. AMBIENT. - DA - TAXA DE CONTROLE E FISCALIZAÇÃO AMBIENTAL;1;1;2;1;4;0;3;3;0;11;386143;386143;APLICAÇÃO DO PERCENTUAL DE DESVINCULAÇÃO PREVISTO NO ARTIGO 76-A DO ATO DAS DISPOSIÇÕES CONSTITUCIONAIS TRANSITÓRIAS (ADCT) SOBRE AS RECEITAS ESTADUAIS PASSÍVEIS DE DESVINCULAÇÃO ATÉ 2032
2027;9901;RECEITA GERAL DO ESTADO;RGE;1.1.2.1.04.0.4.02.000;TX. CONTR. FISC. AMBIENT. - DA-MJM - TAXA DE FISCALIZAÇÃO DE RECURSOS MINERÁRIOS;1;1;2;1;4;0;4;2;0;11;2087016;2225307;Receita de desvinculação - 30% (trinta por cento) da receita desvinculada.
2027;9901;RECEITA GERAL DO ESTADO;RGE;1.1.2.1.04.0.4.02.000;TX. CONTR. FISC. AMBIENT. - DA-MJM - TAXA DE FISCALIZAÇÃO DE RECURSOS MINERÁRIOS;1;1;2;1;4;0;4;2;0;72;4869704;5192382;Foi utilizada a receita prevista para 2026 corrigida para 2027 pelo PIB e IPCA.
2027;9901;RECEITA GERAL DO ESTADO;RGE;1.1.2.1.04.0.4.03.000;TX. CONTR. FISC. AMBIENT. - DA-MJM - TAXA DE CONTROLE E FISCALIZAÇÃO AMBIENTAL;1;1;2;1;4;0;4;3;0;11;1692858;1692858;APLICAÇÃO DO PERCENTUAL DE DESVINCULAÇÃO PREVISTO NO ARTIGO 76-A DO ATO DAS DISPOSIÇÕES CONSTITUCIONAIS TRANSITÓRIAS (ADCT) SOBRE AS RECEITAS ESTADUAIS PASSÍVEIS DE DESVINCULAÇÃO ATÉ 2032
2027;9901;RECEITA GERAL DO ESTADO;RGE;1.1.2.2.01.0.1.01.001;TX. PREST. SERV. G. - PRINC. - TX. EXP. - DEPARTAMENTO DE EDIFICAÇÕES E ESTRADAS DE RODAGEM DO ESTADO DE MINAS GERAIS - DERMG;1;1;2;2;1;0;1;1;1;11;2301959;2301959;APLICAÇÃO DO PERCENTUAL DE DESVINCULAÇÃO PREVISTO NO ARTIGO 76-A DO ATO DAS DISPOSIÇÕES CONSTITUCIONAIS TRANSITÓRIAS (ADCT) SOBRE AS RECEITAS ESTADUAIS PASSÍVEIS DE DESVINCULAÇÃO ATÉ 2032
2027;9901;RECEITA GERAL DO ESTADO;RGE;1.1.2.2.01.0.1.01.002;TX. PREST. SERV. G. - PRINC. - TX. EXP. - ATOS DA SECRETARIA DE ESTADO DA FAZENDA - SEF;1;1;2;2;1;0;1;1;2;11;11923376;11923376;Foram projetados tendo por base os valores históricos observados em exercícios recentes (janeiro de 2014 a fevereiro de 2026) e foram utilizados modelos ARIMA e de Alisamento Exponencial.
2027;9901;RECEITA GERAL DO ESTADO;RGE;1.1.2.2.01.0.1.01.002;TX. PREST. SERV. G. - PRINC. - TX. EXP. - ATOS DA SECRETARIA DE ESTADO DA FAZENDA - SEF;1;1;2;2;1;0;1;1;2;29;27821210;27821210;Foram projetados tendo por base os valores históricos observados em exercícios recentes (janeiro de 2014 a fevereiro de 2026) e foram utilizados modelos ARIMA e de Alisamento Exponencial.
2027;9901;RECEITA GERAL DO ESTADO;RGE;1.1.2.2.01.0.1.01.003;TX. PREST. SERV. G. - PRINC. - TX. EXP. - INSTITUTO MINEIRO DE AGROPECUÁRIA - IMA;1;1;2;2;1;0;1;1;3;11;35585815;35585815;APLICAÇÃO DO PERCENTUAL DE DESVINCULAÇÃO PREVISTO NO ARTIGO 76-A DO ATO DAS DISPOSIÇÕES CONSTITUCIONAIS TRANSITÓRIAS (ADCT) SOBRE AS RECEITAS ESTADUAIS PASSÍVEIS DE DESVINCULAÇÃO ATÉ 2032
2027;9901;RECEITA GERAL DO ESTADO;RGE;1.1.2.2.01.0.1.01.004;TX. PREST. SERV. G. - PRINC. - TX. EXP. - ATOS DA SECRETARIA DE ESTADO DE SAÚDE - SES;1;1;2;2;1;0;1;1;4;11;106936;74294;Receita de desvinculação - 30% (trinta por cento) da receita desvinculada.
2027;9901;RECEITA GERAL DO ESTADO;RGE;1.1.2.2.01.0.1.01.004;TX. PREST. SERV. G. - PRINC. - TX. EXP. - ATOS DA SECRETARIA DE ESTADO DE SAÚDE - SES;1;1;2;2;1;0;1;1;4;29;249516;173353;Foi utilizada a receita prevista para 2026 corrigida para 2027 pelo PIB e IPCA.
2027;9901;RECEITA GERAL DO ESTADO;RGE;1.1.2.2.01.0.1.01.011;TX. PREST. SERV. G. - PRINC. - TX. EXP. - ATOS DE AUTORIDADE ADMINISTRATIVA DO SISTEMA ESTADUAL DE MEIO AMBIENTE E RECURSOS HÍDRICOS - SISEMA;1;1;2;2;1;0;1;1;11;11;8540989;8540989;Receita de desvinculação - 30% (trinta por cento) da receita desvinculada.
2027;9901;RECEITA GERAL DO ESTADO;RGE;1.1.2.2.01.0.1.01.011;TX. PREST. SERV. G. - PRINC. - TX. EXP. - ATOS DE AUTORIDADE ADMINISTRATIVA DO SISTEMA ESTADUAL DE MEIO AMBIENTE E RECURSOS HÍDRICOS - SISEMA;1;1;2;2;1;0;1;1;11;29;1328973;1328973;Corresponde à Receita Prevista Atualizada de 2026, majorada pelo fator de crescimento esperado do PIB em 2026, 1,6% na estimativa do BACEN.
2027;9901;RECEITA GERAL DO ESTADO;RGE;1.1.2.2.01.0.1.01.999;TX. PREST. SERV. G. - PRINC. - TX. EXP. - OUTROS;1;1;2;2;1;0;1;1;999;15;60662;49074;Foi utilizada a receita prevista para 2026 corrigida para 2027 pelo PIB e IPCA.
2027;9901;RECEITA GERAL DO ESTADO;RGE;1.1.2.2.01.0.1.04.000;TX. PREST. SERV. G. - PRINC. - TAXA DE GERENCIAMENTO DO SISTEMA TRANSPORTE RODOVIÁRIO INTERMUNICIPAL - DEPARTAMENTO DE EDIFICAÇÕES E ESTRADAS DE RODAGEM DO ESTADO DE MINAS GERAIS - DERMG;1;1;2;2;1;0;1;4;0;11;28370;28370;APLICAÇÃO DO PERCENTUAL DE DESVINCULAÇÃO PREVISTO NO ARTIGO 76-A DO ATO DAS DISPOSIÇÕES CONSTITUCIONAIS TRANSITÓRIAS (ADCT) SOBRE AS RECEITAS ESTADUAIS PASSÍVEIS DE DESVINCULAÇÃO ATÉ 2032
2027;9901;RECEITA GERAL DO ESTADO;RGE;1.1.2.2.01.0.2.01.002;TX. PREST. SERV. G. - MJM - TX. EXP. - ATOS DA SECRETARIA DE ESTADO DA FAZENDA - SEF;1;1;2;2;1;0;2;1;2;11;42638;36946;Receita de desvinculação - 30% (trinta por cento) da receita desvinculada.
2027;9901;RECEITA GERAL DO ESTADO;RGE;1.1.2.2.01.0.2.01.002;TX. PREST. SERV. G. - MJM - TX. EXP. - ATOS DA SECRETARIA DE ESTADO DA FAZENDA - SEF;1;1;2;2;1;0;2;1;2;29;99488;86208;Foi utilizada a receita prevista para 2026 corrigida para 2027 pelo PIB e IPCA.
2027;9901;RECEITA GERAL DO ESTADO;RGE;1.1.2.2.01.0.2.01.004;TX. PREST. SERV. G. - MJM - TX. EXP. - ATOS DA SECRETARIA DE ESTADO DE SAÚDE - SES;1;1;2;2;1;0;2;1;4;11;8965;6199;Receita de desvinculação - 30% (trinta por cento) da receita desvinculada.
2027;9901;RECEITA GERAL DO ESTADO;RGE;1.1.2.2.01.0.2.01.004;TX. PREST. SERV. G. - MJM - TX. EXP. - ATOS DA SECRETARIA DE ESTADO DE SAÚDE - SES;1;1;2;2;1;0;2;1;4;29;20919;14464;Foi utilizada a receita prevista para 2026 corrigida para 2027 pelo PIB e IPCA.
2027;9901;RECEITA GERAL DO ESTADO;RGE;1.1.2.2.01.0.2.01.999;TX. PREST. SERV. G. - MJM - TX. EXP. - OUTROS;1;1;2;2;1;0;2;1;999;15;1000;1000;"Em virtude da complexidade na projeção do fluxo de arrecadação, optou-se pelo lançamento de valor estimado de R$ 1.000 na LDO 2027.
"
2027;9901;RECEITA GERAL DO ESTADO;RGE;1.1.2.2.01.0.3.01.006;TX. PREST. SERV. G. - DA - TX. EXP. - TRANSPORTE COLETIVO INTERMUNICIPAL - NOTIFICAÇÃO;1;1;2;2;1;0;3;1;6;11;5374;5374;APLICAÇÃO DO PERCENTUAL DE DESVINCULAÇÃO PREVISTO NO ARTIGO 76-A DO ATO DAS DISPOSIÇÕES CONSTITUCIONAIS TRANSITÓRIAS (ADCT) SOBRE AS RECEITAS ESTADUAIS PASSÍVEIS DE DESVINCULAÇÃO ATÉ 2032
2027;9901;RECEITA GERAL DO ESTADO;RGE;1.1.2.2.01.0.3.01.999;TX. PREST. SERV. G. - DA - TX. EXP. - OUTROS;1;1;2;2;1;0;3;1;999;15;27731;24314;Foi utilizada a receita prevista para 2026 corrigida para 2027 pelo PIB e IPCA.
2027;9901;RECEITA GERAL DO ESTADO;RGE;1.1.2.2.01.0.4.01.006;TX. PREST. SERV. G. - DA-MJM - TX. EXP. - TRANSPORTE COLETIVO INTERMUNICIPAL - NOTIFICAÇÃO;1;1;2;2;1;0;4;1;6;11;16081;16081;APLICAÇÃO DO PERCENTUAL DE DESVINCULAÇÃO PREVISTO NO ARTIGO 76-A DO ATO DAS DISPOSIÇÕES CONSTITUCIONAIS TRANSITÓRIAS (ADCT) SOBRE AS RECEITAS ESTADUAIS PASSÍVEIS DE DESVINCULAÇÃO ATÉ 2032
2027;9901;RECEITA GERAL DO ESTADO;RGE;1.1.2.2.01.0.4.01.999;TX. PREST. SERV. G. - DA-MJM - TX. EXP. - OUTROS;1;1;2;2;1;0;4;1;999;15;81081;92360;Foi utilizada a receita prevista para 2026 corrigida para 2027 pelo PIB e IPCA.
2027;9901;RECEITA GERAL DO ESTADO;RGE;1.2.1.9.99.1.1.10.001;DEMAIS CONTRIB. SOC. - PRINC. - CONTRIB. MILITAR APOSENTADORIA - ATIVO;1;2;1;9;99;1;1;10;1;30;199375978;204135476;RECEITA DE CONTRIBUIÇÕES: PROJEÇÃO COM BASE NA RECEITA EXECUTADA ATÉ MARÇO DE 2025, INCORPORANDO CRESCIMENTO VEGETATIVO, REAJUSTES E OUTROS IMPACTOS.
2027;9901;RECEITA GERAL DO ESTADO;RGE;1.3.1.1.01.1.1.01.000;ALUGUÉIS ARRENDAMENTOS - PRINC. - ALUGUÉIS;1;3;1;1;1;1;1;1;0;15;377841;305598;Foi utilizada a receita prevista para 2026 corrigida para 2027 pelo PIB e IPCA.
2027;9901;RECEITA GERAL DO ESTADO;RGE;1.3.1.1.02.0.1.99.000;CONC. PERM. AUTOR. CESSÃO DIR. USO BENS IMÓV. PÚB. - PRINC. - DEMAIS;1;3;1;1;2;0;1;99;0;15;1074622;1269199;Foi utilizada a receita prevista para 2026 corrigida para 2027 pelo PIB e IPCA.
2027;9901;RECEITA GERAL DO ESTADO;RGE;1.3.2.1.01.0.1.01.000;REMUNERAÇÃO DEPÓSITOS BANCÁRIOS - PRINC.;1;3;2;1;1;0;1;1;0;10;3043939;3582808;Foi utilizada a previsão para 2026 corrigida pela SELIC informada pela  SPE/STN. O resultado foi multiplicado por 0,85 para ajustar à redução da projeção das disponibilidades caixa prevista para o exercício.
2027;9901;RECEITA GERAL DO ESTADO;RGE;1.3.2.1.01.0.1.01.000;REMUNERAÇÃO DEPÓSITOS BANCÁRIOS - PRINC.;1;3;2;1;1;0;1;1;0;15;928038292;1188825723;Foi utilizada a previsão para 2026 corrigida pela SELIC informada pela  SPE/STN. O resultado foi multiplicado por 0,85 para ajustar à redução da projeção das disponibilidades caixa prevista para o exercício.
2027;9901;RECEITA GERAL DO ESTADO;RGE;1.3.2.1.01.0.1.01.000;REMUNERAÇÃO DEPÓSITOS BANCÁRIOS - PRINC.;1;3;2;1;1;0;1;1;0;25;19219443;19563672;Foi utilizada a previsão para 2026 corrigida pela SELIC informada pela  SPE/STN. O resultado foi multiplicado por 0,85 para ajustar à redução da projeção das disponibilidades caixa prevista para o exercício.
2027;9901;RECEITA GERAL DO ESTADO;RGE;1.3.2.1.01.0.1.01.000;REMUNERAÇÃO DEPÓSITOS BANCÁRIOS - PRINC.;1;3;2;1;1;0;1;1;0;31;31313;38054;Foi utilizada a previsão para 2026 corrigida pela SELIC informada pela  SPE/STN. O resultado foi multiplicado por 0,85 para ajustar à redução da projeção das disponibilidades caixa prevista para o exercício.
2027;9901;RECEITA GERAL DO ESTADO;RGE;1.3.2.1.01.0.1.01.000;REMUNERAÇÃO DEPÓSITOS BANCÁRIOS - PRINC.;1;3;2;1;1;0;1;1;0;32;;9138;Receitas SEF - Previsão de novas receitas na LOA 2027 em relação à LDO 2027
2027;9901;RECEITA GERAL DO ESTADO;RGE;1.3.2.1.01.0.1.01.000;REMUNERAÇÃO DEPÓSITOS BANCÁRIOS - PRINC.;1;3;2;1;1;0;1;1;0;46;2056;2901;Foi utilizada a previsão para 2026 corrigida pela SELIC informada pela  SPE/STN. O resultado foi multiplicado por 0,85 para ajustar à redução da projeção das disponibilidades caixa prevista para o exercício.
2027;9901;RECEITA GERAL DO ESTADO;RGE;1.3.2.1.01.0.1.01.000;REMUNERAÇÃO DEPÓSITOS BANCÁRIOS - PRINC.;1;3;2;1;1;0;1;1;0;53;1000;1000;"Em virtude da complexidade na projeção do fluxo de arrecadação, optou-se pelo lançamento de valor estimado de R$ 1.000 na LDO 2027.
"
2027;9901;RECEITA GERAL DO ESTADO;RGE;1.3.2.1.01.0.1.01.000;REMUNERAÇÃO DEPÓSITOS BANCÁRIOS - PRINC.;1;3;2;1;1;0;1;1;0;72;99216;84258;Foi utilizada a previsão para 2026 corrigida pela SELIC informada pela  SPE/STN. O resultado foi multiplicado por 0,85 para ajustar à redução da projeção das disponibilidades caixa prevista para o exercício.
2027;9901;RECEITA GERAL DO ESTADO;RGE;1.3.2.1.01.0.1.01.000;REMUNERAÇÃO DEPÓSITOS BANCÁRIOS - PRINC.;1;3;2;1;1;0;1;1;0;89;1012435;5768058;Foi utilizada a previsão para 2026 corrigida pela SELIC informada pela  SPE/STN. O resultado foi multiplicado por 0,85 para ajustar à redução da projeção das disponibilidades caixa prevista para o exercício.
2027;9901;RECEITA GERAL DO ESTADO;RGE;1.3.2.1.01.0.1.01.000;REMUNERAÇÃO DEPÓSITOS BANCÁRIOS - PRINC.;1;3;2;1;1;0;1;1;0;95;1025916872;748000;Foi utilizada a previsão para 2026 corrigida pela SELIC informada pela  SPE/STN. O resultado foi multiplicado por 0,85 para ajustar à redução da projeção das disponibilidades caixa prevista para o exercício.
2027;9901;RECEITA GERAL DO ESTADO;RGE;1.3.2.1.01.0.1.01.000;REMUNERAÇÃO DEPÓSITOS BANCÁRIOS - PRINC.;1;3;2;1;1;0;1;1;0;97;1077221;4009139;Foi utilizada a previsão para 2026 corrigida pela SELIC informada pela  SPE/STN. O resultado foi multiplicado por 0,85 para ajustar à redução da projeção das disponibilidades caixa prevista para o exercício.
2027;9901;RECEITA GERAL DO ESTADO;RGE;1.3.2.1.02.0.1.01.000;REMUNERAÇÃO DEPÓSITOS ESPECIAIS - PRINC.;1;3;2;1;2;0;1;1;0;15;39385604;37485910;Foi utilizada a previsão para 2026 corrigida pela SELIC informada pela  SPE/STN. O resultado foi multiplicado por 0,85 para ajustar à redução da projeção das disponibilidades caixa prevista para o exercício.
2027;9901;RECEITA GERAL DO ESTADO;RGE;1.3.2.1.06.0.1.01.000;JUROS CAPITAL PRÓPRIO - PRINC. - EMPRESAS ESTATAIS;1;3;2;1;6;0;1;1;0;15;624637649;381632641;As projeções dos Juros Sobre Capital Próprio das Empresas Estatais foram realizadas pelas próprias estatais, considerando as especificidades operacionais de cada empresa.
2027;9901;RECEITA GERAL DO ESTADO;RGE;1.3.2.1.06.0.1.02.000;JUROS CAPITAL PRÓPRIO - PRINC. - EMPRESAS NÃO ESTATAIS;1;3;2;1;6;0;1;2;0;15;1094;732;Foi utilizada a receita prevista para 2026 corrigida para 2027 pelo PIB e IPCA.
2027;9901;RECEITA GERAL DO ESTADO;RGE;1.3.2.2.01.0.1.01.000;DIVIDENDOS - PRINC. - EMPRESAS ESTATAIS;1;3;2;2;1;0;1;1;0;15;1901196015;1901196015;As projeções dos Dividendos das Empresas Estatais foram realizadas pelas próprias estatais, considerando as especificidades operacionais de cada empresa.
2027;9901;RECEITA GERAL DO ESTADO;RGE;1.3.2.2.01.0.1.02.000;DIVIDENDOS - PRINC. - EMPRESAS NÃO ESTATAIS;1;3;2;2;1;0;1;2;0;15;1066;886;Foi utilizada a receita prevista para 2026 corrigida para 2027 pelo PIB e IPCA.
2027;9901;RECEITA GERAL DO ESTADO;RGE;1.3.4.9.01.0.1.01.000;COMPENSAÇÕES AMBIENTAIS - PRINC. - REPOSIÇÃO FLORESTAL;1;3;4;9;1;0;1;1;0;11;15000000;15000000;APLICAÇÃO DO PERCENTUAL DE DESVINCULAÇÃO PREVISTO NO ARTIGO 76-A DO ATO DAS DISPOSIÇÕES CONSTITUCIONAIS TRANSITÓRIAS (ADCT) SOBRE AS RECEITAS ESTADUAIS PASSÍVEIS DE DESVINCULAÇÃO ATÉ 2032
2027;9901;RECEITA GERAL DO ESTADO;RGE;1.3.4.9.01.0.1.02.000;COMPENSAÇÕES AMBIENTAIS - PRINC. - REPOSIÇÃO DA PESCA;1;3;4;9;1;0;1;2;0;11;2143;2143;APLICAÇÃO DO PERCENTUAL DE DESVINCULAÇÃO PREVISTO NO ARTIGO 76-A DO ATO DAS DISPOSIÇÕES CONSTITUCIONAIS TRANSITÓRIAS (ADCT) SOBRE AS RECEITAS ESTADUAIS PASSÍVEIS DE DESVINCULAÇÃO ATÉ 2032
2027;9901;RECEITA GERAL DO ESTADO;RGE;1.3.4.9.01.0.1.03.000;COMPENSAÇÕES AMBIENTAIS - PRINC. - SUPRESSÃO DO PEQUI;1;3;4;9;1;0;1;3;0;11;2142858;2142858;APLICAÇÃO DO PERCENTUAL DE DESVINCULAÇÃO PREVISTO NO ARTIGO 76-A DO ATO DAS DISPOSIÇÕES CONSTITUCIONAIS TRANSITÓRIAS (ADCT) SOBRE AS RECEITAS ESTADUAIS PASSÍVEIS DE DESVINCULAÇÃO ATÉ 2032
2027;9901;RECEITA GERAL DO ESTADO;RGE;1.3.4.9.01.0.1.99.000;COMPENSAÇÕES AMBIENTAIS - PRINC. - DEMAIS;1;3;4;9;1;0;1;99;0;11;10714286;10714286;APLICAÇÃO DO PERCENTUAL DE DESVINCULAÇÃO PREVISTO NO ARTIGO 76-A DO ATO DAS DISPOSIÇÕES CONSTITUCIONAIS TRANSITÓRIAS (ADCT) SOBRE AS RECEITAS ESTADUAIS PASSÍVEIS DE DESVINCULAÇÃO ATÉ 2032
2027;9901;RECEITA GERAL DO ESTADO;RGE;1.3.9.9.99.0.1.01.000;OUTRAS REC. PATRIMONIAIS - PRINC.;1;3;9;9;99;0;1;1;0;15;1000;1000;"Em virtude da complexidade na projeção do fluxo de arrecadação, optou-se pelo lançamento de valor estimado de R$ 1.000 na LDO 2027.
"
2027;9901;RECEITA GERAL DO ESTADO;RGE;1.4.1.1.01.0.1.02.001;REC. AGROPECUÁRIA - PRINC. - PRODUÇÃO ANIMAL DERIVADOS - UNIDADES PENAIS;1;4;1;1;1;0;1;2;1;11;429;429;APLICAÇÃO DO PERCENTUAL DE DESVINCULAÇÃO PREVISTO NO ARTIGO 76-A DO ATO DAS DISPOSIÇÕES CONSTITUCIONAIS TRANSITÓRIAS (ADCT) SOBRE AS RECEITAS ESTADUAIS PASSÍVEIS DE DESVINCULAÇÃO ATÉ 2032
2027;9901;RECEITA GERAL DO ESTADO;RGE;1.5.1.1.01.0.1.01.999;REC. INDUSTRIAL - PRINC. - INDÚSTRIA TRANSFORMAÇÃO - OUTROS;1;5;1;1;1;0;1;1;999;11;25715;25715;APLICAÇÃO DO PERCENTUAL DE DESVINCULAÇÃO PREVISTO NO ARTIGO 76-A DO ATO DAS DISPOSIÇÕES CONSTITUCIONAIS TRANSITÓRIAS (ADCT) SOBRE AS RECEITAS ESTADUAIS PASSÍVEIS DE DESVINCULAÇÃO ATÉ 2032
2027;9901;RECEITA GERAL DO ESTADO;RGE;1.5.1.1.01.0.1.02.001;REC. INDUSTRIAL - PRINC. - INDÚSTRIA EDITORIAL GRÁFICA - RECEITA DE PUBLICAÇÕES;1;5;1;1;1;0;1;2;1;15;23861325;22825390;Foi utilizada a receita prevista para 2026 corrigida para 2027 pelo PIB e IPCA.
2027;9901;RECEITA GERAL DO ESTADO;RGE;1.6.1.1.01.0.1.06.000;SERVIÇOS ADM. COMERC. GER. - PRINC. - RESERVA DE PLACA ESPECIAL;1;6;1;1;1;0;1;6;0;15;9775650;10377911;Foi utilizada a receita prevista para 2026 corrigida para 2027 pelo PIB e IPCA.
2027;9901;RECEITA GERAL DO ESTADO;RGE;1.6.1.1.01.0.1.18.000;SERVIÇOS ADM. COMERC. GER. - PRINC. - VISITAÇÃO DAS UNIDADES DE CONSERVAÇÃO DA NATUREZA;1;6;1;1;1;0;1;18;0;11;214286;214286;APLICAÇÃO DO PERCENTUAL DE DESVINCULAÇÃO PREVISTO NO ARTIGO 76-A DO ATO DAS DISPOSIÇÕES CONSTITUCIONAIS TRANSITÓRIAS (ADCT) SOBRE AS RECEITAS ESTADUAIS PASSÍVEIS DE DESVINCULAÇÃO ATÉ 2032
2027;9901;RECEITA GERAL DO ESTADO;RGE;1.6.1.1.01.0.1.19.000;SERVIÇOS ADM. COMERC. GER. - PRINC. - REGULARIZAÇÃO FUNDIÁRIA;1;6;1;1;1;0;1;19;0;15;831556;1620837;Foi utilizada a receita prevista para 2026 corrigida para 2027 pelo PIB e IPCA.
2027;9901;RECEITA GERAL DO ESTADO;RGE;1.6.1.1.04.0.1.03.000;SERVIÇOS INFORMAÇÃO TECNOLOGIA - PRINC. - FORNECIMENTO DE DADOS FISCAIS;1;6;1;1;4;0;1;3;0;15;260018;333287;Foi utilizada a receita prevista para 2026 corrigida para 2027 pelo PIB e IPCA.
2027;9901;RECEITA GERAL DO ESTADO;RGE;1.6.1.1.04.0.1.05.000;SERVIÇOS INFORMAÇÃO TECNOLOGIA - PRINC. - PROCESSAMENTO DAS CONSIGNAÇÕES DA FOLHA DE PESSOAL;1;6;1;1;4;0;1;5;0;15;5983357;7381291;Foi utilizada a receita prevista para 2026 corrigida para 2027 pelo PIB e IPCA.
2027;9901;RECEITA GERAL DO ESTADO;RGE;1.6.3.1.99.0.1.05.001;OUTROS SERV. ATEND. SAÚDE - PRINC. - COPARTICIP. SEGURADOS - SERVIÇOS HOSPITALARES;1;6;3;1;99;0;1;5;1;11;32991288;32991288;APLICAÇÃO DO PERCENTUAL DE DESVINCULAÇÃO PREVISTO NO ARTIGO 76-A DO ATO DAS DISPOSIÇÕES CONSTITUCIONAIS TRANSITÓRIAS (ADCT) SOBRE AS RECEITAS ESTADUAIS PASSÍVEIS DE DESVINCULAÇÃO ATÉ 2032
2027;9901;RECEITA GERAL DO ESTADO;RGE;1.6.3.1.99.0.1.05.002;OUTROS SERV. ATEND. SAÚDE - PRINC. - COPARTICIP. SEGURADOS - SERVIÇOS ODONTOLÓGICOS;1;6;3;1;99;0;1;5;2;11;2747199;2747199;APLICAÇÃO DO PERCENTUAL DE DESVINCULAÇÃO PREVISTO NO ARTIGO 76-A DO ATO DAS DISPOSIÇÕES CONSTITUCIONAIS TRANSITÓRIAS (ADCT) SOBRE AS RECEITAS ESTADUAIS PASSÍVEIS DE DESVINCULAÇÃO ATÉ 2032
2027;9901;RECEITA GERAL DO ESTADO;RGE;1.6.4.1.01.0.1.01.000;RETORNO OPER. JUROS ENCARG. FINANCEIROS - PRINC. - JUROS DE EMPRÉSTIMOS;1;6;4;1;1;0;1;1;0;40;48069;32188;Foi utilizada a receita prevista para 2026 corrigida para 2027 pelo PIB e IPCA.
2027;9901;RECEITA GERAL DO ESTADO;RGE;1.6.9.9.99.0.3.01.000;OUTROS SERVIÇOS - DA;1;6;9;9;99;0;3;1;0;15;51264095;51264095;Corresponde à Receita Prevista Atualizada de 2026, majorada pelo fator de crescimento esperado do PIB em 2026, 1,6% na estimativa do BACEN.
2027;9901;RECEITA GERAL DO ESTADO;RGE;1.7.1.1.50.0.1.01.000;COTA-PARTE FPE - PRINC. - ESTADO ;1;7;1;1;50;0;1;1;0;10;8398239932;8398239932;Redução da previsão de receita devido à incerteza na arrecadação com a reforma tributária.
2027;9901;RECEITA GERAL DO ESTADO;RGE;1.7.1.1.50.0.1.02.000;COTA-PARTE FPE - PRINC. - FUNDEB;1;7;1;1;50;0;1;2;0;23;2099559983;2099559983;Redução da previsão de receita devido à incerteza na arrecadação com a reforma tributária.
2027;9901;RECEITA GERAL DO ESTADO;RGE;1.7.1.1.53.0.1.01.000;COTA-PARTE IPI - ESTADOS EXPORT. PROD. INDUST. - PRINC. - ESTADO;1;7;1;1;53;0;1;1;0;10;600000;792419988;Redução da previsão de receita devido à incerteza na arrecadação com a reforma tributária.
2027;9901;RECEITA GERAL DO ESTADO;RGE;1.7.1.1.53.0.1.02.000;COTA-PARTE IPI - ESTADOS EXPORT. PROD. INDUST. - PRINC. - MUNICÍPIOS;1;7;1;1;53;0;1;2;0;20;250000;330174995;Redução da previsão de receita devido à incerteza na arrecadação com a reforma tributária.
2027;9901;RECEITA GERAL DO ESTADO;RGE;1.7.1.1.53.0.1.03.000;COTA-PARTE IPI - ESTADOS EXPORT. PROD. INDUST. - PRINC. - FUNDEB;1;7;1;1;53;0;1;3;0;23;150000;198104997;Redução da previsão de receita devido à incerteza na arrecadação com a reforma tributária.
2027;9901;RECEITA GERAL DO ESTADO;RGE;1.7.1.1.54.0.1.01.000;COTA-PARTE CIDE - PRINC. - ESTADO;1;7;1;1;54;0;1;1;0;51;89584962;88171783;Foi utilizada a receita prevista pela Secretaria do Tesouro Nacional para 2026,  corrigida para 2027 pelo PIB e IPCA.
2027;9901;RECEITA GERAL DO ESTADO;RGE;1.7.1.1.54.0.1.02.000;COTA-PARTE CIDE - PRINC. - MUNICÍPIOS;1;7;1;1;54;0;1;2;0;51;29838075;29360522;Foi utilizada a receita prevista pela Secretaria do Tesouro Nacional para 2026,  corrigida para 2027 pelo PIB e IPCA.
2027;9901;RECEITA GERAL DO ESTADO;RGE;1.7.1.1.55.0.1.01.000;COTA-PARTE IOF-OURO - PRINC.;1;7;1;1;55;0;1;1;0;10;74311;49761;Foi utilizada a receita prevista para 2026 corrigida para 2027 pelo PIB e IPCA.
2027;9901;RECEITA GERAL DO ESTADO;RGE;1.7.1.2.50.0.1.01.000;COTA-PARTE COMPENSAÇÃO FINANCEIRA RECURSOS HÍDRICOS - PRINC.;1;7;1;2;50;0;1;1;0;11;36374405;37374737;Receita de desvinculação - 30% (trinta por cento) da receita desvinculada.
2027;9901;RECEITA GERAL DO ESTADO;RGE;1.7.1.2.50.0.1.01.000;COTA-PARTE COMPENSAÇÃO FINANCEIRA RECURSOS HÍDRICOS - PRINC.;1;7;1;2;50;0;1;1;0;31;84873611;87207720;Foi utilizada a receita prevista para 2026 corrigida para 2027 pelo PIB e IPCA.
2027;9901;RECEITA GERAL DO ESTADO;RGE;1.7.1.2.51.0.1.01.000;COTA-PARTE CFEM - PRINC.;1;7;1;2;51;0;1;1;0;11;172969974;169868800;Receita de desvinculação - 30% (trinta por cento) da receita desvinculada.
2027;9901;RECEITA GERAL DO ESTADO;RGE;1.7.1.2.51.0.1.01.000;COTA-PARTE CFEM - PRINC.;1;7;1;2;51;0;1;1;0;32;403596607;396360533;Foi utilizada a receita prevista para 2026 corrigida para 2027 pelo PIB e IPCA.
2027;9901;RECEITA GERAL DO ESTADO;RGE;1.7.1.2.52.1.1.01.000;COTA-PARTE COMPENSAÇÃO FINANCEIRA PRODUÇÃO PETRÓLEO - LEI FEDERAL Nº 7.990/89 - PRINC.;1;7;1;2;52;1;1;1;0;11;16712675;18536418;Receita de desvinculação - 30% (trinta por cento) da receita desvinculada.
2027;9901;RECEITA GERAL DO ESTADO;RGE;1.7.1.2.52.1.1.01.000;COTA-PARTE COMPENSAÇÃO FINANCEIRA PRODUÇÃO PETRÓLEO - LEI FEDERAL Nº 7.990/89 - PRINC.;1;7;1;2;52;1;1;1;0;33;38996241;43251641;Foi utilizada a receita prevista para 2026 corrigida para 2027 pelo PIB e IPCA.
2027;9901;RECEITA GERAL DO ESTADO;RGE;1.7.1.9.58.0.1.01.000;TRANSF. OBRIGATÓRIA DECORRENTE LC FEDERAL Nº 176/20 - PRINC.;1;7;1;9;58;0;1;1;0;15;418250595;452688776;Transferência Obrigatória Decorrente Lei Complementar Federal nº 176/20.
2027;9901;RECEITA GERAL DO ESTADO;RGE;1.7.4.1.99.0.1.40.999;DESPORTO LAZER - OUTROS;1;7;4;1;99;0;1;40;999;11;946738;946738;APLICAÇÃO DO PERCENTUAL DE DESVINCULAÇÃO PREVISTO NO ARTIGO 76-A DO ATO DAS DISPOSIÇÕES CONSTITUCIONAIS TRANSITÓRIAS (ADCT) SOBRE AS RECEITAS ESTADUAIS PASSÍVEIS DE DESVINCULAÇÃO ATÉ 2032
2027;9901;RECEITA GERAL DO ESTADO;RGE;1.7.5.1.50.0.1.12.000;TRANSF. RECURSOS FUNDEB - PRINC. - PARCELA IBS;1;7;5;1;50;0;1;12;0;23;;22429768;Inclui IBS - Previsão de novas receitas na LOA 2027 em relação à LDO 2027
2027;9901;RECEITA GERAL DO ESTADO;RGE;1.9.1.1.01.0.1.01.000;MULTAS LEGISL. ESPECÍFICA - PRINC. - LEGISLAÇÃO SANITÁRIA;1;9;1;1;1;0;1;1;0;15;267941;229002;Foi utilizada a receita prevista para 2026 corrigida para 2027 pelo PIB e IPCA.
2027;9901;RECEITA GERAL DO ESTADO;RGE;1.9.1.1.01.0.1.03.001;MULTAS LEGISL. ESPECÍFICA - PRINC. - LEGISL. TRÂNSITO - COTA PARTE DO ESTADO;1;9;1;1;1;0;1;3;1;11;63440091;66706034;Receita de desvinculação - 30% (trinta por cento) da receita desvinculada.
2027;9901;RECEITA GERAL DO ESTADO;RGE;1.9.1.1.01.0.1.03.001;MULTAS LEGISL. ESPECÍFICA - PRINC. - LEGISL. TRÂNSITO - COTA PARTE DO ESTADO;1;9;1;1;1;0;1;3;1;82;148026878;155647413;Foi utilizada a receita prevista para 2026 corrigida para 2027 pelo PIB e IPCA.
2027;9901;RECEITA GERAL DO ESTADO;RGE;1.9.1.1.01.0.1.03.002;MULTAS LEGISL. ESPECÍFICA - PRINC. - LEGISL. TRÂNSITO - COTA PARTE DO DEPARTAMENTO DE EDIFICAÇÕES E ESTRADAS DE RODAGEM DO ESTADO DE MINAS GERAIS - DERMG;1;9;1;1;1;0;1;3;2;11;89164234;89164234;APLICAÇÃO DO PERCENTUAL DE DESVINCULAÇÃO PREVISTO NO ARTIGO 76-A DO ATO DAS DISPOSIÇÕES CONSTITUCIONAIS TRANSITÓRIAS (ADCT) SOBRE AS RECEITAS ESTADUAIS PASSÍVEIS DE DESVINCULAÇÃO ATÉ 2032
2027;9901;RECEITA GERAL DO ESTADO;RGE;1.9.1.1.01.0.1.03.004;MULTAS LEGISL. ESPECÍFICA - PRINC. - LEGISL. TRÂNSITO - COTA PARTE DO FUNDO NACIONAL DE SEGURANÇA E EDUCAÇÃO NO TRÂNSITO - FUNSET - ESTADO;1;9;1;1;1;0;1;3;4;82;11129840;11702813;Foi utilizada a receita prevista para 2026 corrigida para 2027 pelo PIB e IPCA.
2027;9901;RECEITA GERAL DO ESTADO;RGE;1.9.1.1.01.0.1.04.999;MULTAS LEGISL. ESPECÍFICA - PRINC. - MULTA ISOLADA OBRIG. ACESSÓRIA - OUTROS;1;9;1;1;1;0;1;4;999;15;50098846;50098846;Foram projetados tendo por base os valores históricos observados em exercícios recentes (janeiro de 2014 a fevereiro de 2026) e foram utilizados modelos ARIMA e de Alisamento Exponencial.
2027;9901;RECEITA GERAL DO ESTADO;RGE;1.9.1.1.01.0.1.12.000;MULTAS LEGISL. ESPECÍFICA - PRINC. - INFRAÇÃO À LEGISLAÇÃO DE ABASTECIMENTO DE ÁGUA E ESGOTAMENTO SANITÁRIO;1;9;1;1;1;0;1;12;0;11;108665;108665;APLICAÇÃO DO PERCENTUAL DE DESVINCULAÇÃO PREVISTO NO ARTIGO 76-A DO ATO DAS DISPOSIÇÕES CONSTITUCIONAIS TRANSITÓRIAS (ADCT) SOBRE AS RECEITAS ESTADUAIS PASSÍVEIS DE DESVINCULAÇÃO ATÉ 2032
2027;9901;RECEITA GERAL DO ESTADO;RGE;1.9.1.1.01.0.2.04.999;MULTAS LEGISL. ESPECÍFICA - MJM - MULTA ISOLADA OBRIG. ACESSÓRIA - OUTROS;1;9;1;1;1;0;2;4;999;15;26777;18238;Foi utilizada a receita prevista para 2026 corrigida para 2027 pelo PIB e IPCA.
2027;9901;RECEITA GERAL DO ESTADO;RGE;1.9.1.1.01.0.3.04.999;MULTAS LEGISL. ESPECÍFICA - DA - MULTA ISOLADA OBRIG. ACESSÓRIA - OUTROS;1;9;1;1;1;0;3;4;999;15;54767139;47046653;Foi utilizada a receita prevista para 2026 corrigida para 2027 pelo PIB e IPCA.
2027;9901;RECEITA GERAL DO ESTADO;RGE;1.9.1.1.01.0.4.04.999;MULTAS LEGISL. ESPECÍFICA - DA-MJM - MULTA ISOLADA OBRIG. ACESSÓRIA - OUTROS;1;9;1;1;1;0;4;4;999;15;30874;22142;Foi utilizada a receita prevista para 2026 corrigida para 2027 pelo PIB e IPCA.
2027;9901;RECEITA GERAL DO ESTADO;RGE;1.9.1.1.06.1.1.01.000;MULTAS ADM. DANOS AMBIENTAIS - PRINC.;1;9;1;1;6;1;1;1;0;15;136931530;136931530;Corresponde à Receita Prevista Atualizada de 2026, majorada pelo fator de crescimento esperado do PIB em 2026, 1,6% na estimativa do BACEN.
2027;9901;RECEITA GERAL DO ESTADO;RGE;1.9.1.1.09.0.1.99.000;MULTAS JUROS PREVISTOS CONTRATOS - PRINC. - DEMAIS;1;9;1;1;9;0;1;99;0;10;1000;1000;Em virtude da complexidade na projeção do fluxo de arrecadação, optou-se pelo lançamento de valor estimado de R$ 1.000 na LDO 2027.
2027;9901;RECEITA GERAL DO ESTADO;RGE;1.9.1.1.09.0.1.99.000;MULTAS JUROS PREVISTOS CONTRATOS - PRINC. - DEMAIS;1;9;1;1;9;0;1;99;0;15;643335;523455;Foi utilizada a receita prevista para 2026 corrigida para 2027 pelo PIB e IPCA.
2027;9901;RECEITA GERAL DO ESTADO;RGE;1.9.1.1.13.2.1.01.000;MULTAS LEGISLAÇÃO ANTICORRUPÇÃO ACORDOS LENIÊNCIA - PRINC.;1;9;1;1;13;2;1;1;0;15;1000;1000;Em virtude da complexidade na projeção do fluxo de arrecadação, optou-se pelo lançamento de valor estimado de R$ 1.000 na LDO 2027.
2027;9901;RECEITA GERAL DO ESTADO;RGE;1.9.2.1.99.0.1.01.000;OUTRAS INDENIZAÇÕES - PRINC. - IMPACTOS E DANOS AMBIENTAIS;1;9;2;1;99;0;1;1;0;11;7371429;7371429;APLICAÇÃO DO PERCENTUAL DE DESVINCULAÇÃO PREVISTO NO ARTIGO 76-A DO ATO DAS DISPOSIÇÕES CONSTITUCIONAIS TRANSITÓRIAS (ADCT) SOBRE AS RECEITAS ESTADUAIS PASSÍVEIS DE DESVINCULAÇÃO ATÉ 2032
2027;9901;RECEITA GERAL DO ESTADO;RGE;1.9.2.1.99.0.1.99.000;OUTRAS INDENIZAÇÕES - PRINC. - DEMAIS;1;9;2;1;99;0;1;99;0;15;2043111;2513608;Foi utilizada a receita prevista para 2026 corrigida para 2027 pelo PIB e IPCA.
2027;9901;RECEITA GERAL DO ESTADO;RGE;1.9.2.2.01.1.1.01.000;RESTITUIÇÃO CONVÊNIOS - PRIMÁRIAS - PRINC.;1;9;2;2;1;1;1;1;0;10;28983226;27362594;Foi utilizada a receita prevista para 2026 corrigida para 2027 pelo PIB e IPCA.
2027;9901;RECEITA GERAL DO ESTADO;RGE;1.9.2.2.01.1.1.01.000;RESTITUIÇÃO CONVÊNIOS - PRIMÁRIAS - PRINC.;1;9;2;2;1;1;1;1;0;31;738179;502602;Foi utilizada a receita prevista para 2026 corrigida para 2027 pelo PIB e IPCA.
2027;9901;RECEITA GERAL DO ESTADO;RGE;1.9.2.2.01.1.1.01.000;RESTITUIÇÃO CONVÊNIOS - PRIMÁRIAS - PRINC.;1;9;2;2;1;1;1;1;0;72;1000;1000;Em virtude da complexidade na projeção do fluxo de arrecadação, optou-se pelo lançamento de valor estimado de R$ 1.000 na LDO 2027.
2027;9901;RECEITA GERAL DO ESTADO;RGE;1.9.2.2.03.0.1.01.000;RESTITUIÇÃO BENEFÍCIOS PREVIDENCIÁRIOS - PRINC. - FOLHA PAGAMENTO - INATIVOS E PENSIONISTAS;1;9;2;2;3;0;1;1;0;75;;1000;Ajusta receitas obrigatórias no GRP relacionadas à despesa de pessoal
2027;9901;RECEITA GERAL DO ESTADO;RGE;1.9.2.2.06.3.1.99.000;RESTITUIÇÃO DESPESAS PRIMÁRIAS EXERCÍCIOS ANTERIORES - PRINC. - DEMAIS;1;9;2;2;6;3;1;99;0;10;967904;653753;Foi utilizada a receita prevista para 2026 corrigida para 2027 pelo PIB e IPCA.
2027;9901;RECEITA GERAL DO ESTADO;RGE;1.9.2.2.52.0.1.01.000;RESTITUIÇÃO REMUNERAÇÃO FOLHA PAGAMENTO - PESSOAL ATIVO - PRINC.;1;9;2;2;52;0;1;1;0;80;;1000;Adequação das receitas de restituição - Previsão de novas receitas na LOA 2027 em relação à LDO 2027
2027;9901;RECEITA GERAL DO ESTADO;RGE;1.9.2.2.52.0.1.01.000;RESTITUIÇÃO REMUNERAÇÃO FOLHA PAGAMENTO - PESSOAL ATIVO - PRINC.;1;9;2;2;52;0;1;1;0;95;;1000;Adequação das receitas de restituição - Previsão de novas receitas na LOA 2027 em relação à LDO 2027
2027;9901;RECEITA GERAL DO ESTADO;RGE;1.9.2.2.99.0.1.01.000;OUTRAS RESTITUIÇÕES - PRINC. - RECURSOS ORIGINÁRIOS DO FUNDO ESTADUAL DE SAÚDE - FES;1;9;2;2;99;0;1;1;0;10;;32626;Receitas SEF - Previsão de novas receitas na LOA 2027 em relação à LDO 2027
2027;9901;RECEITA GERAL DO ESTADO;RGE;1.9.2.2.99.0.1.99.000;OUTRAS RESTITUIÇÕES - PRINC. - DEMAIS;1;9;2;2;99;0;1;99;0;10;202651624;258077144;Foi utilizada a receita prevista para 2026 corrigida para 2027 pelo PIB e IPCA.
2027;9901;RECEITA GERAL DO ESTADO;RGE;1.9.2.2.99.0.1.99.000;OUTRAS RESTITUIÇÕES - PRINC. - DEMAIS;1;9;2;2;99;0;1;99;0;12;1000;1000;"Em virtude da complexidade na projeção do fluxo de arrecadação, optou-se pelo lançamento de valor estimado de R$ 1.000 na LDO 2027.
"
2027;9901;RECEITA GERAL DO ESTADO;RGE;1.9.2.2.99.0.1.99.000;OUTRAS RESTITUIÇÕES - PRINC. - DEMAIS;1;9;2;2;99;0;1;99;0;15;176526;1246067;Foi utilizada a receita prevista para 2026 corrigida para 2027 pelo PIB e IPCA.
2027;9901;RECEITA GERAL DO ESTADO;RGE;1.9.2.2.99.0.1.99.000;OUTRAS RESTITUIÇÕES - PRINC. - DEMAIS;1;9;2;2;99;0;1;99;0;27;1594;1751;Foi utilizada a receita prevista para 2026 corrigida para 2027 pelo PIB e IPCA.
2027;9901;RECEITA GERAL DO ESTADO;RGE;1.9.2.2.99.0.1.99.000;OUTRAS RESTITUIÇÕES - PRINC. - DEMAIS;1;9;2;2;99;0;1;99;0;31;16706;13418;Foi utilizada a receita prevista para 2026 corrigida para 2027 pelo PIB e IPCA.
2027;9901;RECEITA GERAL DO ESTADO;RGE;1.9.2.2.99.0.1.99.000;OUTRAS RESTITUIÇÕES - PRINC. - DEMAIS;1;9;2;2;99;0;1;99;0;32;261538;262703;Foi utilizada a receita prevista para 2026 corrigida para 2027 pelo PIB e IPCA.
2027;9901;RECEITA GERAL DO ESTADO;RGE;1.9.2.2.99.0.1.99.000;OUTRAS RESTITUIÇÕES - PRINC. - DEMAIS;1;9;2;2;99;0;1;99;0;33;25777;92274;Foi utilizada a receita prevista para 2026 corrigida para 2027 pelo PIB e IPCA.
2027;9901;RECEITA GERAL DO ESTADO;RGE;1.9.2.2.99.0.1.99.000;OUTRAS RESTITUIÇÕES - PRINC. - DEMAIS;1;9;2;2;99;0;1;99;0;53;1000;1000;Em virtude da complexidade na projeção do fluxo de arrecadação, optou-se pelo lançamento de valor estimado de R$ 1.000 na LDO 2027.
2027;9901;RECEITA GERAL DO ESTADO;RGE;1.9.2.2.99.0.1.99.000;OUTRAS RESTITUIÇÕES - PRINC. - DEMAIS;1;9;2;2;99;0;1;99;0;71;318596;231448;Foi utilizada a receita prevista para 2026 corrigida para 2027 pelo PIB e IPCA.
2027;9901;RECEITA GERAL DO ESTADO;RGE;1.9.2.2.99.0.1.99.000;OUTRAS RESTITUIÇÕES - PRINC. - DEMAIS;1;9;2;2;99;0;1;99;0;72;11370;284271;Foi utilizada a receita prevista para 2026 corrigida para 2027 pelo PIB e IPCA.
2027;9901;RECEITA GERAL DO ESTADO;RGE;1.9.2.2.99.0.1.99.000;OUTRAS RESTITUIÇÕES - PRINC. - DEMAIS;1;9;2;2;99;0;1;99;0;75;;1000;Ajusta receitas obrigatórias no GRP relacionadas à despesa de pessoal
2027;9901;RECEITA GERAL DO ESTADO;RGE;1.9.2.2.99.0.1.99.000;OUTRAS RESTITUIÇÕES - PRINC. - DEMAIS;1;9;2;2;99;0;1;99;0;80;370173;371822;Foi utilizada a receita prevista para 2026 corrigida para 2027 pelo PIB e IPCA.
2027;9901;RECEITA GERAL DO ESTADO;RGE;1.9.2.2.99.0.1.99.000;OUTRAS RESTITUIÇÕES - PRINC. - DEMAIS;1;9;2;2;99;0;1;99;0;95;1000;1000;Em virtude da complexidade na projeção do fluxo de arrecadação, optou-se pelo lançamento de valor estimado de R$ 1.000 na LDO 2027.
2027;9901;RECEITA GERAL DO ESTADO;RGE;1.9.2.3.03.0.1.01.000;REVERSÃO GARANTIAS - PRINC.;1;9;2;3;3;0;1;1;0;15;1000;1000;Em virtude da complexidade na projeção do fluxo de arrecadação, optou-se pelo lançamento de valor estimado de R$ 1.000 na LDO 2027.
2027;9901;RECEITA GERAL DO ESTADO;RGE;1.9.3.1.06.0.1.01.000;BENS DIREITOS VALORES RENÚNCIA VOLUNTÁRIA ACORDO NÃO PERSECUÇÃO PENAL - PRINC.;1;9;3;1;6;0;1;1;0;15;615899;680555;Foi utilizada a receita prevista para 2026 corrigida para 2027 pelo PIB e IPCA.
2027;9901;RECEITA GERAL DO ESTADO;RGE;1.9.9.9.99.2.1.08.001;OUTRAS REC. - PRIMÁRIAS - PRINC. - RECEITAS ADICIONAIS À CONCESSÃO - PPP - AEROPORTUÁRIA;1;9;9;9;99;2;1;8;1;11;311572;311572;APLICAÇÃO DO PERCENTUAL DE DESVINCULAÇÃO PREVISTO NO ARTIGO 76-A DO ATO DAS DISPOSIÇÕES CONSTITUCIONAIS TRANSITÓRIAS (ADCT) SOBRE AS RECEITAS ESTADUAIS PASSÍVEIS DE DESVINCULAÇÃO ATÉ 2032
2027;9901;RECEITA GERAL DO ESTADO;RGE;1.9.9.9.99.2.1.08.001;OUTRAS REC. - PRIMÁRIAS - PRINC. - RECEITAS ADICIONAIS À CONCESSÃO - PPP - AEROPORTUÁRIA;1;9;9;9;99;2;1;8;1;15;4898073;4955097;Foi utilizado como parâmetro o último valor de receita compartilhada efetivamente pago pela Concessionária, sendo o mesmo atualizado pelo IPCA projetado para os anos seguintes.
2027;9901;RECEITA GERAL DO ESTADO;RGE;1.9.9.9.99.2.1.08.999;OUTRAS REC. - PRIMÁRIAS - PRINC. - RECEITAS ADICIONAIS À CONCESSÃO - PPP - OUTROS;1;9;9;9;99;2;1;8;999;15;7542294;7846113;"Foi utilizado como parâmetro o último valor de receita compartilhada efetivamente pago pela Concessionária, sendo o mesmo atualizado pelo IPCA projetado para os anos seguintes.

"
2027;9901;RECEITA GERAL DO ESTADO;RGE;1.9.9.9.99.2.1.11.000;OUTRAS REC. - PRIMÁRIAS - PRINC. - BANCO DO ESTADO DE MINAS GERAIS - BEMGE;1;9;9;9;99;2;1;11;0;15;2600000;2600000;Calculou-se a média de repasse dos últimos 4 anos, desconsiderando o repasse do precatório ocorrido em 2023.
2027;9901;RECEITA GERAL DO ESTADO;RGE;1.9.9.9.99.2.1.15.000;OUTRAS REC. - PRIMÁRIAS - PRINC. - GESTÃO DE VEÍCULOS APREENDIDOS E REMOVIDOS;1;9;9;9;99;2;1;15;0;15;165994754;144542903;Foi utilizada a receita prevista para 2026 corrigida para 2027 pelo PIB e IPCA.
2027;9901;RECEITA GERAL DO ESTADO;RGE;1.9.9.9.99.2.1.17.000;OUTRAS REC. - PRIMÁRIAS - PRINC. - BENS, DIREITOS E VALORES OBJETO DE RENÚNCIA VOLUNTÁRIA EM ACORDO DE NÃO PERSECUÇÃO CÍVEL;1;9;9;9;99;2;1;17;0;15;59362;111144;Foi utilizada a receita prevista para 2026 corrigida para 2027 pelo PIB e IPCA.
2027;9901;RECEITA GERAL DO ESTADO;RGE;1.9.9.9.99.2.1.99.000;OUTRAS REC. - PRIMÁRIAS - PRINC. - DEMAIS;1;9;9;9;99;2;1;99;0;11;13285715;13285715;APLICAÇÃO DO PERCENTUAL DE DESVINCULAÇÃO PREVISTO NO ARTIGO 76-A DO ATO DAS DISPOSIÇÕES CONSTITUCIONAIS TRANSITÓRIAS (ADCT) SOBRE AS RECEITAS ESTADUAIS PASSÍVEIS DE DESVINCULAÇÃO ATÉ 2032
2027;9901;RECEITA GERAL DO ESTADO;RGE;1.9.9.9.99.2.1.99.000;OUTRAS REC. - PRIMÁRIAS - PRINC. - DEMAIS;1;9;9;9;99;2;1;99;0;15;45296272;43198510;Foi utilizada a receita prevista para 2026 corrigida para 2027 pelo PIB e IPCA.
2027;9901;RECEITA GERAL DO ESTADO;RGE;1.9.9.9.99.2.2.99.000;OUTRAS REC. - PRIMÁRIAS - MJM - DEMAIS;1;9;9;9;99;2;2;99;0;15;708540;747071;Foi utilizada a receita prevista para 2026 corrigida para 2027 pelo PIB e IPCA.
2027;9901;RECEITA GERAL DO ESTADO;RGE;1.9.9.9.99.2.3.99.000;OUTRAS REC. - PRIMÁRIAS - DA - DEMAIS;1;9;9;9;99;2;3;99;0;15;1000;1000;Em virtude da complexidade na projeção do fluxo de arrecadação, optou-se pelo lançamento de valor estimado de R$ 1.000 na LDO 2027.
2027;9901;RECEITA GERAL DO ESTADO;RGE;1.9.9.9.99.2.4.99.000;OUTRAS REC. - PRIMÁRIAS - DA-MJM - DEMAIS;1;9;9;9;99;2;4;99;0;15;150034;100801;Foi utilizada a receita prevista para 2026 corrigida para 2027 pelo PIB e IPCA.
2027;9901;RECEITA GERAL DO ESTADO;RGE;2.2.1.3.01.0.1.01.000;ALIENAÇÃO BENS MÓVEIS SEMOVENTES - PRINC.;2;2;1;3;1;0;1;1;0;48;7798189;18727763;Foi utilizada a receita prevista para 2026 corrigida para 2027 pelo PIB e IPCA.
2027;9901;RECEITA GERAL DO ESTADO;RGE;2.2.2.1.01.0.1.01.000;ALIENAÇÃO BENS IMÓVEIS - PRINC.;2;2;2;1;1;0;1;1;0;48;308600000;8600000;Os valores previstos se basearão somente no valor alienado em 2025, podendo sofrer alterações.
2027;9901;RECEITA GERAL DO ESTADO;RGE;2.3.1.1.06.0.1.01.000;AMORTIZAÇÃO EMPRÉSTIMOS CONTRATUAIS - PRINC.;2;3;1;1;6;0;1;1;0;15;3191694;798202;Foi utilizada a previsão para 2026, amortizada em 5% para o exercício de 2027.
2027;9901;RECEITA GERAL DO ESTADO;RGE;2.3.1.1.07.1.1.99.000;AMORTIZAÇÃO FINANCIAMENTOS GERAL - PRINC. - DEMAIS;2;3;1;1;7;1;1;99;0;40;256114;171671;Foi utilizada a receita prevista para 2026 corrigida para 2027 pelo PIB e IPCA.
2027;9901;RECEITA GERAL DO ESTADO;RGE;2.4.4.1.52.0.1.01.000;TRANSF. FEF - LC N° 212/2025 - PRINC.;2;4;4;1;52;0;1;1;0;89;312025745;386591331;No momento atual, diante da indisponibilidade de informações consolidadas dos demais estados ¿ especialmente no que se refere às projeções de dívida, Receita Corrente Líquida (RCL) e coeficientes do Fundo de Participação dos Estados (FPE), que impactam diretamente a distribuição dos recursos do Fundo de Equalização Federativa (FEF) ¿ e considerando, ainda, que os entes federativos se encontram em diferentes estágios do processo de adesão ao Programa de Pleno Pagamento de Dívidas dos Estados (PROPAG), torna-se inviável a elaboração de uma estimativa mais robusta e factível da receita a ser auferida por meio desse mecanismo.
2027;9901;RECEITA GERAL DO ESTADO;RGE;2.9.9.9.99.0.1.04.000;DEMAIS REC. CAPITAL - PRINC. - ROMPIMENTO DA BARRAGEM DE FUNDÃO EM MARIANA - ACORDO JUDICIAL DE REPARAÇÃO INTEGRAL E DEFINITIVA;2;9;9;9;99;0;1;4;0;80;966848874;778348874;Receita com previsão enviada pela Secretaria de Estado de Planejamento e Gestão.
2027;9901;RECEITA GERAL DO ESTADO;RGE;7.2.1.9.99.1.1.10.051;REC. INTRA. - DEMAIS CONTRIB. SOC. - PRINC. - CONTRIB. PATRONAL MILITAR APOSENTADORIA - ATIVO;7;2;1;9;99;1;1;10;51;75;275333035;257524180;RECEITA DE CONTRIBUIÇÕES: PROJEÇÃO COM BASE NA RECEITA EXECUTADA ATÉ MARÇO DE 2025, INCORPORANDO CRESCIMENTO VEGETATIVO, REAJUSTES E OUTROS IMPACTOS.
2027;9901;RECEITA GERAL DO ESTADO;RGE;7.2.1.9.99.1.1.10.052;REC. INTRA. - DEMAIS CONTRIB. SOC. - PRINC. - CONTRIB. PATRONAL MILITAR APOSENTADORIA - INATIVO;7;2;1;9;99;1;1;10;52;75;329988863;364800957;RECEITA DE CONTRIBUIÇÕES: PROJEÇÃO COM BASE NA RECEITA EXECUTADA ATÉ MARÇO DE 2025, INCORPORANDO CRESCIMENTO VEGETATIVO, REAJUSTES E OUTROS IMPACTOS.
2027;9901;RECEITA GERAL DO ESTADO;RGE;7.9.2.2.99.0.1.99.000;REC. INTRA. - OUTRAS RESTITUIÇÕES - PRINC. - DEMAIS;7;9;2;2;99;0;1;99;0;10;1000;1000;Em virtude da complexidade na projeção do fluxo de arrecadação, optou-se pelo lançamento de valor estimado de R$ 1.000 na LDO 2027.
2027;9901;RECEITA GERAL DO ESTADO;RGE;9.1.1.2.51.0.1.02.000;DEDUÇÃO REC. - IPVA - PRINC. - COTA PARTE DOS MUNICÍPIOS;9;1;1;2;51;0;1;2;0;20;-6730265620;-6730265620;Receita de Dedução Rec. - IPVA - Princ. - Cota Parte dos Municípios
2027;9901;RECEITA GERAL DO ESTADO;RGE;9.1.1.2.51.0.1.03.000;DEDUÇÃO REC. - IPVA - PRINC. - COTA PARTE DO ESTADO PARA O FUNDEB;9;1;1;2;51;0;1;3;0;23;-1346053124;-1346053124;Receita de Dedução Rec. - IPVA - Princ. - Cota Parte do Estado para o FUNDEB
2027;9901;RECEITA GERAL DO ESTADO;RGE;9.1.1.2.51.0.2.02.000;DEDUÇÃO REC. - IPVA - MJM - COTA PARTE DOS MUNICÍPIOS;9;1;1;2;51;0;2;2;0;20;-440382545;-440382545;Receita de Dedução Rec. - IPVA - MJM - Cota Parte dos Municípios
2027;9901;RECEITA GERAL DO ESTADO;RGE;9.1.1.2.51.0.2.03.000;DEDUÇÃO REC. - IPVA - MJM - COTA PARTE DO ESTADO PARA O FUNDEB;9;1;1;2;51;0;2;3;0;23;-88076509;-88076509;Receita de Dedução Rec. - IPVA - MJM - Cota Parte do Estado para o FUNDEB
2027;9901;RECEITA GERAL DO ESTADO;RGE;9.1.1.2.51.0.3.02.000;DEDUÇÃO REC. - IPVA - DA - COTA PARTE DOS MUNICÍPIOS;9;1;1;2;51;0;3;2;0;20;-176418275;-176418275;Receita de Dedução Rec. - IPVA - DA - Cota Parte dos Municípios
2027;9901;RECEITA GERAL DO ESTADO;RGE;9.1.1.2.51.0.3.03.000;DEDUÇÃO REC. - IPVA - DA - COTA PARTE DO ESTADO PARA O FUNDEB;9;1;1;2;51;0;3;3;0;23;-35283655;-35283655;Receita de Dedução Rec. - IPVA - DA - Cota Parte do Estado para o FUNDEB
2027;9901;RECEITA GERAL DO ESTADO;RGE;9.1.1.2.52.0.1.02.000;DEDUÇÃO REC. - ITCD - PRINC. - COTA PARTE DO ESTADO PARA O FUNDEB;9;1;1;2;52;0;1;2;0;23;-469496703;-469496703;Receita de Dedução Rec. - ITCD - Princ. - Cota Parte do Estado para o FUNDEB
2027;9901;RECEITA GERAL DO ESTADO;RGE;9.1.1.2.52.0.2.02.000;DEDUÇÃO REC. - ITCD - MJM - COTA PARTE DO ESTADO PARA O FUNDEB;9;1;1;2;52;0;2;2;0;23;-39568452;-39568452;Receita de Dedução Rec. - ITCD - MJM - Cota Parte do Estado para o FUNDEB
2027;9901;RECEITA GERAL DO ESTADO;RGE;9.1.1.2.52.0.3.02.000;DEDUÇÃO REC. - ITCD - DA - COTA PARTE DO ESTADO PARA O FUNDEB;9;1;1;2;52;0;3;2;0;23;-6352385;-6352385;Receita de Dedução Rec. - ITCD - DA - Cota Parte do Estado para o FUNDEB
2027;9901;RECEITA GERAL DO ESTADO;RGE;9.1.1.4.50.1.1.01.002;DEDUÇÃO REC. - ICMS - PRINC. - COTA PARTE DO ESTADO - CESSÃO DE DIREITOS CREDITÓRIOS - LEI ESTADUAL Nº 19.266/10;9;1;1;4;50;1;1;1;2;10;-493213;-328488;Receita de DEDUCAO REC. - ICMS - PRINC. - COTA PARTE DO ESTADO - CESSAO DE DIREITOS CREDITORIOS - LEI ESTADUAL NO 19.266/10
2027;9901;RECEITA GERAL DO ESTADO;RGE;9.1.1.4.50.1.1.02.000;DEDUÇÃO REC. - ICMS - PRINC. - COTA PARTE DOS MUNICÍPIOS;9;1;1;4;50;1;1;2;0;20;-23747217335;-23077484102;Receita de Dedução Rec. - ICMS - Princ. - Cota Parte dos Municípios
2027;9901;RECEITA GERAL DO ESTADO;RGE;9.1.1.4.50.1.1.03.000;DEDUÇÃO REC. - ICMS - PRINC. - COTA PARTE DO ESTADO PARA O FUNDEB;9;1;1;4;50;1;1;3;0;23;-14248330401;-13846490461;Receita de Dedução Rec. - ICMS - Princ. - Cota Parte do Estado para o FUNDEB
2027;9901;RECEITA GERAL DO ESTADO;RGE;9.1.1.4.50.1.2.01.002;DEDUÇÃO REC. - ICMS - MJM - COTA PARTE DO ESTADO - CESSÃO DE DIREITOS CREDITÓRIOS - LEI ESTADUAL Nº 19.266/10;9;1;1;4;50;1;2;1;2;10;-953233;-638942;Receita de DEDUCAO REC. - ICMS - MJM - COTA PARTE DO ESTADO - CESSAO DE DIREITOS CREDITORIOS - LEI ESTADUAL NO 19.266/10
2027;9901;RECEITA GERAL DO ESTADO;RGE;9.1.1.4.50.1.2.02.000;DEDUÇÃO REC. - ICMS - MJM - COTA PARTE DOS MUNICÍPIOS;9;1;1;4;50;1;2;2;0;20;-255087472;-255087472;Receita de Dedução Rec. - ICMS - MJM - Cota Parte dos Municípios
2027;9901;RECEITA GERAL DO ESTADO;RGE;9.1.1.4.50.1.2.03.000;DEDUÇÃO REC. - ICMS - MJM - COTA PARTE DO ESTADO PARA O FUNDEB;9;1;1;4;50;1;2;3;0;23;-153052483;-153052483;Receita de Dedução Rec. - ICMS - MJM - Cota Parte do Estado para o FUNDEB
2027;9901;RECEITA GERAL DO ESTADO;RGE;9.1.1.4.50.1.3.01.002;DEDUÇÃO REC. - ICMS - DA - COTA PARTE DO ESTADO - CESSÃO DE DIREITOS CREDITÓRIOS - LEI ESTADUAL Nº 19.266/10;9;1;1;4;50;1;3;1;2;10;-7735469;-7869701;Receita de DEDUCAO REC. - ICMS - DA - COTA PARTE DO ESTADO - CESSAO DE DIREITOS CREDITORIOS - LEI ESTADUAL NO 19.266/10
2027;9901;RECEITA GERAL DO ESTADO;RGE;9.1.1.4.50.1.3.02.000;DEDUÇÃO REC. - ICMS - DA - COTA PARTE DOS MUNICÍPIOS;9;1;1;4;50;1;3;2;0;20;-201596219;-201596219;Receita de Dedução Rec. - ICMS - DA - Cota Parte dos Municípios
2027;9901;RECEITA GERAL DO ESTADO;RGE;9.1.1.4.50.1.3.03.000;DEDUÇÃO REC. - ICMS - DA - COTA PARTE DO ESTADO PARA O FUNDEB;9;1;1;4;50;1;3;3;0;23;-120957732;-120957732;Receita de Dedução Rec. - ICMS - DA - Cota Parte do Estado para o FUNDEB
2027;9901;RECEITA GERAL DO ESTADO;RGE;9.1.1.4.50.2.1.02.000;DEDUÇÃO REC. - ADICIONAL ICMS - FEM - PRINC. - COTA PARTE DO FUNDEB;9;1;1;4;50;2;1;2;0;23;;-224000000;Receitas SEF - Previsão de novas receitas na LOA 2027 em relação à LDO 2027
2027;9901;RECEITA GERAL DO ESTADO;RGE;9.1.1.6.50.0.1.02.000;IBS ESTADO - PRINC. - COTA PARTE DOS MUNICÍPIOS;9;1;1;6;50;0;1;2;0;20;;-64413502;Inclui IBS - Previsão de novas receitas na LOA 2027 em relação à LDO 2027
2027;9901;RECEITA GERAL DO ESTADO;RGE;9.1.1.6.50.0.1.03.000;IBS ESTADO - PRINC. - COTA PARTE DO ESTADO PARA O FUNDEB;9;1;1;6;50;0;1;3;0;23;;-38648102;Inclui IBS - Previsão de novas receitas na LOA 2027 em relação à LDO 2027
2027;9901;RECEITA GERAL DO ESTADO;RGE;9.1.1.6.50.0.1.04.000;IBS ESTADO - PRINC. - COTA PARTE DO ESTADO PARA O COMITÊ GESTOR DO IBS;9;1;1;6;50;0;1;4;0;20;;-96620253;Inclui IBS - Previsão de novas receitas na LOA 2027 em relação à LDO 2027
2027;9901;RECEITA GERAL DO ESTADO;RGE;9.7.1.1.50.0.1.02.000;DEDUÇÃO REC. - COTA-PARTE FPE - PRINC. - FUNDEB;9;7;1;1;50;0;1;2;0;23;-2099559983;-2099559983;Receita de Dedução Receita - Cota-Parte FPE - Princ. - FUNDEB
2027;9901;RECEITA GERAL DO ESTADO;RGE;9.7.1.1.53.0.1.02.000;DEDUÇÃO REC. - COTA-PARTE IPI - ESTADOS EXPORT. PROD. INDUST. - PRINC. - MUNICÍPIOS;9;7;1;1;53;0;1;2;0;20;-250000;-330174995;Receita de Dedução Rec. - Cota-Parte IPI - Estados Export. Prod. Indust. - Princ. - Municípios.
2027;9901;RECEITA GERAL DO ESTADO;RGE;9.7.1.1.53.0.1.03.000;DEDUÇÃO REC. - COTA-PARTE IPI - ESTADOS EXPORT. PROD. INDUST. - PRINC. - FUNDEB;9;7;1;1;53;0;1;3;0;23;-150000;-198104997;Receita de Dedução Rec. - Cota-Parte IPI - Estados Export. Prod. Indust. - Princ. - FUNDEB
2027;9901;RECEITA GERAL DO ESTADO;RGE;9.7.1.1.54.0.1.02.000;DEDUÇÃO REC. - COTA-PARTE CIDE - PRINC. - MUNICÍPIOS;9;7;1;1;54;0;1;2;0;51;-29838075;-29360522;Receita de Dedução Receita - Cota-Parte CIDE - Princ. - Municípios
2027;9901;RECEITA GERAL DO ESTADO;RGE;9.9.1.1.01.0.1.03.004;DEDUÇÃO REC. - MULTAS LEGISL. ESPECÍFICA - PRINC. - LEGISL. TRÂNSITO - COTA PARTE DO FUNDO NACIONAL DE SEGURANÇA E EDUCAÇÃO NO TRÂNSITO - FUNSET - ESTADO;9;9;1;1;1;0;1;3;4;82;-11129840;-11702813;RECeita de DEDUÇÃO REC. - MULTAS LEGISL. ESPECÍFICA - PRINC. - LEGISL. TRÂNSITO - COTA PARTE DO FUNDO NACIONAL DE SEGURANÇA E EDUCAÇÃO NO TRÂNSITO - FUNSET - ESTADO
